company,term,n,supplier_mae,unchanged_mae,pooled_mae,improvement_vs_unchanged,improvement_pct_vs_unchanged,improvement_vs_pooled,improvement_pct_vs_pooled,attempted_n,exact_date_pair_n,excluded_n,exclusions,first_date,latest_date,daily_n,unique_levels,median_changes,history_min,history_max,history_unique_levels_min,history_unique_levels_max,history_changes_min,history_changes_max
Aalto energia Oyj,6,0,,,,,,,,19,0,19,"{""no_exact_current"": 19, ""no_exact_target"": 19, ""supplier_history_below_10"": 19}",,,0,0,0,,,,,,
Aalto energia Oyj,12,0,,,,,,,,19,0,19,"{""no_exact_current"": 19, ""no_exact_target"": 19}",2026-04-08,2026-06-02,56,1,0,,,,,,
Aalto energia Oyj,24,0,,,,,,,,19,0,19,"{""no_exact_current"": 19, ""no_exact_target"": 19}",2026-04-08,2026-06-02,56,1,0,,,,,,
Alajärven Sähkö Oy,6,0,,,,,,,,19,0,19,"{""no_exact_current"": 19, ""no_exact_target"": 19, ""supplier_history_below_10"": 19}",,,0,0,0,,,,,,
Alajärven Sähkö Oy,12,19,0.7147337973263845,0.6368421052631577,0.6900601972134106,-0.07789169206322688,-12.2309268529034,-0.024673600112973926,-3.575572133070483,19,19,0,{},2026-04-08,2026-09-13,159,3,2,109,127,2,3,1,2
Alajärven Sähkö Oy,24,19,0.2929003888127124,0.2605263157894733,0.28311381412468295,-0.032374073023239136,-12.426411867505951,-0.009786574688029459,-3.4567633932971793,19,19,0,{},2026-04-08,2026-09-13,159,4,3,109,127,3,4,2,3
Cheap Energy Finland Oy,6,0,,,,,,,,19,0,19,"{""no_exact_current"": 16, ""no_exact_target"": 19}",2026-04-08,2026-08-02,111,6,5,,,,,,
Cheap Energy Finland Oy,12,0,,,,,,,,19,0,19,"{""no_exact_current"": 19, ""no_exact_target"": 10, ""supplier_history_below_10"": 19}",2026-09-03,2026-09-11,9,1,0,,,,,,
Cheap Energy Finland Oy,24,19,0.20027120852166497,0.1831578947368424,0.20373844144279174,-0.01711331378482256,-9.343475917000807,0.0034672329211267727,1.7018059510877068,19,19,0,{},2026-04-08,2026-09-13,159,13,12,109,127,10,12,9,11
Fortum Markets Oy,6,0,,,,,,,,19,0,19,"{""no_exact_current"": 19, ""no_exact_target"": 19, ""supplier_history_below_10"": 19}",,,0,0,0,,,,,,
Fortum Markets Oy,12,0,,,,,,,,19,0,19,"{""no_exact_current"": 19, ""no_exact_target"": 19, ""supplier_history_below_10"": 19}",,,0,0,0,,,,,,
Fortum Markets Oy,24,19,0.038120123418384576,0.0,0.03239330919622066,-0.038120123418384576,,-0.005726814222163916,-17.679003362929237,19,19,0,{},2026-06-04,2026-09-13,100,9,9,51,69,8,9,8,9
Hehku Energia Oy,6,0,,,,,,,,19,0,19,"{""no_exact_current"": 18, ""no_exact_target"": 19}",2026-04-08,2026-07-27,105,6,5,,,,,,
Hehku Energia Oy,12,18,0.8658464718670104,0.8150000000000003,0.8666689407428179,-0.05084647186701008,-6.238830903927615,0.0008224688758075027,0.09490000588951168,19,18,1,"{""no_exact_current"": 1}",2026-04-08,2026-09-13,158,8,7,109,126,4,6,3,5
Hehku Energia Oy,24,18,0.19177988851617458,0.1694444444444441,0.19343796451848239,-0.022335444071730493,-13.181573550529498,0.0016580760023078012,0.857161626175702,19,18,1,"{""no_exact_current"": 1}",2026-04-08,2026-09-13,158,12,12,109,126,10,11,10,11
Helen Oy,6,17,0.9679858445495895,0.9976470588235298,1.0398616150954036,0.029661214273940306,2.973116996798261,0.07187577054581418,6.912051517472335,19,17,2,"{""no_exact_current"": 2}",2026-04-08,2026-09-13,157,23,22,109,125,15,18,14,17
Helen Oy,12,17,0.4750048109474584,0.5041176470588234,0.4661559212819005,0.02911283611136506,5.775008330142428,-0.008848889665557913,-1.8982682106073014,19,17,2,"{""no_exact_current"": 2}",2026-04-08,2026-09-13,157,18,20,109,125,12,15,12,15
Helen Oy,24,17,0.3769077156874445,0.39705882352941113,0.38128119646258407,0.02015110784196661,5.075093826865673,0.004373480775139549,1.1470486390924677,19,17,2,"{""no_exact_current"": 2}",2026-04-08,2026-09-13,157,18,20,109,125,13,15,13,16
Imatran Seudun Sähkö Oy,6,17,0.7673423883989381,0.6894117647058826,0.770696179976056,-0.07793062369305548,-11.303930057866404,0.003353791577117904,0.43516390300806984,19,17,2,"{""no_exact_current"": 1, ""no_exact_target"": 1}",2026-04-08,2026-09-13,157,17,16,109,126,8,11,7,10
Imatran Seudun Sähkö Oy,12,18,0.23135503322423645,0.18333333333333326,0.2389063963486404,-0.048021699890903186,-26.1936544859472,0.007551363124403937,3.1608040805169977,19,18,1,"{""no_exact_target"": 1}",2026-04-08,2026-09-13,158,14,16,109,127,10,11,9,10
Imatran Seudun Sähkö Oy,24,17,0.3942335836124981,0.39176470588235346,0.41055191852977363,-0.0024688777301446474,-0.6301940152020863,0.016318334917275523,3.9747311316222973,19,17,2,"{""no_exact_current"": 1, ""no_exact_target"": 1}",2026-04-08,2026-09-13,157,18,19,109,126,9,11,9,11
Keravan Energia Oy,6,18,0.9516335038120635,0.9583333333333331,0.9757580009273997,0.0066998295212696846,0.6991126456977064,0.024124497115336263,2.4723852730295186,19,18,1,"{""no_exact_current"": 1}",2026-04-08,2026-09-13,158,13,13,109,126,8,10,8,10
Keravan Energia Oy,12,19,0.7727024018404987,0.7331578947368418,0.7852361327103284,-0.03954450710365687,-5.393723151252554,0.012533730869829784,1.5961734754319368,19,19,0,{},2026-04-08,2026-09-13,159,12,12,109,127,7,9,6,9
Keravan Energia Oy,24,17,0.7247718431054112,0.7099999999999996,0.729457935153472,-0.014771843105411575,-2.0805412824523355,0.004686092048060808,0.6424074401322254,19,17,2,"{""no_exact_current"": 2}",2026-04-08,2026-09-13,157,12,11,109,125,6,8,5,7
Koillis-Satakunnan Sähkö Oy,6,0,,,,,,,,19,0,19,"{""no_exact_current"": 19, ""no_exact_target"": 19, ""supplier_history_below_10"": 19}",,,0,0,0,,,,,,
Koillis-Satakunnan Sähkö Oy,12,17,0.5441386586675778,0.5023529411764707,0.5569560571317899,-0.041785717491107155,-8.317999968955755,0.012817398464212038,2.3013302934919184,19,17,2,"{""no_exact_current"": 1, ""no_exact_target"": 1}",2026-04-08,2026-09-13,157,7,6,109,126,4,5,3,4
Koillis-Satakunnan Sähkö Oy,24,16,0.4123139263402179,0.3706250000000001,0.39212762256829437,-0.04168892634021781,-11.248276921475293,-0.02018630377192354,-5.1478913012326295,19,16,3,"{""no_exact_current"": 1, ""no_exact_target"": 2}",2026-04-08,2026-09-13,156,8,7,109,126,5,6,4,5
Kokkolan Energia Oy,6,19,1.4919881241466004,1.4815789473684207,1.5065961298558943,-0.010409176778179763,-0.7025732106053838,0.014608005709293881,0.9696032944602834,19,19,0,{},2026-04-08,2026-09-13,159,10,9,109,127,5,6,4,5
Kokkolan Energia Oy,12,19,0.584146743473941,0.5531578947368423,0.605236132710329,-0.03098884873709873,-5.602170561416514,0.021089389236387923,3.4844894573539085,19,19,0,{},2026-04-08,2026-09-13,159,7,6,109,127,4,5,3,4
Kokkolan Energia Oy,24,19,0.523603173259549,0.5078947368421053,0.5371909515646758,-0.015708436417443683,-3.092852766128808,0.013587778305126808,2.5294131007884055,19,19,0,{},2026-04-08,2026-09-13,159,8,7,109,127,6,6,5,5
Korpelan Energia Oy,6,0,,,,,,,,19,0,19,"{""no_exact_current"": 19, ""no_exact_target"": 19, ""supplier_history_below_10"": 19}",,,0,0,0,,,,,,
Korpelan Energia Oy,12,17,0.9010093463307357,0.8294117647058821,0.8839577869881065,-0.07159758162485363,-8.632332536329875,-0.017051559342629252,-1.9290015421130826,19,17,2,"{""no_exact_current"": 1, ""no_exact_target"": 1}",2026-04-08,2026-09-13,157,6,7,109,126,3,5,4,6
Korpelan Energia Oy,24,0,,,,,,,,19,0,19,"{""no_exact_current"": 19, ""no_exact_target"": 7, ""supplier_history_below_10"": 19}",2026-09-01,2026-09-13,12,2,1,,,,,,
Köyliön-Säkylän Sähkö Oy,6,0,,,,,,,,19,0,19,"{""no_exact_current"": 19, ""no_exact_target"": 19, ""supplier_history_below_10"": 19}",,,0,0,0,,,,,,
Köyliön-Säkylän Sähkö Oy,12,19,0.5515575204951195,0.5157894736842104,0.5690075656344633,-0.03576804681090917,-6.9346213204823925,0.017450045139343784,3.066750987728322,19,19,0,{},2026-04-08,2026-09-13,159,6,5,109,127,4,5,3,4
Köyliön-Säkylän Sähkö Oy,24,19,0.41149414867682205,0.38947368421052625,0.4112662153509908,-0.022020464466295797,-5.6539030386435165,-0.00022793332583126436,-0.05542233164879276,19,19,0,{},2026-04-08,2026-09-13,159,5,4,109,127,3,4,2,3
Lammaisten Energia Oy,6,0,,,,,,,,19,0,19,"{""no_exact_current"": 19, ""no_exact_target"": 19}",2026-04-08,2026-05-04,27,1,0,,,,,,
Lammaisten Energia Oy,12,18,0.6048061242176506,0.4911111111111111,0.5466525807802735,-0.11369501310653946,-23.150568279612106,-0.05815354343737711,-10.638117422654569,19,18,1,"{""no_exact_current"": 1}",2026-04-08,2026-09-13,158,4,4,109,126,2,3,2,3
Lammaisten Energia Oy,24,18,0.30145731755988137,0.27999999999999975,0.31230698897060105,-0.021457317559881617,-7.663327699957726,0.010849671410719686,3.4740405414817714,19,18,1,"{""no_exact_current"": 1}",2026-04-08,2026-09-13,158,4,3,109,126,2,3,1,2
Lumme Energia,6,0,,,,,,,,19,0,19,"{""no_exact_current"": 19, ""no_exact_target"": 19}",2026-04-08,2026-07-02,86,13,12,,,,,,
Lumme Energia,12,0,,,,,,,,19,0,19,"{""no_exact_target"": 19}",2026-04-08,2026-08-17,132,11,13,,,,,,
Lumme Energia,24,0,,,,,,,,19,0,19,"{""no_exact_current"": 1, ""no_exact_target"": 19}",2026-04-08,2026-08-17,131,9,16,,,,,,
Nordic Green Energy,6,0,,,,,,,,19,0,19,"{""no_exact_current"": 19, ""no_exact_target"": 19, ""supplier_history_below_10"": 19}",,,0,0,0,,,,,,
Nordic Green Energy,12,0,,,,,,,,19,0,19,"{""no_exact_current"": 19, ""no_exact_target"": 19, ""supplier_history_below_10"": 19}",,,0,0,0,,,,,,
Nordic Green Energy,24,0,,,,,,,,19,0,19,"{""no_exact_current"": 19, ""no_exact_target"": 19, ""supplier_history_below_10"": 19}",,,0,0,0,,,,,,
Nurmijärven Sähkö Oy,6,0,,,,,,,,19,0,19,"{""no_exact_current"": 19, ""no_exact_target"": 19, ""supplier_history_below_10"": 19}",,,0,0,0,,,,,,
Nurmijärven Sähkö Oy,12,19,0.6053858390377224,0.5473684210526321,0.600586513002885,-0.0580174179850903,-10.599335978045335,-0.004799326034837348,-0.7991065285234424,19,19,0,{},2026-04-08,2026-09-13,159,3,2,109,127,2,3,1,2
Nurmijärven Sähkö Oy,24,19,0.5989998457961484,0.5473684210526321,0.5699559193878417,-0.05163142474351634,-9.432664135834708,-0.029043926408306664,-5.095819767869267,19,19,0,{},2026-04-08,2026-09-13,159,3,2,109,127,2,3,1,2
Omavoima Oy,6,0,,,,,,,,19,0,19,"{""no_exact_current"": 19, ""no_exact_target"": 19, ""supplier_history_below_10"": 19}",,,0,0,0,,,,,,
Omavoima Oy,12,18,0.3720824177942905,0.31666666666666665,0.36763468658117493,-0.05541575112762387,-17.499710882407538,-0.004447731213115591,-1.2098236035552967,19,18,1,"{""no_exact_current"": 1}",2026-04-08,2026-09-13,158,6,5,109,126,3,5,2,4
Omavoima Oy,24,18,0.18668134184400811,0.15000000000000055,0.17767365562670148,-0.036681341844007564,-24.45422789600495,-0.009007686217306632,-5.069792809482174,19,18,1,"{""no_exact_current"": 1}",2026-04-08,2026-09-13,158,5,4,109,126,3,4,2,3
Oomi Oy,6,0,,,,,,,,19,0,19,"{""no_exact_current"": 19, ""no_exact_target"": 19}",2026-04-17,2026-07-02,77,9,8,,,,,,
Oomi Oy,12,19,0.3954873133572966,0.36842105263157915,0.39422702655001096,-0.02706626072571744,-7.34655648269473,-0.0012602868072856266,-0.3196855421899261,19,19,0,{},2026-04-08,2026-09-13,158,13,16,108,126,10,11,12,13
Oomi Oy,24,18,0.18034452480998572,0.18444444444444474,0.19456902169888857,0.0040999196344590205,2.2228479945862123,0.014224496888902843,7.3107716555806155,19,18,1,"{""no_exact_current"": 1}",2026-04-08,2026-09-13,157,11,18,108,125,7,9,13,15
Paneliankosken Voima Oy,6,0,,,,,,,,19,0,19,"{""no_exact_current"": 19, ""no_exact_target"": 19, ""supplier_history_below_10"": 19}",,,0,0,0,,,,,,
Paneliankosken Voima Oy,12,17,0.7723714510242039,0.7058823529411762,0.7585032666586827,-0.06648909808302772,-9.419288895095598,-0.013868184365521175,-1.828361850913648,19,17,2,"{""no_exact_current"": 2}",2026-04-08,2026-09-13,156,6,5,109,125,4,5,3,4
Paneliankosken Voima Oy,24,18,0.6997060441356144,0.6749999999999995,0.6961737532265159,-0.024706044135614946,-3.660154686757773,-0.0035322909090985677,-0.5073863949520742,19,18,1,"{""no_exact_current"": 1}",2026-04-08,2026-09-13,157,7,6,109,126,5,6,4,5
Pohjois-Karjalan Sähkö Oy,6,19,1.757395962862152,1.6634210526315794,1.688438235119053,-0.0939749102305727,-5.649496264454615,-0.06895772774309905,-4.08411313536955,19,19,0,{},2026-04-08,2026-09-13,159,6,5,109,127,4,6,3,5
Pohjois-Karjalan Sähkö Oy,12,19,0.22652135038413404,0.1405263157894735,0.19374440773972645,-0.08599503459466054,-61.19496843814804,-0.032776942644407586,-16.917619985418973,19,19,0,{},2026-04-08,2026-09-13,159,5,4,109,127,4,5,3,4
Pohjois-Karjalan Sähkö Oy,24,19,0.020228991984153236,0.0,0.03239330919622066,-0.020228991984153236,,0.012164317212067424,37.55194363867783,19,19,0,{},2026-04-08,2026-09-13,159,4,3,109,127,4,4,3,3
Porvoon Energia Oy,6,0,,,,,,,,19,0,19,"{""no_exact_current"": 19, ""no_exact_target"": 19}",2026-04-08,2026-06-16,70,4,3,,,,,,
Porvoon Energia Oy,12,19,0.3281210774950769,0.2894736842105267,0.34155192218401337,-0.03864739328455019,-13.35091768011732,0.01343084468893646,3.932299547036513,19,19,0,{},2026-04-08,2026-09-13,159,12,13,109,127,9,10,10,11
Porvoon Energia Oy,24,19,0.21713563534028965,0.19473684210526332,0.2251231996722236,-0.022398793235026332,-11.50208301258108,0.007987564331933955,3.5480858230354504,19,19,0,{},2026-04-08,2026-09-13,159,10,11,109,127,7,7,8,8
Sähkötytöt Oy,6,0,,,,,,,,19,0,19,"{""no_exact_current"": 19, ""no_exact_target"": 19}",2026-04-08,2026-05-19,42,1,0,,,,,,
Sähkötytöt Oy,12,0,,,,,,,,19,0,19,"{""no_exact_current"": 19, ""no_exact_target"": 19}",2026-04-08,2026-06-02,56,1,0,,,,,,
Sähkötytöt Oy,24,0,,,,,,,,19,0,19,"{""no_exact_current"": 19, ""no_exact_target"": 19}",2026-04-08,2026-05-28,51,1,0,,,,,,
Turku Energia Oy,6,18,0.6364356401077544,0.6216666666666673,0.6438524037766542,-0.014768973441087185,-2.375706183552896,0.007416763668899762,1.1519353854074545,19,18,1,"{""no_exact_current"": 1}",2026-04-08,2026-09-13,152,9,8,103,120,5,6,4,5
Turku Energia Oy,12,18,0.37453237501511527,0.3550000000000003,0.3546412973278917,-0.019532375015114956,-5.502077469046461,-0.01989107768722359,-5.608787763042961,19,18,1,"{""no_exact_current"": 1}",2026-04-08,2026-09-13,158,9,8,109,126,5,7,4,6
Turku Energia Oy,24,18,0.158579404593109,0.142777777777778,0.14026357672757556,-0.01580162681533101,-11.067287263655944,-0.018315827865533457,-13.058149729852568,19,18,1,"{""no_exact_current"": 1}",2026-05-13,2026-09-13,122,10,9,74,91,4,6,3,5
Vaasan Sähkö Myynti Oy,6,18,1.3800693993308486,1.3888888888888882,1.4188157039351939,0.008819489558039573,0.6350032481788496,0.03874630460434525,2.730890593956594,19,18,1,"{""no_exact_current"": 1}",2026-04-08,2026-09-13,158,12,11,109,126,9,10,8,9
Vaasan Sähkö Myynti Oy,12,6,0.2636184556187467,0.22000000000000064,0.2628633742372533,-0.043618455618746055,-19.826570735793602,-0.0007550813814933832,-0.2872524115177291,19,6,13,"{""no_exact_current"": 1, ""no_exact_target"": 13}",2026-04-08,2026-09-13,138,13,13,121,126,12,12,12,12
Vaasan Sähkö Myynti Oy,24,18,0.33145288855362826,0.3061111111111105,0.33010463118514877,-0.025341777442517754,-8.278620580132857,-0.0013482573684794885,-0.40843333934423937,19,18,1,"{""no_exact_current"": 1}",2026-04-08,2026-09-13,158,13,13,109,126,11,12,11,12
Vattenfall Oy,6,0,,,,,,,,19,0,19,"{""no_exact_current"": 19, ""no_exact_target"": 13}",2026-04-08,2026-08-31,111,7,6,,,,,,
Vattenfall Oy,12,11,0.4313915718508283,0.4490909090909099,0.4593115857934395,0.017699337240081547,3.941147968439204,0.027920013942611177,6.078665290878881,19,11,8,"{""no_exact_current"": 1, ""no_exact_target"": 7}",2026-04-08,2026-09-13,151,10,11,109,126,6,7,6,7
Vattenfall Oy,24,17,0.25169925793782494,0.25882352941176495,0.2563518109982194,0.007124271473940014,2.7525594331131846,0.004652553060394471,1.8149093787470014,19,17,2,"{""no_exact_current"": 1, ""no_exact_target"": 1}",2026-04-08,2026-09-13,157,13,12,109,126,9,10,8,9
Vihreä Älyenergia Oy,6,0,,,,,,,,19,0,19,"{""no_exact_current"": 19, ""no_exact_target"": 19, ""supplier_history_below_10"": 19}",,,0,0,0,,,,,,
Vihreä Älyenergia Oy,12,19,0.490021081335923,0.4342105263157895,0.4874286182660425,-0.05581055502013349,-12.853339944030743,-0.0025924630698804796,-0.5318651742490614,19,19,0,{},2026-04-08,2026-09-13,159,4,4,109,127,3,4,3,4
Vihreä Älyenergia Oy,24,19,0.48761489939914976,0.4342105263157895,0.45679802465099917,-0.05340437308336027,-12.299188952531455,-0.03081687474815059,-6.746280212506427,19,19,0,{},2026-04-08,2026-09-13,159,3,2,109,127,2,3,1,2
Väre Oy,6,0,,,,,,,,19,0,19,"{""no_exact_current"": 19, ""no_exact_target"": 19}",2026-04-08,2026-04-22,15,3,2,,,,,,
Väre Oy,12,0,,,,,,,,19,0,19,"{""no_exact_current"": 19, ""no_exact_target"": 19}",2026-04-08,2026-04-22,15,3,2,,,,,,
Väre Oy,24,0,,,,,,,,19,0,19,"{""no_exact_current"": 19, ""no_exact_target"": 19}",2026-04-08,2026-04-22,15,3,2,,,,,,
Äänekosken Energia Oy,6,3,1.771683536330847,1.700000000000001,1.7910550733932358,-0.0716835363308459,-4.216678607696815,0.01937153706238881,1.0815712676935472,19,3,16,"{""no_exact_current"": 1, ""no_exact_target"": 16}",2026-04-08,2026-08-28,142,8,7,109,111,6,6,5,5
Äänekosken Energia Oy,12,17,0.2931251283259341,0.2529411764705884,0.3111128141920967,-0.040183951855345734,-15.886678640485513,0.01798768586616256,5.781724521014445,19,17,2,"{""no_exact_current"": 1, ""no_exact_target"": 1}",2026-04-08,2026-09-13,157,7,6,109,126,5,6,4,5
Äänekosken Energia Oy,24,18,0.3043692515254573,0.2777777777777782,0.30057332065621,-0.026591473747679117,-9.572930549164468,-0.003795930869247288,-1.262896806995389,19,18,1,"{""no_exact_current"": 1}",2026-04-08,2026-09-13,158,5,4,109,126,3,5,2,4
