stat_date,segment_key,consumption_kwh,contract_count,median_value,calculation_basis,estimate_method,estimate_basis
2026-07-22,hybrid,2000,42,236.82,"{""canonical_outcome"":40,""observed_relational_components"":2}","{""hybrid_base_only"":37,""none"":2,""recurring_forward_curve_shift"":3}","{""canonical_disclosed_phase_timeline"":37,""exact_date_components_held_flat"":2,""market_reset_forward_curve_shift"":3}"
2026-07-22,hybrid,5000,38,506.0102,"{""canonical_outcome"":36,""observed_relational_components"":2}","{""hybrid_base_only"":33,""none"":2,""recurring_forward_curve_shift"":3}","{""canonical_disclosed_phase_timeline"":33,""exact_date_components_held_flat"":2,""market_reset_forward_curve_shift"":3}"
2026-07-22,hybrid,18000,38,1678.42,"{""canonical_outcome"":36,""observed_relational_components"":2}","{""hybrid_base_only"":33,""none"":2,""recurring_forward_curve_shift"":3}","{""canonical_disclosed_phase_timeline"":33,""exact_date_components_held_flat"":2,""market_reset_forward_curve_shift"":3}"
2026-07-22,open_ended,2000,63,288.1814,"{""canonical_outcome"":58,""observed_relational_components"":5}","{""forward_curve_spot"":1,""hold_current_supplier_price"":36,""none"":13,""recurring_forward_curve_shift"":13}","{""canonical_disclosed_phase_timeline"":8,""forward_curve"":1,""market_reset_forward_curve_shift"":13,""relational_open_ended_conservative_hold_flat"":5,""supplier_adjusted_hold_flat"":36}"
2026-07-22,open_ended,5000,61,638.3735,"{""canonical_outcome"":58,""observed_relational_components"":3}","{""forward_curve_spot"":1,""hold_current_supplier_price"":35,""none"":10,""recurring_forward_curve_shift"":15}","{""canonical_disclosed_phase_timeline"":7,""forward_curve"":1,""market_reset_forward_curve_shift"":15,""relational_open_ended_conservative_hold_flat"":3,""supplier_adjusted_hold_flat"":35}"
2026-07-22,open_ended,18000,61,2155.8725,"{""canonical_outcome"":58,""observed_relational_components"":3}","{""forward_curve_spot"":1,""hold_current_supplier_price"":35,""none"":10,""recurring_forward_curve_shift"":15}","{""canonical_disclosed_phase_timeline"":7,""forward_curve"":1,""market_reset_forward_curve_shift"":15,""relational_open_ended_conservative_hold_flat"":3,""supplier_adjusted_hold_flat"":35}"
2026-07-22,quarterly,2000,13,268.0082,"{""canonical_outcome"":13}","{""recurring_forward_curve_shift"":13}","{""market_reset_forward_curve_shift"":13}"
2026-07-22,quarterly,5000,13,581.8204,"{""canonical_outcome"":13}","{""recurring_forward_curve_shift"":13}","{""market_reset_forward_curve_shift"":13}"
2026-07-22,quarterly,18000,13,1941.6735,"{""canonical_outcome"":13}","{""recurring_forward_curve_shift"":13}","{""market_reset_forward_curve_shift"":13}"
2026-07-23,hybrid,2000,45,236.24,"{""canonical_outcome"":6,""observed_relational_components"":39}","{""hybrid_base_only"":5,""none"":40}","{""canonical_disclosed_phase_timeline"":6,""exact_date_components_held_flat"":39}"
2026-07-23,hybrid,5000,41,509.24,"{""canonical_outcome"":6,""observed_relational_components"":35}","{""hybrid_base_only"":5,""none"":36}","{""canonical_disclosed_phase_timeline"":6,""exact_date_components_held_flat"":35}"
2026-07-23,hybrid,18000,41,1692.24,"{""canonical_outcome"":6,""observed_relational_components"":35}","{""hybrid_base_only"":5,""none"":36}","{""canonical_disclosed_phase_timeline"":6,""exact_date_components_held_flat"":35}"
2026-07-23,open_ended,2000,63,285.2,"{""canonical_outcome"":8,""observed_relational_components"":55}","{""forward_curve_spot"":1,""hold_current_supplier_price"":1,""none"":58,""recurring_forward_curve_shift"":3}","{""canonical_disclosed_phase_timeline"":3,""forward_curve"":1,""market_reset_forward_curve_shift"":3,""relational_open_ended_conservative_hold_flat"":55,""supplier_adjusted_hold_flat"":1}"
2026-07-23,open_ended,5000,62,625.3125,"{""canonical_outcome"":8,""observed_relational_components"":54}","{""forward_curve_spot"":1,""hold_current_supplier_price"":1,""none"":57,""recurring_forward_curve_shift"":3}","{""canonical_disclosed_phase_timeline"":3,""forward_curve"":1,""market_reset_forward_curve_shift"":3,""relational_open_ended_conservative_hold_flat"":54,""supplier_adjusted_hold_flat"":1}"
2026-07-23,open_ended,18000,62,2030.515,"{""canonical_outcome"":8,""observed_relational_components"":54}","{""forward_curve_spot"":1,""hold_current_supplier_price"":1,""none"":57,""recurring_forward_curve_shift"":3}","{""canonical_disclosed_phase_timeline"":3,""forward_curve"":1,""market_reset_forward_curve_shift"":3,""relational_open_ended_conservative_hold_flat"":54,""supplier_adjusted_hold_flat"":1}"
2026-07-23,quarterly,2000,12,250.5285,"{""canonical_outcome"":4,""observed_relational_components"":8}","{""none"":8,""recurring_forward_curve_shift"":4}","{""market_reset_forward_curve_shift"":4,""relational_open_ended_conservative_hold_flat"":8}"
2026-07-23,quarterly,5000,12,533.1337,"{""canonical_outcome"":4,""observed_relational_components"":8}","{""none"":8,""recurring_forward_curve_shift"":4}","{""market_reset_forward_curve_shift"":4,""relational_open_ended_conservative_hold_flat"":8}"
2026-07-23,quarterly,18000,12,1757.7563,"{""canonical_outcome"":4,""observed_relational_components"":8}","{""none"":8,""recurring_forward_curve_shift"":4}","{""market_reset_forward_curve_shift"":4,""relational_open_ended_conservative_hold_flat"":8}"
2026-07-24,hybrid,2000,43,237.5243,"{""canonical_outcome"":43}","{""hybrid_base_only"":41,""recurring_forward_curve_shift"":2}","{""canonical_disclosed_phase_timeline"":41,""market_reset_forward_curve_shift"":2}"
2026-07-24,hybrid,5000,39,510.5,"{""canonical_outcome"":39}","{""hybrid_base_only"":37,""recurring_forward_curve_shift"":2}","{""canonical_disclosed_phase_timeline"":37,""market_reset_forward_curve_shift"":2}"
2026-07-24,hybrid,18000,39,1713,"{""canonical_outcome"":39}","{""hybrid_base_only"":37,""recurring_forward_curve_shift"":2}","{""canonical_disclosed_phase_timeline"":37,""market_reset_forward_curve_shift"":2}"
2026-07-24,open_ended,2000,57,294.1798,"{""canonical_outcome"":57}","{""hold_current_supplier_price"":39,""hold_last_known_price"":1,""none"":7,""recurring_forward_curve_shift"":10}","{""canonical_disclosed_phase_timeline"":8,""market_reset_forward_curve_shift"":10,""supplier_adjusted_hold_flat"":39}"
2026-07-24,open_ended,5000,58,653.3694,"{""canonical_outcome"":58}","{""hold_current_supplier_price"":38,""hold_last_known_price"":1,""none"":7,""recurring_forward_curve_shift"":12}","{""canonical_disclosed_phase_timeline"":8,""market_reset_forward_curve_shift"":12,""supplier_adjusted_hold_flat"":38}"
2026-07-24,open_ended,18000,58,2209.8578,"{""canonical_outcome"":58}","{""hold_current_supplier_price"":38,""hold_last_known_price"":1,""none"":7,""recurring_forward_curve_shift"":12}","{""canonical_disclosed_phase_timeline"":8,""market_reset_forward_curve_shift"":12,""supplier_adjusted_hold_flat"":38}"
2026-07-24,quarterly,2000,13,276.9243,"{""canonical_outcome"":13}","{""recurring_forward_curve_shift"":13}","{""market_reset_forward_curve_shift"":13}"
2026-07-24,quarterly,5000,13,604.1108,"{""canonical_outcome"":13}","{""recurring_forward_curve_shift"":13}","{""market_reset_forward_curve_shift"":13}"
2026-07-24,quarterly,18000,13,2021.9188,"{""canonical_outcome"":13}","{""recurring_forward_curve_shift"":13}","{""market_reset_forward_curve_shift"":13}"
