date,exit,seconds,peak_bytes,adapter_sha256_start,adapter_sha256_end,started_utc,ended_utc
2026-01-21,0,5.1441850662231445,73940992,,,,
2026-01-22,0,5.120483160018921,73924608,,,,
2026-01-23,0,5.244393825531006,73940992,,,,
2026-01-24,0,5.40296196937561,73957376,,,,
2026-01-25,0,5.598523139953613,73957376,,,,
2026-01-26,0,5.648734092712402,73957376,,,,
2026-01-27,0,5.726435899734497,73973760,,,,
2026-01-28,0,5.7589170932769775,73957376,,,,
2026-01-29,0,5.936067819595337,73940992,,,,
2026-01-30,0,6.020946979522705,76103680,,,,
2026-01-31,0,6.358745098114014,76120064,,,,
2026-02-01,0,4.092087984085083,76120064,,,,
2026-02-02,0,6.314573049545288,78217216,,,,
2026-02-03,0,6.463129043579102,76103680,,,,
2026-02-04,0,6.238492012023926,76021760,,,,
2026-02-05,0,6.349797010421753,76021760,,,,
2026-02-06,0,6.426580190658569,78118912,,,,
2026-02-07,0,6.54744291305542,78118912,,,,
2026-02-08,0,6.631284952163696,78118912,,,,
2026-02-09,0,7.80743408203125,78118912,,,,
2026-02-10,0,8.933547973632812,78118912,,,,
2026-02-11,0,9.463191986083984,78118912,,,,
2026-02-13,0,9.480277061462402,80216064,,,,
2026-02-14,0,9.491985082626343,80216064,,,,
2026-02-15,0,9.515359878540039,80216064,,,,
2026-02-16,0,9.72443699836731,80216064,,,,
2026-02-17,0,9.825762033462524,82362368,,,,
2026-02-18,0,9.853047847747803,82378752,,,,
2026-02-19,0,9.760498046875,82313216,5df3eea8747cd654b74d312cc05272627acfd4b42e9e7b3ad083c8711d9b3c10,5df3eea8747cd654b74d312cc05272627acfd4b42e9e7b3ad083c8711d9b3c10,2026-09-21T08:39:03+00:00,2026-09-21T08:39:13+00:00
2026-02-20,0,9.860785961151123,82313216,5df3eea8747cd654b74d312cc05272627acfd4b42e9e7b3ad083c8711d9b3c10,5df3eea8747cd654b74d312cc05272627acfd4b42e9e7b3ad083c8711d9b3c10,2026-09-21T08:39:13+00:00,2026-09-21T08:39:23+00:00
2026-02-21,0,10.160938024520874,82313216,5df3eea8747cd654b74d312cc05272627acfd4b42e9e7b3ad083c8711d9b3c10,5df3eea8747cd654b74d312cc05272627acfd4b42e9e7b3ad083c8711d9b3c10,2026-09-21T08:39:23+00:00,2026-09-21T08:39:33+00:00
2026-02-22,0,10.224398136138916,84410368,5df3eea8747cd654b74d312cc05272627acfd4b42e9e7b3ad083c8711d9b3c10,5df3eea8747cd654b74d312cc05272627acfd4b42e9e7b3ad083c8711d9b3c10,2026-09-21T08:39:33+00:00,2026-09-21T08:39:44+00:00
2026-02-23,0,10.339375019073486,84410368,5df3eea8747cd654b74d312cc05272627acfd4b42e9e7b3ad083c8711d9b3c10,5df3eea8747cd654b74d312cc05272627acfd4b42e9e7b3ad083c8711d9b3c10,2026-09-21T08:39:44+00:00,2026-09-21T08:39:54+00:00
2026-02-24,0,10.871248006820679,84410368,5df3eea8747cd654b74d312cc05272627acfd4b42e9e7b3ad083c8711d9b3c10,5df3eea8747cd654b74d312cc05272627acfd4b42e9e7b3ad083c8711d9b3c10,2026-09-21T08:39:54+00:00,2026-09-21T08:40:05+00:00
2026-02-25,0,10.287101984024048,84410368,07027acce167015e70137b5e19334936b3871aa06524143e64dac360edc9cdc1,07027acce167015e70137b5e19334936b3871aa06524143e64dac360edc9cdc1,2026-09-21T08:46:27+00:00,2026-09-21T08:46:37+00:00
2026-02-26,0,11.060974836349487,86507520,07027acce167015e70137b5e19334936b3871aa06524143e64dac360edc9cdc1,07027acce167015e70137b5e19334936b3871aa06524143e64dac360edc9cdc1,2026-09-21T08:40:18+00:00,2026-09-21T08:40:29+00:00
2026-02-27,0,10.758872985839844,86507520,07027acce167015e70137b5e19334936b3871aa06524143e64dac360edc9cdc1,07027acce167015e70137b5e19334936b3871aa06524143e64dac360edc9cdc1,2026-09-21T08:40:29+00:00,2026-09-21T08:40:40+00:00
2026-02-28,0,10.936531066894531,86523904,07027acce167015e70137b5e19334936b3871aa06524143e64dac360edc9cdc1,07027acce167015e70137b5e19334936b3871aa06524143e64dac360edc9cdc1,2026-09-21T08:40:40+00:00,2026-09-21T08:40:51+00:00
2026-03-01,0,8.343739986419678,86622208,07027acce167015e70137b5e19334936b3871aa06524143e64dac360edc9cdc1,07027acce167015e70137b5e19334936b3871aa06524143e64dac360edc9cdc1,2026-09-21T08:40:51+00:00,2026-09-21T08:40:59+00:00
2026-03-02,0,11.287106990814209,86622208,07027acce167015e70137b5e19334936b3871aa06524143e64dac360edc9cdc1,07027acce167015e70137b5e19334936b3871aa06524143e64dac360edc9cdc1,2026-09-21T08:40:59+00:00,2026-09-21T08:41:11+00:00
2026-03-03,0,11.722595930099487,86573056,07027acce167015e70137b5e19334936b3871aa06524143e64dac360edc9cdc1,07027acce167015e70137b5e19334936b3871aa06524143e64dac360edc9cdc1,2026-09-21T08:41:11+00:00,2026-09-21T08:41:23+00:00
2026-03-04,0,11.19360613822937,86589440,07027acce167015e70137b5e19334936b3871aa06524143e64dac360edc9cdc1,07027acce167015e70137b5e19334936b3871aa06524143e64dac360edc9cdc1,2026-09-21T08:41:23+00:00,2026-09-21T08:41:34+00:00
2026-03-05,0,11.347422122955322,88702976,07027acce167015e70137b5e19334936b3871aa06524143e64dac360edc9cdc1,07027acce167015e70137b5e19334936b3871aa06524143e64dac360edc9cdc1,2026-09-21T08:41:34+00:00,2026-09-21T08:41:46+00:00
2026-03-06,0,11.500794887542725,88702976,07027acce167015e70137b5e19334936b3871aa06524143e64dac360edc9cdc1,07027acce167015e70137b5e19334936b3871aa06524143e64dac360edc9cdc1,2026-09-21T08:41:46+00:00,2026-09-21T08:41:57+00:00
2026-03-07,0,11.64817500114441,88702976,07027acce167015e70137b5e19334936b3871aa06524143e64dac360edc9cdc1,07027acce167015e70137b5e19334936b3871aa06524143e64dac360edc9cdc1,2026-09-21T08:41:57+00:00,2026-09-21T08:42:09+00:00
2026-03-08,0,11.744781970977783,88702976,07027acce167015e70137b5e19334936b3871aa06524143e64dac360edc9cdc1,07027acce167015e70137b5e19334936b3871aa06524143e64dac360edc9cdc1,2026-09-21T08:42:09+00:00,2026-09-21T08:42:21+00:00
2026-03-09,0,11.87094497680664,88702976,07027acce167015e70137b5e19334936b3871aa06524143e64dac360edc9cdc1,07027acce167015e70137b5e19334936b3871aa06524143e64dac360edc9cdc1,2026-09-21T08:42:21+00:00,2026-09-21T08:42:33+00:00
2026-03-10,0,11.966825008392334,90800128,07027acce167015e70137b5e19334936b3871aa06524143e64dac360edc9cdc1,07027acce167015e70137b5e19334936b3871aa06524143e64dac360edc9cdc1,2026-09-21T08:42:33+00:00,2026-09-21T08:42:45+00:00
2026-03-11,0,12.105412006378174,90800128,07027acce167015e70137b5e19334936b3871aa06524143e64dac360edc9cdc1,07027acce167015e70137b5e19334936b3871aa06524143e64dac360edc9cdc1,2026-09-21T08:42:45+00:00,2026-09-21T08:42:57+00:00
2026-03-12,0,11.862831115722656,88719360,07027acce167015e70137b5e19334936b3871aa06524143e64dac360edc9cdc1,07027acce167015e70137b5e19334936b3871aa06524143e64dac360edc9cdc1,2026-09-21T08:42:58+00:00,2026-09-21T08:43:09+00:00
2026-03-13,0,11.938409090042114,88719360,07027acce167015e70137b5e19334936b3871aa06524143e64dac360edc9cdc1,07027acce167015e70137b5e19334936b3871aa06524143e64dac360edc9cdc1,2026-09-21T08:43:10+00:00,2026-09-21T08:43:22+00:00
2026-03-14,0,12.29314112663269,90832896,07027acce167015e70137b5e19334936b3871aa06524143e64dac360edc9cdc1,07027acce167015e70137b5e19334936b3871aa06524143e64dac360edc9cdc1,2026-09-21T08:43:22+00:00,2026-09-21T08:43:34+00:00
2026-03-15,0,12.334007978439331,90832896,07027acce167015e70137b5e19334936b3871aa06524143e64dac360edc9cdc1,07027acce167015e70137b5e19334936b3871aa06524143e64dac360edc9cdc1,2026-09-21T08:43:34+00:00,2026-09-21T08:43:47+00:00
2026-03-16,0,12.412300825119019,90832896,07027acce167015e70137b5e19334936b3871aa06524143e64dac360edc9cdc1,07027acce167015e70137b5e19334936b3871aa06524143e64dac360edc9cdc1,2026-09-21T08:43:47+00:00,2026-09-21T08:43:59+00:00
2026-03-17,0,12.669327020645142,90832896,07027acce167015e70137b5e19334936b3871aa06524143e64dac360edc9cdc1,07027acce167015e70137b5e19334936b3871aa06524143e64dac360edc9cdc1,2026-09-21T08:43:59+00:00,2026-09-21T08:44:12+00:00
2026-03-18,0,12.842793941497803,90849280,07027acce167015e70137b5e19334936b3871aa06524143e64dac360edc9cdc1,07027acce167015e70137b5e19334936b3871aa06524143e64dac360edc9cdc1,2026-09-21T08:44:12+00:00,2026-09-21T08:44:25+00:00
2026-03-19,0,12.867543935775757,92930048,07027acce167015e70137b5e19334936b3871aa06524143e64dac360edc9cdc1,07027acce167015e70137b5e19334936b3871aa06524143e64dac360edc9cdc1,2026-09-21T08:44:25+00:00,2026-09-21T08:44:38+00:00
2026-03-20,0,12.959539890289307,92897280,07027acce167015e70137b5e19334936b3871aa06524143e64dac360edc9cdc1,07027acce167015e70137b5e19334936b3871aa06524143e64dac360edc9cdc1,2026-09-21T08:44:38+00:00,2026-09-21T08:44:51+00:00
2026-03-21,0,13.092341899871826,92897280,07027acce167015e70137b5e19334936b3871aa06524143e64dac360edc9cdc1,07027acce167015e70137b5e19334936b3871aa06524143e64dac360edc9cdc1,2026-09-21T08:44:51+00:00,2026-09-21T08:45:05+00:00
2026-03-22,0,13.251811027526855,94994432,07027acce167015e70137b5e19334936b3871aa06524143e64dac360edc9cdc1,07027acce167015e70137b5e19334936b3871aa06524143e64dac360edc9cdc1,2026-09-21T08:45:05+00:00,2026-09-21T08:45:18+00:00
2026-03-23,0,13.777616024017334,95010816,07027acce167015e70137b5e19334936b3871aa06524143e64dac360edc9cdc1,07027acce167015e70137b5e19334936b3871aa06524143e64dac360edc9cdc1,2026-09-21T08:45:18+00:00,2026-09-21T08:45:32+00:00
2026-03-24,0,13.628698110580444,95043584,07027acce167015e70137b5e19334936b3871aa06524143e64dac360edc9cdc1,07027acce167015e70137b5e19334936b3871aa06524143e64dac360edc9cdc1,2026-09-21T08:45:32+00:00,2026-09-21T08:45:46+00:00
2026-03-25,0,14.601633071899414,95059968,07027acce167015e70137b5e19334936b3871aa06524143e64dac360edc9cdc1,07027acce167015e70137b5e19334936b3871aa06524143e64dac360edc9cdc1,2026-09-21T08:45:46+00:00,2026-09-21T08:46:00+00:00
2026-03-26,0,14.032225131988525,97140736,07027acce167015e70137b5e19334936b3871aa06524143e64dac360edc9cdc1,07027acce167015e70137b5e19334936b3871aa06524143e64dac360edc9cdc1,2026-09-21T08:46:01+00:00,2026-09-21T08:46:15+00:00
2026-03-27,0,15.158266067504883,97173504,07027acce167015e70137b5e19334936b3871aa06524143e64dac360edc9cdc1,07027acce167015e70137b5e19334936b3871aa06524143e64dac360edc9cdc1,2026-09-21T08:46:15+00:00,2026-09-21T08:46:30+00:00
2026-03-28,0,14.182268857955933,97157120,07027acce167015e70137b5e19334936b3871aa06524143e64dac360edc9cdc1,07027acce167015e70137b5e19334936b3871aa06524143e64dac360edc9cdc1,2026-09-21T08:46:30+00:00,2026-09-21T08:46:44+00:00
2026-03-29,0,14.436868906021118,97157120,07027acce167015e70137b5e19334936b3871aa06524143e64dac360edc9cdc1,07027acce167015e70137b5e19334936b3871aa06524143e64dac360edc9cdc1,2026-09-21T08:46:44+00:00,2026-09-21T08:46:59+00:00
2026-03-30,0,14.4461510181427,99254272,07027acce167015e70137b5e19334936b3871aa06524143e64dac360edc9cdc1,07027acce167015e70137b5e19334936b3871aa06524143e64dac360edc9cdc1,2026-09-21T08:46:59+00:00,2026-09-21T08:47:14+00:00
2026-03-31,0,15.109567880630493,99237888,07027acce167015e70137b5e19334936b3871aa06524143e64dac360edc9cdc1,07027acce167015e70137b5e19334936b3871aa06524143e64dac360edc9cdc1,2026-09-21T08:47:14+00:00,2026-09-21T08:47:29+00:00
2026-04-01,0,11.825932025909424,99237888,07027acce167015e70137b5e19334936b3871aa06524143e64dac360edc9cdc1,07027acce167015e70137b5e19334936b3871aa06524143e64dac360edc9cdc1,2026-09-21T08:47:29+00:00,2026-09-21T08:47:41+00:00
2026-04-02,0,14.583824872970581,99254272,07027acce167015e70137b5e19334936b3871aa06524143e64dac360edc9cdc1,07027acce167015e70137b5e19334936b3871aa06524143e64dac360edc9cdc1,2026-09-21T08:47:41+00:00,2026-09-21T08:47:56+00:00
2026-04-03,0,14.864957809448242,99123200,07027acce167015e70137b5e19334936b3871aa06524143e64dac360edc9cdc1,07027acce167015e70137b5e19334936b3871aa06524143e64dac360edc9cdc1,2026-09-21T08:47:56+00:00,2026-09-21T08:48:11+00:00
2026-04-04,0,14.830659866333008,99106816,07027acce167015e70137b5e19334936b3871aa06524143e64dac360edc9cdc1,07027acce167015e70137b5e19334936b3871aa06524143e64dac360edc9cdc1,2026-09-21T08:48:11+00:00,2026-09-21T08:48:26+00:00
2026-04-05,0,15.251971006393433,101203968,07027acce167015e70137b5e19334936b3871aa06524143e64dac360edc9cdc1,07027acce167015e70137b5e19334936b3871aa06524143e64dac360edc9cdc1,2026-09-21T08:48:26+00:00,2026-09-21T08:48:41+00:00
2026-04-06,0,15.747733116149902,101203968,07027acce167015e70137b5e19334936b3871aa06524143e64dac360edc9cdc1,07027acce167015e70137b5e19334936b3871aa06524143e64dac360edc9cdc1,2026-09-21T08:48:41+00:00,2026-09-21T08:48:57+00:00
2026-04-07,0,13.765551090240479,101203968,07027acce167015e70137b5e19334936b3871aa06524143e64dac360edc9cdc1,07027acce167015e70137b5e19334936b3871aa06524143e64dac360edc9cdc1,2026-09-21T08:48:57+00:00,2026-09-21T08:49:11+00:00
2026-04-08,0,14.639147996902466,101203968,07027acce167015e70137b5e19334936b3871aa06524143e64dac360edc9cdc1,07027acce167015e70137b5e19334936b3871aa06524143e64dac360edc9cdc1,2026-09-21T08:49:11+00:00,2026-09-21T08:49:26+00:00
2026-04-09,0,14.852126121520996,103284736,07027acce167015e70137b5e19334936b3871aa06524143e64dac360edc9cdc1,07027acce167015e70137b5e19334936b3871aa06524143e64dac360edc9cdc1,2026-09-21T08:49:26+00:00,2026-09-21T08:49:41+00:00
2026-04-10,0,13.95846700668335,103284736,07027acce167015e70137b5e19334936b3871aa06524143e64dac360edc9cdc1,07027acce167015e70137b5e19334936b3871aa06524143e64dac360edc9cdc1,2026-09-21T08:49:41+00:00,2026-09-21T08:49:55+00:00
2026-04-11,0,13.883978843688965,103284736,07027acce167015e70137b5e19334936b3871aa06524143e64dac360edc9cdc1,07027acce167015e70137b5e19334936b3871aa06524143e64dac360edc9cdc1,2026-09-21T08:49:55+00:00,2026-09-21T08:50:09+00:00
2026-04-12,0,14.635724067687988,105381888,07027acce167015e70137b5e19334936b3871aa06524143e64dac360edc9cdc1,07027acce167015e70137b5e19334936b3871aa06524143e64dac360edc9cdc1,2026-09-21T08:50:09+00:00,2026-09-21T08:50:24+00:00
2026-04-13,0,15.383670806884766,105381888,07027acce167015e70137b5e19334936b3871aa06524143e64dac360edc9cdc1,07027acce167015e70137b5e19334936b3871aa06524143e64dac360edc9cdc1,2026-09-21T08:50:24+00:00,2026-09-21T08:50:39+00:00
2026-04-14,0,15.673341989517212,105381888,07027acce167015e70137b5e19334936b3871aa06524143e64dac360edc9cdc1,07027acce167015e70137b5e19334936b3871aa06524143e64dac360edc9cdc1,2026-09-21T08:50:39+00:00,2026-09-21T08:50:55+00:00
2026-04-15,0,17.78247594833374,105381888,07027acce167015e70137b5e19334936b3871aa06524143e64dac360edc9cdc1,07027acce167015e70137b5e19334936b3871aa06524143e64dac360edc9cdc1,2026-09-21T08:50:55+00:00,2026-09-21T08:51:13+00:00
2026-04-16,0,17.97985005378723,105381888,07027acce167015e70137b5e19334936b3871aa06524143e64dac360edc9cdc1,07027acce167015e70137b5e19334936b3871aa06524143e64dac360edc9cdc1,2026-09-21T08:51:13+00:00,2026-09-21T08:51:31+00:00
2026-04-17,0,16.246302127838135,105381888,07027acce167015e70137b5e19334936b3871aa06524143e64dac360edc9cdc1,07027acce167015e70137b5e19334936b3871aa06524143e64dac360edc9cdc1,2026-09-21T08:51:31+00:00,2026-09-21T08:51:48+00:00
2026-04-18,0,16.6056010723114,105381888,07027acce167015e70137b5e19334936b3871aa06524143e64dac360edc9cdc1,07027acce167015e70137b5e19334936b3871aa06524143e64dac360edc9cdc1,2026-09-21T08:51:48+00:00,2026-09-21T08:52:05+00:00
2026-04-19,0,16.408833026885986,107479040,07027acce167015e70137b5e19334936b3871aa06524143e64dac360edc9cdc1,07027acce167015e70137b5e19334936b3871aa06524143e64dac360edc9cdc1,2026-09-21T08:52:05+00:00,2026-09-21T08:52:21+00:00
2026-04-20,0,16.651177883148193,107479040,07027acce167015e70137b5e19334936b3871aa06524143e64dac360edc9cdc1,07027acce167015e70137b5e19334936b3871aa06524143e64dac360edc9cdc1,2026-09-21T08:52:21+00:00,2026-09-21T08:52:38+00:00
2026-04-21,0,18.62357211112976,107479040,07027acce167015e70137b5e19334936b3871aa06524143e64dac360edc9cdc1,07027acce167015e70137b5e19334936b3871aa06524143e64dac360edc9cdc1,2026-09-21T08:52:38+00:00,2026-09-21T08:52:57+00:00
2026-04-22,0,16.943691968917847,107479040,07027acce167015e70137b5e19334936b3871aa06524143e64dac360edc9cdc1,07027acce167015e70137b5e19334936b3871aa06524143e64dac360edc9cdc1,2026-09-21T08:52:57+00:00,2026-09-21T08:53:14+00:00
2026-04-23,0,15.852731943130493,105381888,07027acce167015e70137b5e19334936b3871aa06524143e64dac360edc9cdc1,07027acce167015e70137b5e19334936b3871aa06524143e64dac360edc9cdc1,2026-09-21T08:53:14+00:00,2026-09-21T08:53:30+00:00
2026-04-24,0,15.893642902374268,105381888,07027acce167015e70137b5e19334936b3871aa06524143e64dac360edc9cdc1,07027acce167015e70137b5e19334936b3871aa06524143e64dac360edc9cdc1,2026-09-21T08:53:30+00:00,2026-09-21T08:53:46+00:00
2026-04-25,0,16.007097959518433,105381888,07027acce167015e70137b5e19334936b3871aa06524143e64dac360edc9cdc1,07027acce167015e70137b5e19334936b3871aa06524143e64dac360edc9cdc1,2026-09-21T08:53:46+00:00,2026-09-21T08:54:02+00:00
2026-04-26,0,16.056472063064575,105381888,07027acce167015e70137b5e19334936b3871aa06524143e64dac360edc9cdc1,07027acce167015e70137b5e19334936b3871aa06524143e64dac360edc9cdc1,2026-09-21T08:54:02+00:00,2026-09-21T08:54:18+00:00
2026-04-27,0,16.175847053527832,105381888,07027acce167015e70137b5e19334936b3871aa06524143e64dac360edc9cdc1,07027acce167015e70137b5e19334936b3871aa06524143e64dac360edc9cdc1,2026-09-21T08:54:18+00:00,2026-09-21T08:54:35+00:00
2026-04-28,0,16.47975492477417,105381888,07027acce167015e70137b5e19334936b3871aa06524143e64dac360edc9cdc1,07027acce167015e70137b5e19334936b3871aa06524143e64dac360edc9cdc1,2026-09-21T08:54:35+00:00,2026-09-21T08:54:51+00:00
2026-04-29,0,16.484853982925415,107479040,07027acce167015e70137b5e19334936b3871aa06524143e64dac360edc9cdc1,07027acce167015e70137b5e19334936b3871aa06524143e64dac360edc9cdc1,2026-09-21T08:54:51+00:00,2026-09-21T08:55:08+00:00
2026-04-30,0,16.729456901550293,107479040,07027acce167015e70137b5e19334936b3871aa06524143e64dac360edc9cdc1,07027acce167015e70137b5e19334936b3871aa06524143e64dac360edc9cdc1,2026-09-21T08:55:08+00:00,2026-09-21T08:55:25+00:00
2026-05-01,0,13.345568180084229,103481344,07027acce167015e70137b5e19334936b3871aa06524143e64dac360edc9cdc1,07027acce167015e70137b5e19334936b3871aa06524143e64dac360edc9cdc1,2026-09-21T08:46:38+00:00,2026-09-21T08:46:51+00:00
2026-05-02,0,17.75963306427002,103481344,,,,
2026-05-03,0,17.361098051071167,103481344,,,,
2026-05-04,0,17.27376699447632,105578496,,,,
2026-05-05,0,17.06103801727295,105496576,,,,
2026-05-06,0,17.020431995391846,105512960,5df3eea8747cd654b74d312cc05272627acfd4b42e9e7b3ad083c8711d9b3c10,5df3eea8747cd654b74d312cc05272627acfd4b42e9e7b3ad083c8711d9b3c10,2026-09-21T08:39:06+00:00,2026-09-21T08:39:23+00:00
2026-05-07,0,17.242302894592285,105496576,5df3eea8747cd654b74d312cc05272627acfd4b42e9e7b3ad083c8711d9b3c10,5df3eea8747cd654b74d312cc05272627acfd4b42e9e7b3ad083c8711d9b3c10,2026-09-21T08:39:23+00:00,2026-09-21T08:39:40+00:00
2026-05-08,0,16.985529899597168,105562112,5df3eea8747cd654b74d312cc05272627acfd4b42e9e7b3ad083c8711d9b3c10,5df3eea8747cd654b74d312cc05272627acfd4b42e9e7b3ad083c8711d9b3c10,2026-09-21T08:39:40+00:00,2026-09-21T08:39:57+00:00
2026-05-09,0,16.63872194290161,105644032,07027acce167015e70137b5e19334936b3871aa06524143e64dac360edc9cdc1,07027acce167015e70137b5e19334936b3871aa06524143e64dac360edc9cdc1,2026-09-21T08:46:51+00:00,2026-09-21T08:47:08+00:00
2026-05-10,0,16.989293098449707,107741184,07027acce167015e70137b5e19334936b3871aa06524143e64dac360edc9cdc1,07027acce167015e70137b5e19334936b3871aa06524143e64dac360edc9cdc1,2026-09-21T08:47:08+00:00,2026-09-21T08:47:25+00:00
2026-05-11,0,17.255162954330444,107724800,07027acce167015e70137b5e19334936b3871aa06524143e64dac360edc9cdc1,07027acce167015e70137b5e19334936b3871aa06524143e64dac360edc9cdc1,2026-09-21T08:40:34+00:00,2026-09-21T08:40:52+00:00
2026-05-12,0,17.475784063339233,107724800,07027acce167015e70137b5e19334936b3871aa06524143e64dac360edc9cdc1,07027acce167015e70137b5e19334936b3871aa06524143e64dac360edc9cdc1,2026-09-21T08:40:52+00:00,2026-09-21T08:41:09+00:00
2026-05-13,0,18.340224027633667,107724800,07027acce167015e70137b5e19334936b3871aa06524143e64dac360edc9cdc1,07027acce167015e70137b5e19334936b3871aa06524143e64dac360edc9cdc1,2026-09-21T08:41:09+00:00,2026-09-21T08:41:28+00:00
2026-05-14,0,17.561599016189575,107741184,07027acce167015e70137b5e19334936b3871aa06524143e64dac360edc9cdc1,07027acce167015e70137b5e19334936b3871aa06524143e64dac360edc9cdc1,2026-09-21T08:41:28+00:00,2026-09-21T08:41:45+00:00
2026-05-15,0,17.795631170272827,109838336,07027acce167015e70137b5e19334936b3871aa06524143e64dac360edc9cdc1,07027acce167015e70137b5e19334936b3871aa06524143e64dac360edc9cdc1,2026-09-21T08:41:45+00:00,2026-09-21T08:42:03+00:00
2026-05-16,0,17.894194841384888,109838336,07027acce167015e70137b5e19334936b3871aa06524143e64dac360edc9cdc1,07027acce167015e70137b5e19334936b3871aa06524143e64dac360edc9cdc1,2026-09-21T08:42:03+00:00,2026-09-21T08:42:21+00:00
2026-05-17,0,17.971268892288208,109838336,07027acce167015e70137b5e19334936b3871aa06524143e64dac360edc9cdc1,07027acce167015e70137b5e19334936b3871aa06524143e64dac360edc9cdc1,2026-09-21T08:42:22+00:00,2026-09-21T08:42:40+00:00
2026-05-18,0,18.044186115264893,109821952,07027acce167015e70137b5e19334936b3871aa06524143e64dac360edc9cdc1,07027acce167015e70137b5e19334936b3871aa06524143e64dac360edc9cdc1,2026-09-21T08:42:40+00:00,2026-09-21T08:42:58+00:00
2026-05-19,0,18.101773023605347,111902720,07027acce167015e70137b5e19334936b3871aa06524143e64dac360edc9cdc1,07027acce167015e70137b5e19334936b3871aa06524143e64dac360edc9cdc1,2026-09-21T08:42:58+00:00,2026-09-21T08:43:16+00:00
2026-05-20,0,18.39360499382019,111902720,07027acce167015e70137b5e19334936b3871aa06524143e64dac360edc9cdc1,07027acce167015e70137b5e19334936b3871aa06524143e64dac360edc9cdc1,2026-09-21T08:43:16+00:00,2026-09-21T08:43:35+00:00
2026-05-21,0,18.41423010826111,111886336,07027acce167015e70137b5e19334936b3871aa06524143e64dac360edc9cdc1,07027acce167015e70137b5e19334936b3871aa06524143e64dac360edc9cdc1,2026-09-21T08:43:35+00:00,2026-09-21T08:43:53+00:00
2026-05-22,0,18.669292211532593,111886336,07027acce167015e70137b5e19334936b3871aa06524143e64dac360edc9cdc1,07027acce167015e70137b5e19334936b3871aa06524143e64dac360edc9cdc1,2026-09-21T08:43:53+00:00,2026-09-21T08:44:12+00:00
2026-05-23,0,18.798360109329224,111902720,07027acce167015e70137b5e19334936b3871aa06524143e64dac360edc9cdc1,07027acce167015e70137b5e19334936b3871aa06524143e64dac360edc9cdc1,2026-09-21T08:44:12+00:00,2026-09-21T08:44:31+00:00
2026-05-24,0,18.808557987213135,113999872,07027acce167015e70137b5e19334936b3871aa06524143e64dac360edc9cdc1,07027acce167015e70137b5e19334936b3871aa06524143e64dac360edc9cdc1,2026-09-21T08:44:31+00:00,2026-09-21T08:44:50+00:00
2026-05-25,0,18.889473915100098,113999872,07027acce167015e70137b5e19334936b3871aa06524143e64dac360edc9cdc1,07027acce167015e70137b5e19334936b3871aa06524143e64dac360edc9cdc1,2026-09-21T08:44:50+00:00,2026-09-21T08:45:09+00:00
2026-05-26,0,19.22688913345337,113983488,07027acce167015e70137b5e19334936b3871aa06524143e64dac360edc9cdc1,07027acce167015e70137b5e19334936b3871aa06524143e64dac360edc9cdc1,2026-09-21T08:45:09+00:00,2026-09-21T08:45:29+00:00
2026-05-27,0,19.11719012260437,113983488,07027acce167015e70137b5e19334936b3871aa06524143e64dac360edc9cdc1,07027acce167015e70137b5e19334936b3871aa06524143e64dac360edc9cdc1,2026-09-21T08:45:29+00:00,2026-09-21T08:45:48+00:00
2026-05-28,0,20.121856927871704,113999872,07027acce167015e70137b5e19334936b3871aa06524143e64dac360edc9cdc1,07027acce167015e70137b5e19334936b3871aa06524143e64dac360edc9cdc1,2026-09-21T08:45:48+00:00,2026-09-21T08:46:08+00:00
2026-05-29,0,20.805506944656372,116080640,07027acce167015e70137b5e19334936b3871aa06524143e64dac360edc9cdc1,07027acce167015e70137b5e19334936b3871aa06524143e64dac360edc9cdc1,2026-09-21T08:46:08+00:00,2026-09-21T08:46:29+00:00
2026-05-30,0,19.42544198036194,116080640,07027acce167015e70137b5e19334936b3871aa06524143e64dac360edc9cdc1,07027acce167015e70137b5e19334936b3871aa06524143e64dac360edc9cdc1,2026-09-21T08:46:29+00:00,2026-09-21T08:46:49+00:00
2026-05-31,0,19.767102003097534,116080640,07027acce167015e70137b5e19334936b3871aa06524143e64dac360edc9cdc1,07027acce167015e70137b5e19334936b3871aa06524143e64dac360edc9cdc1,2026-09-21T08:46:49+00:00,2026-09-21T08:47:09+00:00
2026-06-01,0,16.168128967285156,112082944,07027acce167015e70137b5e19334936b3871aa06524143e64dac360edc9cdc1,07027acce167015e70137b5e19334936b3871aa06524143e64dac360edc9cdc1,2026-09-21T08:47:09+00:00,2026-09-21T08:47:25+00:00
2026-06-02,0,18.45406699180603,112066560,07027acce167015e70137b5e19334936b3871aa06524143e64dac360edc9cdc1,07027acce167015e70137b5e19334936b3871aa06524143e64dac360edc9cdc1,2026-09-21T08:47:25+00:00,2026-09-21T08:47:44+00:00
2026-06-03,0,18.52375102043152,112082944,07027acce167015e70137b5e19334936b3871aa06524143e64dac360edc9cdc1,07027acce167015e70137b5e19334936b3871aa06524143e64dac360edc9cdc1,2026-09-21T08:47:44+00:00,2026-09-21T08:48:02+00:00
2026-06-04,0,18.710372924804688,112099328,07027acce167015e70137b5e19334936b3871aa06524143e64dac360edc9cdc1,07027acce167015e70137b5e19334936b3871aa06524143e64dac360edc9cdc1,2026-09-21T08:48:03+00:00,2026-09-21T08:48:21+00:00
2026-06-05,0,18.997791051864624,114196480,07027acce167015e70137b5e19334936b3871aa06524143e64dac360edc9cdc1,07027acce167015e70137b5e19334936b3871aa06524143e64dac360edc9cdc1,2026-09-21T08:48:21+00:00,2026-09-21T08:48:41+00:00
2026-06-06,0,19.570439100265503,114196480,07027acce167015e70137b5e19334936b3871aa06524143e64dac360edc9cdc1,07027acce167015e70137b5e19334936b3871aa06524143e64dac360edc9cdc1,2026-09-21T08:48:41+00:00,2026-09-21T08:49:00+00:00
2026-06-07,0,16.91531205177307,114196480,07027acce167015e70137b5e19334936b3871aa06524143e64dac360edc9cdc1,07027acce167015e70137b5e19334936b3871aa06524143e64dac360edc9cdc1,2026-09-21T08:49:00+00:00,2026-09-21T08:49:17+00:00
2026-06-08,0,18.897989988327026,114196480,07027acce167015e70137b5e19334936b3871aa06524143e64dac360edc9cdc1,07027acce167015e70137b5e19334936b3871aa06524143e64dac360edc9cdc1,2026-09-21T08:49:17+00:00,2026-09-21T08:49:36+00:00
2026-06-09,0,16.887326955795288,116293632,07027acce167015e70137b5e19334936b3871aa06524143e64dac360edc9cdc1,07027acce167015e70137b5e19334936b3871aa06524143e64dac360edc9cdc1,2026-09-21T08:49:37+00:00,2026-09-21T08:49:54+00:00
2026-06-10,0,17.08432102203369,116326400,07027acce167015e70137b5e19334936b3871aa06524143e64dac360edc9cdc1,07027acce167015e70137b5e19334936b3871aa06524143e64dac360edc9cdc1,2026-09-21T08:49:54+00:00,2026-09-21T08:50:11+00:00
2026-06-11,0,17.959625005722046,116326400,07027acce167015e70137b5e19334936b3871aa06524143e64dac360edc9cdc1,07027acce167015e70137b5e19334936b3871aa06524143e64dac360edc9cdc1,2026-09-21T08:50:11+00:00,2026-09-21T08:50:29+00:00
2026-06-12,0,18.65494704246521,116342784,07027acce167015e70137b5e19334936b3871aa06524143e64dac360edc9cdc1,07027acce167015e70137b5e19334936b3871aa06524143e64dac360edc9cdc1,2026-09-21T08:50:29+00:00,2026-09-21T08:50:48+00:00
2026-06-13,0,20.952517986297607,118390784,07027acce167015e70137b5e19334936b3871aa06524143e64dac360edc9cdc1,07027acce167015e70137b5e19334936b3871aa06524143e64dac360edc9cdc1,2026-09-21T08:50:48+00:00,2026-09-21T08:51:09+00:00
2026-06-14,0,22.364410161972046,118390784,07027acce167015e70137b5e19334936b3871aa06524143e64dac360edc9cdc1,07027acce167015e70137b5e19334936b3871aa06524143e64dac360edc9cdc1,2026-09-21T08:51:09+00:00,2026-09-21T08:51:31+00:00
2026-06-15,0,19.656742095947266,116293632,07027acce167015e70137b5e19334936b3871aa06524143e64dac360edc9cdc1,07027acce167015e70137b5e19334936b3871aa06524143e64dac360edc9cdc1,2026-09-21T08:51:31+00:00,2026-09-21T08:51:51+00:00
2026-06-16,0,19.76783299446106,116260864,07027acce167015e70137b5e19334936b3871aa06524143e64dac360edc9cdc1,07027acce167015e70137b5e19334936b3871aa06524143e64dac360edc9cdc1,2026-09-21T08:51:51+00:00,2026-09-21T08:52:11+00:00
2026-06-17,0,19.703509092330933,118358016,07027acce167015e70137b5e19334936b3871aa06524143e64dac360edc9cdc1,07027acce167015e70137b5e19334936b3871aa06524143e64dac360edc9cdc1,2026-09-21T08:52:11+00:00,2026-09-21T08:52:31+00:00
2026-06-18,0,21.793452978134155,118374400,07027acce167015e70137b5e19334936b3871aa06524143e64dac360edc9cdc1,07027acce167015e70137b5e19334936b3871aa06524143e64dac360edc9cdc1,2026-09-21T08:52:31+00:00,2026-09-21T08:52:53+00:00
2026-06-19,0,20.21303701400757,118390784,07027acce167015e70137b5e19334936b3871aa06524143e64dac360edc9cdc1,07027acce167015e70137b5e19334936b3871aa06524143e64dac360edc9cdc1,2026-09-21T08:52:53+00:00,2026-09-21T08:53:13+00:00
2026-06-20,0,20.252212047576904,118390784,07027acce167015e70137b5e19334936b3871aa06524143e64dac360edc9cdc1,07027acce167015e70137b5e19334936b3871aa06524143e64dac360edc9cdc1,2026-09-21T08:53:13+00:00,2026-09-21T08:53:34+00:00
2026-06-21,0,20.209245920181274,120487936,07027acce167015e70137b5e19334936b3871aa06524143e64dac360edc9cdc1,07027acce167015e70137b5e19334936b3871aa06524143e64dac360edc9cdc1,2026-09-21T08:53:34+00:00,2026-09-21T08:53:54+00:00
2026-06-22,0,20.36447501182556,120471552,07027acce167015e70137b5e19334936b3871aa06524143e64dac360edc9cdc1,07027acce167015e70137b5e19334936b3871aa06524143e64dac360edc9cdc1,2026-09-21T08:53:54+00:00,2026-09-21T08:54:15+00:00
2026-06-23,0,20.522472143173218,120455168,07027acce167015e70137b5e19334936b3871aa06524143e64dac360edc9cdc1,07027acce167015e70137b5e19334936b3871aa06524143e64dac360edc9cdc1,2026-09-21T08:54:15+00:00,2026-09-21T08:54:36+00:00
2026-06-24,0,20.452218055725098,120438784,07027acce167015e70137b5e19334936b3871aa06524143e64dac360edc9cdc1,07027acce167015e70137b5e19334936b3871aa06524143e64dac360edc9cdc1,2026-09-21T08:54:36+00:00,2026-09-21T08:54:56+00:00
2026-06-25,0,20.780330896377563,122535936,07027acce167015e70137b5e19334936b3871aa06524143e64dac360edc9cdc1,07027acce167015e70137b5e19334936b3871aa06524143e64dac360edc9cdc1,2026-09-21T08:54:56+00:00,2026-09-21T08:55:17+00:00
2026-06-26,0,20.85576820373535,122552320,07027acce167015e70137b5e19334936b3871aa06524143e64dac360edc9cdc1,07027acce167015e70137b5e19334936b3871aa06524143e64dac360edc9cdc1,2026-09-21T08:55:25+00:00,2026-09-21T08:55:46+00:00
2026-06-27,0,21.1269109249115,122552320,07027acce167015e70137b5e19334936b3871aa06524143e64dac360edc9cdc1,07027acce167015e70137b5e19334936b3871aa06524143e64dac360edc9cdc1,2026-09-21T08:55:46+00:00,2026-09-21T08:56:07+00:00
2026-06-28,0,21.240010023117065,122552320,07027acce167015e70137b5e19334936b3871aa06524143e64dac360edc9cdc1,07027acce167015e70137b5e19334936b3871aa06524143e64dac360edc9cdc1,2026-09-21T08:56:07+00:00,2026-09-21T08:56:29+00:00
2026-06-29,0,21.480583906173706,122568704,07027acce167015e70137b5e19334936b3871aa06524143e64dac360edc9cdc1,07027acce167015e70137b5e19334936b3871aa06524143e64dac360edc9cdc1,2026-09-21T08:56:29+00:00,2026-09-21T08:56:50+00:00
2026-06-30,0,20.608680963516235,124665856,07027acce167015e70137b5e19334936b3871aa06524143e64dac360edc9cdc1,07027acce167015e70137b5e19334936b3871aa06524143e64dac360edc9cdc1,2026-09-21T08:56:50+00:00,2026-09-21T08:57:11+00:00
2026-07-01,0,20.668583869934082,122699776,,,,
2026-07-02,0,23.7245090007782,122683392,,,,
2026-07-03,0,23.066975116729736,124747776,,,,
2026-07-04,0,22.698158979415894,124747776,,,,
2026-07-05,0,22.89982295036316,124747776,5df3eea8747cd654b74d312cc05272627acfd4b42e9e7b3ad083c8711d9b3c10,5df3eea8747cd654b74d312cc05272627acfd4b42e9e7b3ad083c8711d9b3c10,2026-09-21T08:39:12+00:00,2026-09-21T08:39:35+00:00
2026-07-06,0,22.833326816558838,124747776,5df3eea8747cd654b74d312cc05272627acfd4b42e9e7b3ad083c8711d9b3c10,5df3eea8747cd654b74d312cc05272627acfd4b42e9e7b3ad083c8711d9b3c10,2026-09-21T08:39:35+00:00,2026-09-21T08:39:58+00:00
2026-07-07,0,21.97127604484558,124747776,07027acce167015e70137b5e19334936b3871aa06524143e64dac360edc9cdc1,07027acce167015e70137b5e19334936b3871aa06524143e64dac360edc9cdc1,2026-09-21T08:47:25+00:00,2026-09-21T08:47:47+00:00
2026-07-08,0,22.611912965774536,124796928,07027acce167015e70137b5e19334936b3871aa06524143e64dac360edc9cdc1,07027acce167015e70137b5e19334936b3871aa06524143e64dac360edc9cdc1,2026-09-21T08:40:23+00:00,2026-09-21T08:40:46+00:00
2026-07-09,0,23.0603768825531,126877696,07027acce167015e70137b5e19334936b3871aa06524143e64dac360edc9cdc1,07027acce167015e70137b5e19334936b3871aa06524143e64dac360edc9cdc1,2026-09-21T08:40:46+00:00,2026-09-21T08:41:09+00:00
2026-07-10,0,23.50789713859558,126943232,07027acce167015e70137b5e19334936b3871aa06524143e64dac360edc9cdc1,07027acce167015e70137b5e19334936b3871aa06524143e64dac360edc9cdc1,2026-09-21T08:41:09+00:00,2026-09-21T08:41:33+00:00
2026-07-11,0,22.84885287284851,126877696,07027acce167015e70137b5e19334936b3871aa06524143e64dac360edc9cdc1,07027acce167015e70137b5e19334936b3871aa06524143e64dac360edc9cdc1,2026-09-21T08:41:33+00:00,2026-09-21T08:41:56+00:00
2026-07-12,0,23.0660080909729,126877696,07027acce167015e70137b5e19334936b3871aa06524143e64dac360edc9cdc1,07027acce167015e70137b5e19334936b3871aa06524143e64dac360edc9cdc1,2026-09-21T08:41:56+00:00,2026-09-21T08:42:19+00:00
2026-07-13,0,23.104822158813477,128958464,07027acce167015e70137b5e19334936b3871aa06524143e64dac360edc9cdc1,07027acce167015e70137b5e19334936b3871aa06524143e64dac360edc9cdc1,2026-09-21T08:42:19+00:00,2026-09-21T08:42:42+00:00
2026-07-14,0,23.28261399269104,128991232,07027acce167015e70137b5e19334936b3871aa06524143e64dac360edc9cdc1,07027acce167015e70137b5e19334936b3871aa06524143e64dac360edc9cdc1,2026-09-21T08:42:43+00:00,2026-09-21T08:43:06+00:00
2026-07-15,0,23.602116107940674,128974848,07027acce167015e70137b5e19334936b3871aa06524143e64dac360edc9cdc1,07027acce167015e70137b5e19334936b3871aa06524143e64dac360edc9cdc1,2026-09-21T08:43:06+00:00,2026-09-21T08:43:30+00:00
2026-07-16,0,23.317084074020386,128974848,07027acce167015e70137b5e19334936b3871aa06524143e64dac360edc9cdc1,07027acce167015e70137b5e19334936b3871aa06524143e64dac360edc9cdc1,2026-09-21T08:43:30+00:00,2026-09-21T08:43:53+00:00
2026-07-17,0,23.58964490890503,128974848,07027acce167015e70137b5e19334936b3871aa06524143e64dac360edc9cdc1,07027acce167015e70137b5e19334936b3871aa06524143e64dac360edc9cdc1,2026-09-21T08:43:53+00:00,2026-09-21T08:44:17+00:00
2026-07-18,0,23.943000078201294,128974848,07027acce167015e70137b5e19334936b3871aa06524143e64dac360edc9cdc1,07027acce167015e70137b5e19334936b3871aa06524143e64dac360edc9cdc1,2026-09-21T08:44:17+00:00,2026-09-21T08:44:41+00:00
2026-07-19,0,23.79720401763916,131072000,07027acce167015e70137b5e19334936b3871aa06524143e64dac360edc9cdc1,07027acce167015e70137b5e19334936b3871aa06524143e64dac360edc9cdc1,2026-09-21T08:44:41+00:00,2026-09-21T08:45:05+00:00
2026-07-20,0,24.061914920806885,131072000,07027acce167015e70137b5e19334936b3871aa06524143e64dac360edc9cdc1,07027acce167015e70137b5e19334936b3871aa06524143e64dac360edc9cdc1,2026-09-21T08:45:05+00:00,2026-09-21T08:45:29+00:00
2026-07-21,0,24.737205982208252,131039232,07027acce167015e70137b5e19334936b3871aa06524143e64dac360edc9cdc1,07027acce167015e70137b5e19334936b3871aa06524143e64dac360edc9cdc1,2026-09-21T08:45:29+00:00,2026-09-21T08:45:54+00:00
2026-07-22,0,25.267180919647217,131055616,07027acce167015e70137b5e19334936b3871aa06524143e64dac360edc9cdc1,07027acce167015e70137b5e19334936b3871aa06524143e64dac360edc9cdc1,2026-09-21T08:45:54+00:00,2026-09-21T08:46:20+00:00
2026-07-23,0,20.31324005126953,120061952,07027acce167015e70137b5e19334936b3871aa06524143e64dac360edc9cdc1,07027acce167015e70137b5e19334936b3871aa06524143e64dac360edc9cdc1,2026-09-21T08:47:47+00:00,2026-09-21T08:48:08+00:00
2026-07-24,0,24.428300142288208,134823936,07027acce167015e70137b5e19334936b3871aa06524143e64dac360edc9cdc1,07027acce167015e70137b5e19334936b3871aa06524143e64dac360edc9cdc1,2026-09-21T08:46:20+00:00,2026-09-21T08:46:44+00:00
2026-07-25,0,24.360440969467163,134823936,07027acce167015e70137b5e19334936b3871aa06524143e64dac360edc9cdc1,07027acce167015e70137b5e19334936b3871aa06524143e64dac360edc9cdc1,2026-09-21T08:46:44+00:00,2026-09-21T08:47:09+00:00
2026-07-26,0,24.54344606399536,134823936,07027acce167015e70137b5e19334936b3871aa06524143e64dac360edc9cdc1,07027acce167015e70137b5e19334936b3871aa06524143e64dac360edc9cdc1,2026-09-21T08:47:09+00:00,2026-09-21T08:47:34+00:00
2026-07-27,0,24.556400060653687,136921088,07027acce167015e70137b5e19334936b3871aa06524143e64dac360edc9cdc1,07027acce167015e70137b5e19334936b3871aa06524143e64dac360edc9cdc1,2026-09-21T08:47:34+00:00,2026-09-21T08:47:58+00:00
2026-07-28,0,24.258068084716797,136839168,07027acce167015e70137b5e19334936b3871aa06524143e64dac360edc9cdc1,07027acce167015e70137b5e19334936b3871aa06524143e64dac360edc9cdc1,2026-09-21T08:47:58+00:00,2026-09-21T08:48:23+00:00
2026-07-29,0,25.477463006973267,136839168,07027acce167015e70137b5e19334936b3871aa06524143e64dac360edc9cdc1,07027acce167015e70137b5e19334936b3871aa06524143e64dac360edc9cdc1,2026-09-21T08:48:23+00:00,2026-09-21T08:48:48+00:00
2026-07-30,0,23.117949962615967,136839168,07027acce167015e70137b5e19334936b3871aa06524143e64dac360edc9cdc1,07027acce167015e70137b5e19334936b3871aa06524143e64dac360edc9cdc1,2026-09-21T08:48:49+00:00,2026-09-21T08:49:12+00:00
2026-07-31,0,24.075911045074463,138936320,07027acce167015e70137b5e19334936b3871aa06524143e64dac360edc9cdc1,07027acce167015e70137b5e19334936b3871aa06524143e64dac360edc9cdc1,2026-09-21T08:49:12+00:00,2026-09-21T08:49:36+00:00
2026-08-01,0,19.816484928131104,138936320,07027acce167015e70137b5e19334936b3871aa06524143e64dac360edc9cdc1,07027acce167015e70137b5e19334936b3871aa06524143e64dac360edc9cdc1,2026-09-21T08:49:36+00:00,2026-09-21T08:49:56+00:00
2026-08-02,0,22.065237998962402,138936320,07027acce167015e70137b5e19334936b3871aa06524143e64dac360edc9cdc1,07027acce167015e70137b5e19334936b3871aa06524143e64dac360edc9cdc1,2026-09-21T08:49:56+00:00,2026-09-21T08:50:18+00:00
2026-08-03,0,23.737303972244263,138936320,07027acce167015e70137b5e19334936b3871aa06524143e64dac360edc9cdc1,07027acce167015e70137b5e19334936b3871aa06524143e64dac360edc9cdc1,2026-09-21T08:50:18+00:00,2026-09-21T08:50:42+00:00
2026-08-04,0,25.64642906188965,141033472,07027acce167015e70137b5e19334936b3871aa06524143e64dac360edc9cdc1,07027acce167015e70137b5e19334936b3871aa06524143e64dac360edc9cdc1,2026-09-21T08:50:42+00:00,2026-09-21T08:51:08+00:00
2026-08-05,0,27.62494397163391,138936320,07027acce167015e70137b5e19334936b3871aa06524143e64dac360edc9cdc1,07027acce167015e70137b5e19334936b3871aa06524143e64dac360edc9cdc1,2026-09-21T08:51:08+00:00,2026-09-21T08:51:36+00:00
2026-08-06,0,25.167033910751343,138936320,07027acce167015e70137b5e19334936b3871aa06524143e64dac360edc9cdc1,07027acce167015e70137b5e19334936b3871aa06524143e64dac360edc9cdc1,2026-09-21T08:51:36+00:00,2026-09-21T08:52:01+00:00
2026-08-07,0,23.127127170562744,134742016,07027acce167015e70137b5e19334936b3871aa06524143e64dac360edc9cdc1,07027acce167015e70137b5e19334936b3871aa06524143e64dac360edc9cdc1,2026-09-21T08:52:01+00:00,2026-09-21T08:52:24+00:00
2026-08-08,0,24.77100396156311,134742016,07027acce167015e70137b5e19334936b3871aa06524143e64dac360edc9cdc1,07027acce167015e70137b5e19334936b3871aa06524143e64dac360edc9cdc1,2026-09-21T08:52:24+00:00,2026-09-21T08:52:49+00:00
2026-08-09,0,23.889405012130737,134742016,07027acce167015e70137b5e19334936b3871aa06524143e64dac360edc9cdc1,07027acce167015e70137b5e19334936b3871aa06524143e64dac360edc9cdc1,2026-09-21T08:52:49+00:00,2026-09-21T08:53:14+00:00
2026-08-10,0,23.844441175460815,134742016,07027acce167015e70137b5e19334936b3871aa06524143e64dac360edc9cdc1,07027acce167015e70137b5e19334936b3871aa06524143e64dac360edc9cdc1,2026-09-21T08:53:14+00:00,2026-09-21T08:53:38+00:00
2026-08-11,0,23.48682403564453,136839168,07027acce167015e70137b5e19334936b3871aa06524143e64dac360edc9cdc1,07027acce167015e70137b5e19334936b3871aa06524143e64dac360edc9cdc1,2026-09-21T08:53:38+00:00,2026-09-21T08:54:01+00:00
2026-08-12,0,23.716706037521362,136839168,07027acce167015e70137b5e19334936b3871aa06524143e64dac360edc9cdc1,07027acce167015e70137b5e19334936b3871aa06524143e64dac360edc9cdc1,2026-09-21T08:54:01+00:00,2026-09-21T08:54:25+00:00
2026-08-13,0,23.94522714614868,136839168,07027acce167015e70137b5e19334936b3871aa06524143e64dac360edc9cdc1,07027acce167015e70137b5e19334936b3871aa06524143e64dac360edc9cdc1,2026-09-21T08:54:25+00:00,2026-09-21T08:54:49+00:00
2026-08-14,0,23.92593002319336,136839168,07027acce167015e70137b5e19334936b3871aa06524143e64dac360edc9cdc1,07027acce167015e70137b5e19334936b3871aa06524143e64dac360edc9cdc1,2026-09-21T08:54:49+00:00,2026-09-21T08:55:13+00:00
2026-08-15,0,24.45789384841919,138936320,07027acce167015e70137b5e19334936b3871aa06524143e64dac360edc9cdc1,07027acce167015e70137b5e19334936b3871aa06524143e64dac360edc9cdc1,2026-09-21T08:55:13+00:00,2026-09-21T08:55:38+00:00
2026-08-16,0,26.841315031051636,138936320,07027acce167015e70137b5e19334936b3871aa06524143e64dac360edc9cdc1,07027acce167015e70137b5e19334936b3871aa06524143e64dac360edc9cdc1,2026-09-21T08:50:52+00:00,2026-09-21T08:51:19+00:00
2026-08-17,0,25.32973003387451,138936320,07027acce167015e70137b5e19334936b3871aa06524143e64dac360edc9cdc1,07027acce167015e70137b5e19334936b3871aa06524143e64dac360edc9cdc1,2026-09-21T08:51:19+00:00,2026-09-21T08:51:45+00:00
2026-08-18,0,24.68757200241089,138936320,07027acce167015e70137b5e19334936b3871aa06524143e64dac360edc9cdc1,07027acce167015e70137b5e19334936b3871aa06524143e64dac360edc9cdc1,2026-09-21T08:51:45+00:00,2026-09-21T08:52:10+00:00
2026-08-19,0,24.55883288383484,141033472,07027acce167015e70137b5e19334936b3871aa06524143e64dac360edc9cdc1,07027acce167015e70137b5e19334936b3871aa06524143e64dac360edc9cdc1,2026-09-21T08:52:10+00:00,2026-09-21T08:52:35+00:00
2026-08-20,0,26.474722146987915,141033472,07027acce167015e70137b5e19334936b3871aa06524143e64dac360edc9cdc1,07027acce167015e70137b5e19334936b3871aa06524143e64dac360edc9cdc1,2026-09-21T08:52:35+00:00,2026-09-21T08:53:01+00:00
2026-08-21,0,25.1769540309906,141033472,07027acce167015e70137b5e19334936b3871aa06524143e64dac360edc9cdc1,07027acce167015e70137b5e19334936b3871aa06524143e64dac360edc9cdc1,2026-09-21T08:53:01+00:00,2026-09-21T08:53:26+00:00
2026-08-22,0,24.71638798713684,143130624,07027acce167015e70137b5e19334936b3871aa06524143e64dac360edc9cdc1,07027acce167015e70137b5e19334936b3871aa06524143e64dac360edc9cdc1,2026-09-21T08:53:27+00:00,2026-09-21T08:53:51+00:00
2026-08-23,0,25.011729955673218,143130624,07027acce167015e70137b5e19334936b3871aa06524143e64dac360edc9cdc1,07027acce167015e70137b5e19334936b3871aa06524143e64dac360edc9cdc1,2026-09-21T08:53:51+00:00,2026-09-21T08:54:17+00:00
2026-08-24,0,24.99729013442993,143130624,07027acce167015e70137b5e19334936b3871aa06524143e64dac360edc9cdc1,07027acce167015e70137b5e19334936b3871aa06524143e64dac360edc9cdc1,2026-09-21T08:54:17+00:00,2026-09-21T08:54:42+00:00
2026-08-25,0,25.233821153640747,143130624,07027acce167015e70137b5e19334936b3871aa06524143e64dac360edc9cdc1,07027acce167015e70137b5e19334936b3871aa06524143e64dac360edc9cdc1,2026-09-21T08:54:42+00:00,2026-09-21T08:55:07+00:00
2026-08-26,0,25.426748991012573,145227776,07027acce167015e70137b5e19334936b3871aa06524143e64dac360edc9cdc1,07027acce167015e70137b5e19334936b3871aa06524143e64dac360edc9cdc1,2026-09-21T08:55:07+00:00,2026-09-21T08:55:33+00:00
2026-08-27,0,25.451483011245728,145227776,07027acce167015e70137b5e19334936b3871aa06524143e64dac360edc9cdc1,07027acce167015e70137b5e19334936b3871aa06524143e64dac360edc9cdc1,2026-09-21T08:55:38+00:00,2026-09-21T08:56:04+00:00
2026-08-28,0,25.534425020217896,145227776,07027acce167015e70137b5e19334936b3871aa06524143e64dac360edc9cdc1,07027acce167015e70137b5e19334936b3871aa06524143e64dac360edc9cdc1,2026-09-21T08:56:04+00:00,2026-09-21T08:56:29+00:00
2026-08-29,0,25.513672828674316,147324928,07027acce167015e70137b5e19334936b3871aa06524143e64dac360edc9cdc1,07027acce167015e70137b5e19334936b3871aa06524143e64dac360edc9cdc1,2026-09-21T08:56:29+00:00,2026-09-21T08:56:55+00:00
2026-08-30,0,22.774080991744995,147324928,07027acce167015e70137b5e19334936b3871aa06524143e64dac360edc9cdc1,07027acce167015e70137b5e19334936b3871aa06524143e64dac360edc9cdc1,2026-09-21T08:57:11+00:00,2026-09-21T08:57:34+00:00
2026-08-31,0,21.68468999862671,147324928,07027acce167015e70137b5e19334936b3871aa06524143e64dac360edc9cdc1,07027acce167015e70137b5e19334936b3871aa06524143e64dac360edc9cdc1,2026-09-21T08:57:34+00:00,2026-09-21T08:57:56+00:00
2026-09-01,0,23.53398609161377,145227776,07027acce167015e70137b5e19334936b3871aa06524143e64dac360edc9cdc1,07027acce167015e70137b5e19334936b3871aa06524143e64dac360edc9cdc1,2026-09-21T08:48:08+00:00,2026-09-21T08:48:32+00:00
2026-09-02,0,27.951900005340576,145227776,,,,
2026-09-03,0,27.37617301940918,147324928,,,,
2026-09-04,0,27.074259996414185,147324928,5df3eea8747cd654b74d312cc05272627acfd4b42e9e7b3ad083c8711d9b3c10,5df3eea8747cd654b74d312cc05272627acfd4b42e9e7b3ad083c8711d9b3c10,2026-09-21T08:39:02+00:00,2026-09-21T08:39:29+00:00
2026-09-05,0,26.96921992301941,149422080,5df3eea8747cd654b74d312cc05272627acfd4b42e9e7b3ad083c8711d9b3c10,5df3eea8747cd654b74d312cc05272627acfd4b42e9e7b3ad083c8711d9b3c10,2026-09-21T08:39:29+00:00,2026-09-21T08:39:56+00:00
2026-09-06,0,27.206720113754272,149422080,07027acce167015e70137b5e19334936b3871aa06524143e64dac360edc9cdc1,07027acce167015e70137b5e19334936b3871aa06524143e64dac360edc9cdc1,2026-09-21T08:48:32+00:00,2026-09-21T08:48:59+00:00
2026-09-07,0,27.063463926315308,151519232,07027acce167015e70137b5e19334936b3871aa06524143e64dac360edc9cdc1,07027acce167015e70137b5e19334936b3871aa06524143e64dac360edc9cdc1,2026-09-21T08:40:26+00:00,2026-09-21T08:40:53+00:00
2026-09-08,0,27.088813066482544,147324928,07027acce167015e70137b5e19334936b3871aa06524143e64dac360edc9cdc1,07027acce167015e70137b5e19334936b3871aa06524143e64dac360edc9cdc1,2026-09-21T08:40:53+00:00,2026-09-21T08:41:20+00:00
2026-09-09,0,26.297351837158203,149422080,07027acce167015e70137b5e19334936b3871aa06524143e64dac360edc9cdc1,07027acce167015e70137b5e19334936b3871aa06524143e64dac360edc9cdc1,2026-09-21T08:41:20+00:00,2026-09-21T08:41:47+00:00
2026-09-10,0,24.4859778881073,141033472,07027acce167015e70137b5e19334936b3871aa06524143e64dac360edc9cdc1,07027acce167015e70137b5e19334936b3871aa06524143e64dac360edc9cdc1,2026-09-21T08:41:47+00:00,2026-09-21T08:42:12+00:00
2026-09-11,0,25.004051208496094,143130624,07027acce167015e70137b5e19334936b3871aa06524143e64dac360edc9cdc1,07027acce167015e70137b5e19334936b3871aa06524143e64dac360edc9cdc1,2026-09-21T08:42:12+00:00,2026-09-21T08:42:37+00:00
2026-09-12,0,24.970837831497192,143130624,07027acce167015e70137b5e19334936b3871aa06524143e64dac360edc9cdc1,07027acce167015e70137b5e19334936b3871aa06524143e64dac360edc9cdc1,2026-09-21T08:42:37+00:00,2026-09-21T08:43:02+00:00
2026-09-13,0,25.39359998703003,143130624,07027acce167015e70137b5e19334936b3871aa06524143e64dac360edc9cdc1,07027acce167015e70137b5e19334936b3871aa06524143e64dac360edc9cdc1,2026-09-21T08:43:02+00:00,2026-09-21T08:43:27+00:00
2026-09-14,0,22.215492010116577,130547712,07027acce167015e70137b5e19334936b3871aa06524143e64dac360edc9cdc1,07027acce167015e70137b5e19334936b3871aa06524143e64dac360edc9cdc1,2026-09-21T08:43:27+00:00,2026-09-21T08:43:50+00:00
2026-09-15,0,25.338294982910156,145227776,07027acce167015e70137b5e19334936b3871aa06524143e64dac360edc9cdc1,07027acce167015e70137b5e19334936b3871aa06524143e64dac360edc9cdc1,2026-09-21T08:43:50+00:00,2026-09-21T08:44:15+00:00
2026-09-16,0,25.482913970947266,145227776,07027acce167015e70137b5e19334936b3871aa06524143e64dac360edc9cdc1,07027acce167015e70137b5e19334936b3871aa06524143e64dac360edc9cdc1,2026-09-21T08:44:15+00:00,2026-09-21T08:44:41+00:00
2026-09-17,0,25.49047017097473,145227776,07027acce167015e70137b5e19334936b3871aa06524143e64dac360edc9cdc1,07027acce167015e70137b5e19334936b3871aa06524143e64dac360edc9cdc1,2026-09-21T08:44:41+00:00,2026-09-21T08:45:07+00:00
2026-09-18,0,25.672927141189575,145227776,07027acce167015e70137b5e19334936b3871aa06524143e64dac360edc9cdc1,07027acce167015e70137b5e19334936b3871aa06524143e64dac360edc9cdc1,2026-09-21T08:45:07+00:00,2026-09-21T08:45:32+00:00
2026-09-19,0,26.524226903915405,149422080,07027acce167015e70137b5e19334936b3871aa06524143e64dac360edc9cdc1,07027acce167015e70137b5e19334936b3871aa06524143e64dac360edc9cdc1,2026-09-21T08:45:33+00:00,2026-09-21T08:45:59+00:00
2026-09-20,0,27.139168977737427,149422080,07027acce167015e70137b5e19334936b3871aa06524143e64dac360edc9cdc1,07027acce167015e70137b5e19334936b3871aa06524143e64dac360edc9cdc1,2026-09-21T08:45:59+00:00,2026-09-21T08:46:26+00:00
