status,reason,flags,pair_days,unique_contracts,date_count,first_date,last_date,contract_examples
lost,canonical_outcome_not_listed,ambiguous_energy_mechanisms|exact_source_legacy_null_observation_binding|historical_household_statistics_scope_assumed,12,2,4,2026-09-09,2026-09-16,bdfd4u-keravan-energia-oy-perusfiksu-24kk|w4k6um-keravan-energia-oy-perusfiksu-24kk
lost,canonical_outcome_not_listed,canonical_interpretation_rejected_by_exact_target_validation|exact_source_legacy_null_observation_binding|historical_household_statistics_scope_assumed|retrospective_exact_source_interpretation,12,4,1,2026-07-23,2026-07-23,35idqf-vattenfall-oy-taysvesi-24-kk|8lw2cg-turku-energia-oy-louna-helppo-l|dgh71e-turku-energia-oy-louna-helppo-m
lost,canonical_outcome_not_listed,canonical_omitted_no_covering_source_observation|historical_episode_id_3274|historical_evidence_grade_exact_components_last_observed_text_backcast|historical_household_statistics_scope_assumed|historical_interpretation_completed_at_2026-08-07T09:21:28+00:00|historical_interpretation_id_3274|retrospective_historical_interpretation|unknown_short_fixed_term_duration,105,1,35,2026-06-10,2026-07-14,096kvt-cheap-energy-finland-oy-cheap-maaraaikainen-3-kk-perusmaksu-0-koko-sopimuskauden-ajan
lost,canonical_outcome_not_listed,canonical_omitted_no_covering_source_observation|historical_episode_id_3282|historical_evidence_grade_exact_components_last_observed_text_backcast|historical_household_statistics_scope_assumed|historical_interpretation_completed_at_2026-08-07T09:25:39+00:00|historical_interpretation_id_3282|retrospective_historical_interpretation|unknown_short_fixed_term_duration,12,1,4,2026-01-30,2026-02-02,0flemf-vihrea-alyenergia-oy-vankka-kiintea-4kk-fossiilivapaa
lost,canonical_outcome_not_listed,canonical_omitted_no_covering_source_observation|historical_episode_id_3310|historical_evidence_grade_exact_components_last_observed_text_backcast|historical_household_statistics_scope_assumed|historical_interpretation_completed_at_2026-08-07T09:36:02+00:00|historical_interpretation_id_3310|retrospective_historical_interpretation|unknown_short_fixed_term_duration,9,1,3,2026-01-24,2026-01-26,0xadsb-vihrea-alyenergia-oy-vankka-kiintea-4kk-fossiilivapaa
lost,canonical_outcome_not_listed,canonical_omitted_no_covering_source_observation|historical_episode_id_3644|historical_evidence_grade_exact_components_last_observed_text_backcast|historical_household_statistics_scope_assumed|historical_interpretation_completed_at_2026-08-07T12:07:26+00:00|historical_interpretation_id_3644|retrospective_historical_interpretation|unknown_short_fixed_term_duration,75,1,25,2026-05-09,2026-06-02,6txgrh-cheap-energy-finland-oy-cheap-maaraaikainen-3-kk
lost,canonical_outcome_not_listed,canonical_omitted_no_covering_source_observation|historical_episode_id_4403|historical_evidence_grade_exact_components_last_observed_text_backcast|historical_household_statistics_scope_assumed|historical_interpretation_completed_at_2026-08-07T18:21:29+00:00|historical_interpretation_id_4403|retrospective_historical_interpretation|unknown_short_fixed_term_duration,9,1,3,2026-01-21,2026-01-23,fddbph-vihrea-alyenergia-oy-vankka-kiintea-4kk-fossiilivapaa
lost,canonical_outcome_not_listed,canonical_omitted_no_covering_source_observation|historical_episode_id_4513|historical_evidence_grade_exact_components_last_observed_text_backcast|historical_household_statistics_scope_assumed|historical_interpretation_completed_at_2026-08-07T19:05:36+00:00|historical_interpretation_id_4513|retrospective_historical_interpretation|unknown_short_fixed_term_duration,27,1,9,2026-02-03,2026-02-11,ggkvce-vihrea-alyenergia-oy-vankka-kiintea-9kk-fossiilivapaa
lost,canonical_outcome_not_listed,canonical_omitted_no_covering_source_observation|historical_episode_id_4514|historical_evidence_grade_exact_components_last_observed_text_backcast|historical_household_statistics_scope_assumed|historical_interpretation_completed_at_2026-08-07T19:06:01+00:00|historical_interpretation_id_4514|retrospective_historical_interpretation|unknown_short_fixed_term_duration,162,1,54,2026-02-13,2026-04-07,ggkvce-vihrea-alyenergia-oy-vankka-kiintea-9kk-fossiilivapaa
lost,canonical_outcome_not_listed,canonical_omitted_no_covering_source_observation|historical_episode_id_5027|historical_evidence_grade_exact_components_last_observed_text_backcast|historical_household_statistics_scope_assumed|historical_interpretation_completed_at_2026-08-07T22:46:30+00:00|historical_interpretation_id_5027|retrospective_historical_interpretation|unknown_short_fixed_term_duration,9,1,3,2026-01-27,2026-01-29,lw9yb0-vihrea-alyenergia-oy-vankka-kiintea-4kk-fossiilivapaa
lost,canonical_outcome_not_listed,canonical_omitted_no_covering_source_observation|historical_episode_id_5143|historical_evidence_grade_exact_components_last_observed_text_backcast|historical_household_statistics_scope_assumed|historical_interpretation_completed_at_2026-08-07T23:31:19+00:00|historical_interpretation_id_5143|retrospective_historical_interpretation|unknown_short_fixed_term_duration,21,1,7,2026-01-21,2026-01-27,mxa020-aalto-energia-oyj-ankkuri-kiintea-9kk
lost,canonical_outcome_not_listed,canonical_omitted_no_covering_source_observation|historical_episode_id_5405|historical_evidence_grade_exact_components_last_observed_text_backcast|historical_household_statistics_scope_assumed|historical_interpretation_completed_at_2026-08-08T01:14:49+00:00|historical_interpretation_id_5405|retrospective_historical_interpretation|unknown_short_fixed_term_duration,12,1,4,2026-01-30,2026-02-02,padux1-vihrea-alyenergia-oy-vankka-kiintea-9kk-fossiilivapaa
lost,canonical_outcome_not_listed,canonical_omitted_no_covering_source_observation|historical_episode_id_5614|historical_evidence_grade_exact_components_last_observed_text_backcast|historical_household_statistics_scope_assumed|historical_interpretation_completed_at_2026-08-08T02:31:48+00:00|historical_interpretation_id_5614|retrospective_historical_interpretation|unknown_short_fixed_term_duration,9,1,3,2026-01-27,2026-01-29,rfiaso-vihrea-alyenergia-oy-vankka-kiintea-9kk-fossiilivapaa
lost,canonical_outcome_not_listed,canonical_omitted_no_covering_source_observation|historical_episode_id_6195|historical_evidence_grade_exact_components_last_observed_text_backcast|historical_household_statistics_scope_assumed|historical_interpretation_completed_at_2026-08-08T06:01:24+00:00|historical_interpretation_id_6195|retrospective_historical_interpretation|unknown_short_fixed_term_duration,52,1,26,2026-04-16,2026-05-11,whniel-vihrea-alyenergia-oy-vankka-kiintea-3kk-fossiilivapaa
lost,canonical_outcome_not_listed,canonical_omitted_no_covering_source_observation|historical_episode_id_6379|historical_evidence_grade_exact_components_last_observed_text_backcast|historical_household_statistics_scope_assumed|historical_interpretation_completed_at_2026-08-08T06:59:44+00:00|historical_interpretation_id_6379|retrospective_historical_interpretation|unknown_short_fixed_term_duration,162,1,54,2026-02-13,2026-04-07,ychtcj-vihrea-alyenergia-oy-vankka-kiintea-4kk-fossiilivapaa
lost,canonical_outcome_not_listed,exact_source_legacy_null_observation_binding|historical_household_statistics_scope_assumed|insufficient_promotion_terms,138,4,46,2026-07-28,2026-09-16,h191sf-hehku-energia-oy-hehku-jatkuva|h8icyg-hehku-energia-oy-hehku-jatkuva|sk027a-hehku-energia-oy-hehku-jatkuva
lost,canonical_outcome_not_listed,exact_source_legacy_null_observation_binding|historical_household_statistics_scope_assumed|insufficient_promotion_terms|retrospective_exact_source_interpretation,18,2,5,2026-07-23,2026-07-27,h8icyg-hehku-energia-oy-hehku-jatkuva|iq7fja-vimpelin-voima-oy-vuodenaikatariffi
lost,canonical_outcome_not_listed,exact_source_legacy_null_observation_binding|historical_household_statistics_scope_assumed|retrospective_exact_source_interpretation,19,3,5,2026-07-23,2026-07-27,3bdzoe-paneliankosken-voima-oy-kosken-kayttowoima-12-kk-kulutusjousto|kw0pi8-turku-energia-oy-louna-helppo-xs|x5t18z-helen-oy-helpposahko-m
lost,exact_date_components_unavailable,canonical_interpretation_rejected_by_exact_target_validation|canonical_omitted_no_valid_interpretation_as_of_date|historical_temporal_source_validation_unavailable|observed_relational_uniform_monthly_consumption,703,7,58,2026-07-25,2026-09-20,0uohci-vihrea-alyenergia-oy-opiskelijan-verraton-porssisahko|1ucmby-cheap-energy-finland-oy-cheap-kvartaalisahko|6e4ly6-kokkolan-energia-oy-tyyni
lost,exact_date_components_unavailable,canonical_omitted_ambiguous_covering_source_snapshots|observed_relational_uniform_monthly_consumption,3,1,1,2026-09-14,2026-09-14,kvwny9-vihrea-alyenergia-oy-vire-tuuli-porssisahko-tarjous-ensimmaiset-12-kk
unavailable,annual_cost_exceeds_ceiling,canonical_omitted_no_covering_source_observation|historical_episode_id_3271|historical_evidence_grade_exact_components_last_observed_text_backcast|historical_household_statistics_scope_assumed|historical_interpretation_completed_at_2026-08-07T09:19:40+00:00|historical_interpretation_id_3271|retrospective_historical_interpretation,7,1,7,2026-02-05,2026-02-11,03ujs2-vaasan-sahko-myynti-oy-kiintea-12-kk-yosahko
unavailable,annual_cost_exceeds_ceiling,canonical_omitted_no_covering_source_observation|historical_episode_id_3272|historical_evidence_grade_exact_components_last_observed_text_backcast|historical_household_statistics_scope_assumed|historical_interpretation_completed_at_2026-08-07T09:20:05+00:00|historical_interpretation_id_3272|retrospective_historical_interpretation,6,1,6,2026-02-13,2026-02-18,03ujs2-vaasan-sahko-myynti-oy-kiintea-12-kk-yosahko
unavailable,canonical_outcome_not_listed,canonical_interpretation_rejected_by_exact_target_validation|exact_source_legacy_null_observation_binding|historical_household_statistics_scope_assumed,1,1,1,2026-07-24,2026-07-24,lhlgjg-helen-oy-helpposahko-l
unavailable,canonical_outcome_not_listed,canonical_interpretation_rejected_by_exact_target_validation|exact_source_legacy_null_observation_binding|historical_household_statistics_scope_assumed|legacy_null_mask_recovered_with_dated_consumption_eligibility|retrospective_exact_source_interpretation,18,3,2,2026-07-25,2026-07-26,8lw2cg-turku-energia-oy-louna-helppo-l|dgh71e-turku-energia-oy-louna-helppo-m|ztawud-turku-energia-oy-louna-helppo-s
unavailable,canonical_outcome_not_listed,canonical_interpretation_rejected_by_exact_target_validation|exact_source_legacy_null_observation_binding|historical_household_statistics_scope_assumed|retrospective_exact_source_interpretation,10,4,2,2026-07-23,2026-07-24,8lw2cg-turku-energia-oy-louna-helppo-l|dgh71e-turku-energia-oy-louna-helppo-m|lhlgjg-helen-oy-helpposahko-l
unavailable,canonical_outcome_not_listed,canonical_omitted_no_covering_source_observation|historical_episode_id_3372|historical_evidence_grade_exact_components_last_observed_text_backcast|historical_household_statistics_scope_assumed|historical_interpretation_completed_at_2026-08-07T10:04:18+00:00|historical_interpretation_id_3372|retrospective_historical_interpretation,99,1,33,2026-06-17,2026-07-19,23y54m-aanekosken-energia-oy-maalaisjarkisahko-yleissahko-6-kk-paastoton
unavailable,canonical_outcome_not_listed,canonical_omitted_no_covering_source_observation|historical_episode_id_3424|historical_evidence_grade_exact_components_last_observed_text_backcast|historical_household_statistics_scope_assumed|historical_interpretation_completed_at_2026-08-07T10:25:49+00:00|historical_interpretation_id_3424|retrospective_historical_interpretation,6,1,2,2026-07-20,2026-07-21,2yipbe-aanekosken-energia-oy-maalaisjarkisahko-kausisahko-6-kk-paastoton
unavailable,canonical_outcome_not_listed,canonical_omitted_no_covering_source_observation|historical_episode_id_3442|historical_evidence_grade_exact_components_first_immutable_text_backcast|historical_household_statistics_scope_assumed|historical_interpretation_completed_at_2026-08-07T10:32:51+00:00|historical_interpretation_id_3442|retrospective_historical_interpretation,6,1,2,2026-07-21,2026-07-22,3bdzoe-paneliankosken-voima-oy-kosken-kayttowoima-12-kk-kulutusjousto
unavailable,canonical_outcome_not_listed,canonical_omitted_no_covering_source_observation|historical_episode_id_3453|historical_evidence_grade_exact_components_last_observed_text_backcast|historical_household_statistics_scope_assumed|historical_interpretation_completed_at_2026-08-07T10:38:21+00:00|historical_interpretation_id_3453|retrospective_historical_interpretation,108,1,36,2026-04-28,2026-06-02,3hsu2i-aalto-energia-oyj-tyyni-vakiohinta
unavailable,canonical_outcome_not_listed,canonical_omitted_no_covering_source_observation|historical_episode_id_3458|historical_evidence_grade_exact_components_last_observed_text_backcast|historical_household_statistics_scope_assumed|historical_interpretation_completed_at_2026-08-07T10:40:58+00:00|historical_interpretation_id_3458|retrospective_historical_interpretation,90,1,30,2026-05-18,2026-06-16,3jyjg3-aanekosken-energia-oy-maalaisjarkisahko-yleissahko-6-kk-paastoton
unavailable,canonical_outcome_not_listed,canonical_omitted_no_covering_source_observation|historical_episode_id_3572|historical_evidence_grade_exact_components_last_observed_text_backcast|historical_household_statistics_scope_assumed|historical_interpretation_completed_at_2026-08-07T11:36:13+00:00|historical_interpretation_id_3572|retrospective_historical_interpretation,81,1,27,2026-03-07,2026-04-02,5kjuso-vattenfall-oy-ilmasto-mix-6-kk
unavailable,canonical_outcome_not_listed,canonical_omitted_no_covering_source_observation|historical_episode_id_3577|historical_evidence_grade_exact_components_first_immutable_text_backcast|historical_household_statistics_scope_assumed|historical_interpretation_completed_at_2026-08-07T11:38:41+00:00|historical_interpretation_id_3577|retrospective_historical_interpretation,6,1,2,2026-07-21,2026-07-22,5me61f-paneliankosken-voima-oy-kosken-kayttowoima-24-kk-kulutusjousto
unavailable,canonical_outcome_not_listed,canonical_omitted_no_covering_source_observation|historical_episode_id_3581|historical_evidence_grade_exact_components_last_observed_text_backcast|historical_household_statistics_scope_assumed|historical_interpretation_completed_at_2026-08-07T11:40:58+00:00|historical_interpretation_id_3581|retrospective_historical_interpretation,90,1,30,2026-05-06,2026-06-04,5oqlmc-pohjois-karjalan-sahko-oy-optimi-takuu-6-kuukautta
unavailable,canonical_outcome_not_listed,canonical_omitted_no_covering_source_observation|historical_episode_id_3696|historical_evidence_grade_exact_components_last_observed_text_backcast|historical_household_statistics_scope_assumed|historical_interpretation_completed_at_2026-08-07T12:33:04+00:00|historical_interpretation_id_3696|retrospective_historical_interpretation,3,1,1,2026-03-31,2026-03-31,7to0dx-lumme-energia-vuosisahko-6-kk-hinta-joka-ei-heilu
unavailable,canonical_outcome_not_listed,canonical_omitted_no_covering_source_observation|historical_episode_id_3715|historical_evidence_grade_exact_components_last_observed_text_backcast|historical_household_statistics_scope_assumed|historical_interpretation_completed_at_2026-08-07T12:42:22+00:00|historical_interpretation_id_3715|retrospective_historical_interpretation,27,1,9,2026-02-03,2026-02-11,86oyzv-vihrea-alyenergia-oy-vankka-kiintea-6kk-fossiilivapaa
unavailable,canonical_outcome_not_listed,canonical_omitted_no_covering_source_observation|historical_episode_id_3769|historical_evidence_grade_exact_components_last_observed_text_backcast|historical_household_statistics_scope_assumed|historical_interpretation_completed_at_2026-08-07T13:06:54+00:00|historical_interpretation_id_3769|retrospective_historical_interpretation|unknown_short_fixed_term_duration,9,1,3,2026-01-24,2026-01-26,8xiwyn-vihrea-alyenergia-oy-vankka-kiintea-9kk-fossiilivapaa-ensimmainen-kuukausi-ilman-perusmaksua
unavailable,canonical_outcome_not_listed,canonical_omitted_no_covering_source_observation|historical_episode_id_3780|historical_evidence_grade_exact_components_first_immutable_text_backcast|historical_household_statistics_scope_assumed|historical_interpretation_completed_at_2026-08-07T13:11:54+00:00|historical_interpretation_id_3780|retrospective_historical_interpretation,39,1,13,2026-02-18,2026-03-02,9a16oh-hehku-energia-oy-hehku-spot
unavailable,canonical_outcome_not_listed,canonical_omitted_no_covering_source_observation|historical_episode_id_3917|historical_evidence_grade_exact_components_last_observed_text_backcast|historical_household_statistics_scope_assumed|historical_interpretation_completed_at_2026-08-07T14:30:53+00:00|historical_interpretation_id_3917|retrospective_historical_interpretation,9,1,3,2026-05-05,2026-05-07,axfpzg-oomi-oy-oomi-kiintea-6-kk
unavailable,canonical_outcome_not_listed,canonical_omitted_no_covering_source_observation|historical_episode_id_3992|historical_evidence_grade_exact_components_last_observed_text_backcast|historical_household_statistics_scope_assumed|historical_interpretation_completed_at_2026-08-07T15:10:21+00:00|historical_interpretation_id_3992|retrospective_historical_interpretation,9,1,3,2026-06-13,2026-06-15,bly52m-lumme-energia-vuosisahko-6-kk-hinta-joka-ei-heilu
unavailable,canonical_outcome_not_listed,canonical_omitted_no_covering_source_observation|historical_episode_id_4026|historical_evidence_grade_exact_components_last_observed_text_backcast|historical_household_statistics_scope_assumed|historical_interpretation_completed_at_2026-08-07T15:27:17+00:00|historical_interpretation_id_4026|retrospective_historical_interpretation,117,1,39,2026-02-13,2026-03-23,buekyk-paneliankosken-voima-oy-kosken-kayttowoima-12-kk-kulutusjousto
unavailable,canonical_outcome_not_listed,canonical_omitted_no_covering_source_observation|historical_episode_id_4115|historical_evidence_grade_exact_components_last_observed_text_backcast|historical_household_statistics_scope_assumed|historical_interpretation_completed_at_2026-08-07T16:14:33+00:00|historical_interpretation_id_4115|retrospective_historical_interpretation|unknown_short_fixed_term_duration,69,1,23,2026-03-25,2026-04-16,cuhjgq-aalto-energia-oyj-ankkuri-kiintea-3kk-ensimmainen-kuukausi-ilman-perusmaksua
unavailable,canonical_outcome_not_listed,canonical_omitted_no_covering_source_observation|historical_episode_id_4128|historical_evidence_grade_exact_components_last_observed_text_backcast|historical_household_statistics_scope_assumed|historical_interpretation_completed_at_2026-08-07T16:21:51+00:00|historical_interpretation_id_4128|retrospective_historical_interpretation,66,1,22,2026-05-21,2026-06-11,cwlgvo-paneliankosken-voima-oy-kosken-kayttowoima-24-kk-kulutusjousto
unavailable,canonical_outcome_not_listed,canonical_omitted_no_covering_source_observation|historical_episode_id_4156|historical_evidence_grade_exact_components_last_observed_text_backcast|historical_household_statistics_scope_assumed|historical_interpretation_completed_at_2026-08-07T16:38:32+00:00|historical_interpretation_id_4156|retrospective_historical_interpretation,66,1,22,2026-01-21,2026-02-11,d311eg-paneliankosken-voima-oy-kosken-kayttowoima-24-kk-kulutusjousto
unavailable,canonical_outcome_not_listed,canonical_omitted_no_covering_source_observation|historical_episode_id_4196|historical_evidence_grade_exact_components_first_immutable_text_backcast|historical_household_statistics_scope_assumed|historical_interpretation_completed_at_2026-08-07T16:53:22+00:00|historical_interpretation_id_4196|retrospective_historical_interpretation,66,1,22,2026-01-21,2026-02-11,dgh71e-turku-energia-oy-louna-helppo-m
unavailable,canonical_outcome_not_listed,canonical_omitted_no_covering_source_observation|historical_episode_id_4343|historical_evidence_grade_exact_components_last_observed_text_backcast|historical_household_statistics_scope_assumed|historical_interpretation_completed_at_2026-08-07T17:54:03+00:00|historical_interpretation_id_4343|retrospective_historical_interpretation,48,1,16,2026-04-23,2026-05-08,emtnli-vihrea-alyenergia-oy-vakaa-valinta
unavailable,canonical_outcome_not_listed,canonical_omitted_no_covering_source_observation|historical_episode_id_4365|historical_evidence_grade_exact_components_first_immutable_text_backcast|historical_household_statistics_scope_assumed|historical_interpretation_completed_at_2026-08-07T18:03:16+00:00|historical_interpretation_id_4365|retrospective_historical_interpretation,6,1,2,2026-07-21,2026-07-22,exizi7-paneliankosken-voima-oy-kosken-kayttowoima-12-kk-kulutusjousto
unavailable,canonical_outcome_not_listed,canonical_omitted_no_covering_source_observation|historical_episode_id_4675|historical_evidence_grade_exact_components_last_observed_text_backcast|historical_household_statistics_scope_assumed|historical_interpretation_completed_at_2026-08-08T07:52:18+00:00|historical_interpretation_id_4675|retrospective_historical_interpretation|unknown_short_fixed_term_duration,21,1,7,2026-01-21,2026-01-27,i2ybas-sahkotytot-oy-kiintea-9kk-ensimmaiset-3kk-ilman-perusmaksua
unavailable,canonical_outcome_not_listed,canonical_omitted_no_covering_source_observation|historical_episode_id_4692|historical_evidence_grade_exact_components_last_observed_text_backcast|historical_household_statistics_scope_assumed|historical_interpretation_completed_at_2026-08-07T20:22:44+00:00|historical_interpretation_id_4692|retrospective_historical_interpretation,24,1,8,2026-01-21,2026-01-28,idgmqm-vaasan-sahko-myynti-oy-kiintea-6-kk-yleissahko
unavailable,canonical_outcome_not_listed,canonical_omitted_no_covering_source_observation|historical_episode_id_4852|historical_evidence_grade_exact_components_last_observed_text_backcast|historical_household_statistics_scope_assumed|historical_interpretation_completed_at_2026-08-07T21:31:23+00:00|historical_interpretation_id_4852|retrospective_historical_interpretation|unknown_short_fixed_term_duration,99,1,33,2026-04-17,2026-05-19,kao0d2-aalto-energia-oyj-ankkuri-kiintea-3kk-ensimmainen-kuukausi-ilman-perusmaksua
unavailable,canonical_outcome_not_listed,canonical_omitted_no_covering_source_observation|historical_episode_id_4853|historical_evidence_grade_exact_components_last_observed_text_backcast|historical_household_statistics_scope_assumed|historical_interpretation_completed_at_2026-08-07T21:31:51+00:00|historical_interpretation_id_4853|retrospective_historical_interpretation,69,1,23,2026-03-24,2026-04-15,kbaqkl-paneliankosken-voima-oy-kosken-kayttowoima-24-kk-kulutusjousto
unavailable,canonical_outcome_not_listed,canonical_omitted_no_covering_source_observation|historical_episode_id_4925|historical_evidence_grade_exact_components_first_immutable_text_backcast|historical_household_statistics_scope_assumed|historical_interpretation_completed_at_2026-08-07T21:58:23+00:00|historical_interpretation_id_4925|retrospective_historical_interpretation,66,1,22,2026-01-21,2026-02-11,kw0pi8-turku-energia-oy-louna-helppo-xs
unavailable,canonical_outcome_not_listed,canonical_omitted_no_covering_source_observation|historical_episode_id_4926|historical_evidence_grade_exact_components_first_immutable_text_backcast|historical_household_statistics_scope_assumed|historical_interpretation_completed_at_2026-08-07T21:58:45+00:00|historical_interpretation_id_4926|retrospective_historical_interpretation,480,1,160,2026-02-13,2026-07-22,kw0pi8-turku-energia-oy-louna-helppo-xs
unavailable,canonical_outcome_not_listed,canonical_omitted_no_covering_source_observation|historical_episode_id_4969|historical_evidence_grade_exact_components_last_observed_text_backcast|historical_household_statistics_scope_assumed|historical_interpretation_completed_at_2026-08-07T22:21:16+00:00|historical_interpretation_id_4969|retrospective_historical_interpretation,9,1,3,2026-02-09,2026-02-11,laxtwi-vattenfall-oy-ilmasto-mix-6-kk
unavailable,canonical_outcome_not_listed,canonical_omitted_no_covering_source_observation|historical_episode_id_4970|historical_evidence_grade_exact_components_last_observed_text_backcast|historical_household_statistics_scope_assumed|historical_interpretation_completed_at_2026-08-07T22:21:56+00:00|historical_interpretation_id_4970|retrospective_historical_interpretation,12,1,4,2026-02-13,2026-02-16,laxtwi-vattenfall-oy-ilmasto-mix-6-kk
unavailable,canonical_outcome_not_listed,canonical_omitted_no_covering_source_observation|historical_episode_id_4982|historical_evidence_grade_exact_components_last_observed_text_backcast|historical_household_statistics_scope_assumed|historical_interpretation_completed_at_2026-08-07T22:27:09+00:00|historical_interpretation_id_4982|retrospective_historical_interpretation,90,1,30,2026-05-18,2026-06-16,le6ufb-aanekosken-energia-oy-maalaisjarkisahko-kausisahko-6-kk-paastoton
unavailable,canonical_outcome_not_listed,canonical_omitted_no_covering_source_observation|historical_episode_id_5015|historical_evidence_grade_exact_components_last_observed_text_backcast|historical_household_statistics_scope_assumed|historical_interpretation_completed_at_2026-08-07T22:42:14+00:00|historical_interpretation_id_5015|retrospective_historical_interpretation|unknown_short_fixed_term_duration,3,1,1,2026-03-24,2026-03-24,lqd9mo-aalto-energia-oyj-ankkuri-kiintea-3kk-ensimmainen-kuukausi-ilman-perusmaksua
unavailable,canonical_outcome_not_listed,canonical_omitted_no_covering_source_observation|historical_episode_id_5340|historical_evidence_grade_exact_components_last_observed_text_backcast|historical_household_statistics_scope_assumed|historical_interpretation_completed_at_2026-08-08T00:49:43+00:00|historical_interpretation_id_5340|retrospective_historical_interpretation|unknown_short_fixed_term_duration,99,1,33,2026-06-18,2026-07-20,on0rl2-aalto-energia-oyj-ankkuri-kiintea-3kk-ensimmainen-kuukausi-ilman-perusmaksua
unavailable,canonical_outcome_not_listed,canonical_omitted_no_covering_source_observation|historical_episode_id_5479|historical_evidence_grade_exact_components_last_observed_text_backcast|historical_household_statistics_scope_assumed|historical_interpretation_completed_at_2026-08-08T01:43:18+00:00|historical_interpretation_id_5479|retrospective_historical_interpretation,15,1,5,2026-03-12,2026-03-16,pzhjup-hehku-energia-oy-hehku-kiintea-18-kk-perusmaksu-0-ensimmaiset-3-kuukautta
unavailable,canonical_outcome_not_listed,canonical_omitted_no_covering_source_observation|historical_episode_id_5508|historical_evidence_grade_exact_components_last_observed_text_backcast|historical_household_statistics_scope_assumed|historical_interpretation_completed_at_2026-08-08T01:57:02+00:00|historical_interpretation_id_5508|retrospective_historical_interpretation,27,1,9,2026-02-03,2026-02-11,qf5zsw-aanekosken-energia-oy-maalaisjarkisahko-kausisahko-6-kk-paastoton
unavailable,canonical_outcome_not_listed,canonical_omitted_no_covering_source_observation|historical_episode_id_5524|historical_evidence_grade_exact_components_last_observed_text_backcast|historical_household_statistics_scope_assumed|historical_interpretation_completed_at_2026-08-08T02:01:31+00:00|historical_interpretation_id_5524|retrospective_historical_interpretation,18,1,6,2026-02-13,2026-02-18,qion2o-vaasan-sahko-myynti-oy-kiintea-6-kk-yleissahko
unavailable,canonical_outcome_not_listed,canonical_omitted_no_covering_source_observation|historical_episode_id_5711|historical_evidence_grade_exact_components_last_observed_text_backcast|historical_household_statistics_scope_assumed|historical_interpretation_completed_at_2026-08-08T03:22:03+00:00|historical_interpretation_id_5711|retrospective_historical_interpretation,21,1,7,2026-01-22,2026-01-28,s7eeuu-vattenfall-oy-ilmasto-mix-6-kk
unavailable,canonical_outcome_not_listed,canonical_omitted_no_covering_source_observation|historical_episode_id_5732|historical_evidence_grade_exact_components_last_observed_text_backcast|historical_household_statistics_scope_assumed|historical_interpretation_completed_at_2026-08-08T03:31:19+00:00|historical_interpretation_id_5732|retrospective_historical_interpretation,105,1,35,2026-02-13,2026-03-19,sdtfir-hehku-energia-oy-hehku-talviturva
unavailable,canonical_outcome_not_listed,canonical_omitted_no_covering_source_observation|historical_episode_id_5751|historical_evidence_grade_exact_components_last_observed_text_backcast|historical_household_statistics_scope_assumed|historical_interpretation_completed_at_2026-08-08T03:39:25+00:00|historical_interpretation_id_5751|retrospective_historical_interpretation,18,1,6,2026-01-29,2026-02-03,shkf2y-vare-oy-maaraaikainen-sahko-6-kk
unavailable,canonical_outcome_not_listed,canonical_omitted_no_covering_source_observation|historical_episode_id_5870|historical_evidence_grade_exact_components_last_observed_text_backcast|historical_household_statistics_scope_assumed|historical_interpretation_completed_at_2026-08-08T04:20:03+00:00|historical_interpretation_id_5870|retrospective_historical_interpretation|unknown_short_fixed_term_duration,9,1,3,2026-01-21,2026-01-23,tjluwp-vihrea-alyenergia-oy-vankka-kiintea-9kk-fossiilivapaa
unavailable,canonical_outcome_not_listed,canonical_omitted_no_covering_source_observation|historical_episode_id_6023|historical_evidence_grade_exact_components_last_observed_text_backcast|historical_household_statistics_scope_assumed|historical_interpretation_completed_at_2026-08-08T05:10:57+00:00|historical_interpretation_id_6023|retrospective_historical_interpretation|unknown_short_fixed_term_duration,18,1,6,2026-07-15,2026-07-20,uugpxc-cheap-energy-finland-oy-cheap-maaraaikainen-3-kk-perusmaksu-0-koko-sopimuskauden-ajan
unavailable,canonical_outcome_not_listed,canonical_omitted_no_covering_source_observation|historical_episode_id_6025|historical_evidence_grade_exact_components_last_observed_text_backcast|historical_household_statistics_scope_assumed|historical_interpretation_completed_at_2026-08-08T05:11:41+00:00|historical_interpretation_id_6025|retrospective_historical_interpretation,3,1,1,2026-01-21,2026-01-21,uvg4pi-vattenfall-oy-ilmasto-mix-6-kk
unavailable,canonical_outcome_not_listed,canonical_omitted_no_covering_source_observation|historical_episode_id_6038|historical_evidence_grade_exact_components_last_observed_text_backcast|historical_household_statistics_scope_assumed|historical_interpretation_completed_at_2026-08-08T05:15:50+00:00|historical_interpretation_id_6038|retrospective_historical_interpretation,21,1,7,2026-05-16,2026-05-22,uzcmur-lumme-energia-vuosisahko-6-kk-hinta-joka-ei-heilu
unavailable,canonical_outcome_not_listed,canonical_omitted_no_covering_source_observation|historical_episode_id_6245|historical_evidence_grade_exact_components_last_observed_text_backcast|historical_household_statistics_scope_assumed|historical_interpretation_completed_at_2026-08-08T06:18:41+00:00|historical_interpretation_id_6245|retrospective_historical_interpretation,3,1,1,2026-01-29,2026-01-29,x2kqiw-hehku-energia-oy-hehku-kiintea-24-kk-0-kuukausimaksu-ensimmaiset-3-kk
unavailable,canonical_outcome_not_listed,canonical_omitted_no_covering_source_observation|historical_episode_id_6305|historical_evidence_grade_exact_components_last_observed_text_backcast|historical_household_statistics_scope_assumed|historical_interpretation_completed_at_2026-08-08T06:38:02+00:00|historical_interpretation_id_6305|retrospective_historical_interpretation,21,1,7,2026-03-03,2026-03-09,xlzwg1-helen-oy-maaraaikainen-perussahko-6-kk
unavailable,canonical_outcome_not_listed,canonical_omitted_no_covering_source_observation|historical_episode_id_6320|historical_evidence_grade_exact_components_last_observed_text_backcast|historical_household_statistics_scope_assumed|historical_interpretation_completed_at_2026-08-08T06:42:33+00:00|historical_interpretation_id_6320|retrospective_historical_interpretation,105,1,35,2026-04-16,2026-05-20,xr1hrg-paneliankosken-voima-oy-kosken-kayttowoima-12-kk-kulutusjousto
unavailable,canonical_outcome_not_listed,canonical_omitted_no_covering_source_observation|historical_episode_id_6378|historical_evidence_grade_exact_components_last_observed_text_backcast|historical_household_statistics_scope_assumed|historical_interpretation_completed_at_2026-08-08T06:59:26+00:00|historical_interpretation_id_6378|retrospective_historical_interpretation|unknown_short_fixed_term_duration,27,1,9,2026-02-03,2026-02-11,ychtcj-vihrea-alyenergia-oy-vankka-kiintea-4kk-fossiilivapaa
unavailable,canonical_outcome_not_listed,canonical_omitted_no_covering_source_observation|historical_episode_id_6434|historical_evidence_grade_exact_components_last_observed_text_backcast|historical_household_statistics_scope_assumed|historical_interpretation_completed_at_2026-08-08T07:18:03+00:00|historical_interpretation_id_6434|retrospective_historical_interpretation,24,1,8,2026-04-15,2026-04-22,ysdbiv-vare-oy-maaraaikainen-sahko-6-kk
unavailable,canonical_outcome_not_listed,canonical_omitted_no_covering_source_observation|historical_episode_id_6513|historical_evidence_grade_exact_components_first_immutable_text_backcast|historical_household_statistics_scope_assumed|historical_interpretation_completed_at_2026-08-08T07:42:01+00:00|historical_interpretation_id_6513|retrospective_historical_interpretation,66,1,22,2026-01-21,2026-02-11,ztawud-turku-energia-oy-louna-helppo-s
unavailable,canonical_outcome_not_listed,canonical_omitted_no_covering_source_observation|historical_episode_id_6514|historical_evidence_grade_exact_components_first_immutable_text_backcast|historical_household_statistics_scope_assumed|historical_interpretation_completed_at_2026-08-08T07:42:25+00:00|historical_interpretation_id_6514|retrospective_historical_interpretation,480,1,160,2026-02-13,2026-07-22,ztawud-turku-energia-oy-louna-helppo-s
unavailable,canonical_outcome_not_listed,exact_source_legacy_null_observation_binding|historical_household_statistics_scope_assumed,19,3,6,2026-07-24,2026-08-06,3bdzoe-paneliankosken-voima-oy-kosken-kayttowoima-12-kk-kulutusjousto|n2hxzq-vihrea-alyenergia-oy-verraton-porssisahko-tarjous-ensimmaiset-6-kk|x5t18z-helen-oy-helpposahko-m
unavailable,canonical_outcome_not_listed,exact_source_legacy_null_observation_binding|historical_household_statistics_scope_assumed|insufficient_promotion_terms|retrospective_exact_source_interpretation,3,1,1,2026-07-23,2026-07-23,iq7fja-vimpelin-voima-oy-vuodenaikatariffi
unavailable,canonical_outcome_not_listed,exact_source_legacy_null_observation_binding|historical_household_statistics_scope_assumed|legacy_null_mask_recovered_with_dated_consumption_eligibility|retrospective_exact_source_interpretation,6,1,2,2026-07-25,2026-07-26,kw0pi8-turku-energia-oy-louna-helppo-xs
unavailable,canonical_outcome_not_listed,exact_source_legacy_null_observation_binding|historical_household_statistics_scope_assumed|retrospective_exact_source_interpretation,3,1,1,2026-07-24,2026-07-24,kw0pi8-turku-energia-oy-louna-helppo-xs
unavailable,exact_date_components_unavailable,canonical_interpretation_rejected_by_exact_target_validation|canonical_omitted_no_valid_interpretation_as_of_date|observed_relational_uniform_monthly_consumption,9,1,3,2026-07-25,2026-07-27,okmsyk-cheap-energy-finland-oy-cheap-maaraaikainen-6-kk
unavailable,exact_date_components_unavailable,canonical_omitted_no_covering_source_observation|historical_canonical_omitted_no_covering_current_builder_episode|observed_relational_uniform_monthly_consumption,6,1,2,2026-07-25,2026-07-26,n3dcim-fortum-markets-oy-fortum-takuu-24-kk
unavailable,exact_date_components_unavailable,canonical_omitted_no_valid_interpretation_as_of_date|observed_relational_uniform_monthly_consumption,18,2,6,2026-07-29,2026-08-06,n2hxzq-vihrea-alyenergia-oy-verraton-porssisahko-tarjous-ensimmaiset-6-kk|uaclot-helen-oy-maaraaikainen-valkkysahko-24-kk
unavailable,historical_consumption_eligibility_unknown_null_mask,canonical_omitted_no_covering_source_observation|historical_consumption_eligibility_unknown_null_mask|historical_episode_id_3302|historical_evidence_grade_exact_components_first_immutable_text_backcast|historical_household_statistics_scope_assumed|historical_interpretation_completed_at_2026-08-07T09:32:27+00:00|historical_interpretation_id_3302|retrospective_historical_interpretation,22,1,22,2026-05-09,2026-05-30,0uohci-vihrea-alyenergia-oy-opiskelijan-verraton-porssisahko
unavailable,historical_consumption_eligibility_unknown_null_mask,canonical_omitted_no_covering_source_observation|historical_consumption_eligibility_unknown_null_mask|historical_episode_id_3303|historical_evidence_grade_exact_components_first_immutable_text_backcast|historical_household_statistics_scope_assumed|historical_interpretation_completed_at_2026-08-07T09:32:50+00:00|historical_interpretation_id_3303|retrospective_historical_interpretation,1,1,1,2026-05-31,2026-05-31,0uohci-vihrea-alyenergia-oy-opiskelijan-verraton-porssisahko
unavailable,historical_consumption_eligibility_unknown_null_mask,canonical_omitted_no_covering_source_observation|historical_consumption_eligibility_unknown_null_mask|historical_episode_id_3304|historical_evidence_grade_exact_components_first_immutable_text_backcast|historical_household_statistics_scope_assumed|historical_interpretation_completed_at_2026-08-07T09:33:09+00:00|historical_interpretation_id_3304|retrospective_historical_interpretation,25,1,25,2026-06-01,2026-06-25,0uohci-vihrea-alyenergia-oy-opiskelijan-verraton-porssisahko
unavailable,historical_consumption_eligibility_unknown_null_mask,canonical_omitted_no_covering_source_observation|historical_consumption_eligibility_unknown_null_mask|historical_episode_id_3305|historical_evidence_grade_exact_components_first_immutable_text_backcast|historical_household_statistics_scope_assumed|historical_interpretation_completed_at_2026-08-07T09:33:52+00:00|historical_interpretation_id_3305|retrospective_historical_interpretation,1,1,1,2026-06-26,2026-06-26,0uohci-vihrea-alyenergia-oy-opiskelijan-verraton-porssisahko
unavailable,historical_consumption_eligibility_unknown_null_mask,canonical_omitted_no_covering_source_observation|historical_consumption_eligibility_unknown_null_mask|historical_episode_id_3306|historical_evidence_grade_exact_components_first_immutable_text_backcast|historical_household_statistics_scope_assumed|historical_interpretation_completed_at_2026-08-07T09:34:13+00:00|historical_interpretation_id_3306|retrospective_historical_interpretation,26,1,26,2026-06-27,2026-07-22,0uohci-vihrea-alyenergia-oy-opiskelijan-verraton-porssisahko
unavailable,historical_consumption_eligibility_unknown_null_mask,canonical_omitted_no_covering_source_observation|historical_consumption_eligibility_unknown_null_mask|historical_episode_id_3374|historical_evidence_grade_exact_components_last_observed_text_backcast|historical_household_statistics_scope_assumed|historical_interpretation_completed_at_2026-08-07T10:04:53+00:00|historical_interpretation_id_3374|retrospective_historical_interpretation,66,1,22,2026-01-21,2026-02-11,27jycv-vare-oy-kuukausisahko-xs
unavailable,historical_consumption_eligibility_unknown_null_mask,canonical_omitted_no_covering_source_observation|historical_consumption_eligibility_unknown_null_mask|historical_episode_id_3375|historical_evidence_grade_exact_components_last_observed_text_backcast|historical_household_statistics_scope_assumed|historical_interpretation_completed_at_2026-08-07T10:05:11+00:00|historical_interpretation_id_3375|retrospective_historical_interpretation,207,1,69,2026-02-13,2026-04-22,27jycv-vare-oy-kuukausisahko-xs
unavailable,historical_consumption_eligibility_unknown_null_mask,canonical_omitted_no_covering_source_observation|historical_consumption_eligibility_unknown_null_mask|historical_episode_id_3384|historical_evidence_grade_exact_components_last_observed_text_backcast|historical_household_statistics_scope_assumed|historical_interpretation_completed_at_2026-08-07T10:09:26+00:00|historical_interpretation_id_3384|retrospective_historical_interpretation,22,1,22,2026-01-21,2026-02-11,2dwxq8-vihrea-alyenergia-oy-vire-tuuli-opiskelija
unavailable,historical_consumption_eligibility_unknown_null_mask,canonical_omitted_no_covering_source_observation|historical_consumption_eligibility_unknown_null_mask|historical_episode_id_3385|historical_evidence_grade_exact_components_last_observed_text_backcast|historical_household_statistics_scope_assumed|historical_interpretation_completed_at_2026-08-07T10:09:45+00:00|historical_interpretation_id_3385|retrospective_historical_interpretation,14,1,14,2026-02-13,2026-02-26,2dwxq8-vihrea-alyenergia-oy-vire-tuuli-opiskelija
unavailable,historical_consumption_eligibility_unknown_null_mask,canonical_omitted_no_covering_source_observation|historical_consumption_eligibility_unknown_null_mask|historical_episode_id_3386|historical_evidence_grade_exact_components_last_observed_text_backcast|historical_household_statistics_scope_assumed|historical_interpretation_completed_at_2026-08-07T10:10:16+00:00|historical_interpretation_id_3386|retrospective_historical_interpretation,1,1,1,2026-02-27,2026-02-27,2dwxq8-vihrea-alyenergia-oy-vire-tuuli-opiskelija
unavailable,historical_consumption_eligibility_unknown_null_mask,canonical_omitted_no_covering_source_observation|historical_consumption_eligibility_unknown_null_mask|historical_episode_id_3387|historical_evidence_grade_exact_components_last_observed_text_backcast|historical_household_statistics_scope_assumed|historical_interpretation_completed_at_2026-08-07T10:10:31+00:00|historical_interpretation_id_3387|retrospective_historical_interpretation,4,1,4,2026-02-28,2026-03-03,2dwxq8-vihrea-alyenergia-oy-vire-tuuli-opiskelija
unavailable,historical_consumption_eligibility_unknown_null_mask,canonical_omitted_no_covering_source_observation|historical_consumption_eligibility_unknown_null_mask|historical_episode_id_3405|historical_evidence_grade_exact_components_last_observed_text_backcast|historical_household_statistics_scope_assumed|historical_interpretation_completed_at_2026-08-07T10:17:10+00:00|historical_interpretation_id_3405|retrospective_historical_interpretation,182,1,91,2026-04-01,2026-06-30,2qmngj-pohjois-karjalan-sahko-oy-oiva
unavailable,historical_consumption_eligibility_unknown_null_mask,canonical_omitted_no_covering_source_observation|historical_consumption_eligibility_unknown_null_mask|historical_episode_id_3470|historical_evidence_grade_exact_components_last_observed_text_backcast|historical_household_statistics_scope_assumed|historical_interpretation_completed_at_2026-08-07T10:46:51+00:00|historical_interpretation_id_3470|retrospective_historical_interpretation,21,1,21,2026-04-17,2026-05-07,3rwi4k-vihrea-alyenergia-oy-vire-tuuli-kiintea-12kk
unavailable,historical_consumption_eligibility_unknown_null_mask,canonical_omitted_no_covering_source_observation|historical_consumption_eligibility_unknown_null_mask|historical_episode_id_3472|historical_evidence_grade_exact_components_first_immutable_text_backcast|historical_household_statistics_scope_assumed|historical_interpretation_completed_at_2026-08-07T10:47:53+00:00|historical_interpretation_id_3472|retrospective_historical_interpretation,212,1,106,2026-04-08,2026-07-22,3sivst-helen-oy-helpposahko-s
unavailable,historical_consumption_eligibility_unknown_null_mask,canonical_omitted_no_covering_source_observation|historical_consumption_eligibility_unknown_null_mask|historical_episode_id_3506|historical_evidence_grade_exact_components_last_observed_text_backcast|historical_household_statistics_scope_assumed|historical_interpretation_completed_at_2026-08-07T11:04:02+00:00|historical_interpretation_id_3506|retrospective_historical_interpretation,32,1,16,2026-07-07,2026-07-22,4jxjsu-vihrea-alyenergia-oy-vakaa-valinta
unavailable,historical_consumption_eligibility_unknown_null_mask,canonical_omitted_no_covering_source_observation|historical_consumption_eligibility_unknown_null_mask|historical_episode_id_3594|historical_evidence_grade_exact_components_last_observed_text_backcast|historical_household_statistics_scope_assumed|historical_interpretation_completed_at_2026-08-07T11:46:10+00:00|historical_interpretation_id_3594|retrospective_historical_interpretation,66,1,66,2026-03-04,2026-05-08,5wmbuy-vihrea-alyenergia-oy-opiskelijan-verraton-porssisahko
unavailable,historical_consumption_eligibility_unknown_null_mask,canonical_omitted_no_covering_source_observation|historical_consumption_eligibility_unknown_null_mask|historical_episode_id_3637|historical_evidence_grade_exact_components_last_observed_text_backcast|historical_household_statistics_scope_assumed|historical_interpretation_completed_at_2026-08-07T12:04:11+00:00|historical_interpretation_id_3637|retrospective_historical_interpretation,42,1,21,2026-01-21,2026-02-10,6owld1-helen-oy-helpposahko-s
unavailable,historical_consumption_eligibility_unknown_null_mask,canonical_omitted_no_covering_source_observation|historical_consumption_eligibility_unknown_null_mask|historical_episode_id_3698|historical_evidence_grade_exact_components_last_observed_text_backcast|historical_household_statistics_scope_assumed|historical_interpretation_completed_at_2026-08-07T12:33:57+00:00|historical_interpretation_id_3698|retrospective_historical_interpretation,76,1,76,2026-05-08,2026-07-22,7tzr90-vihrea-alyenergia-oy-vankka-kiintea-12kk-fossiilivapaa
unavailable,historical_consumption_eligibility_unknown_null_mask,canonical_omitted_no_covering_source_observation|historical_consumption_eligibility_unknown_null_mask|historical_episode_id_3773|historical_evidence_grade_exact_components_last_observed_text_backcast|historical_household_statistics_scope_assumed|historical_interpretation_completed_at_2026-08-07T13:08:42+00:00|historical_interpretation_id_3773|retrospective_historical_interpretation,91,1,91,2026-04-01,2026-06-30,90di2y-pohjois-karjalan-sahko-oy-oiva-plus
unavailable,historical_consumption_eligibility_unknown_null_mask,canonical_omitted_no_covering_source_observation|historical_consumption_eligibility_unknown_null_mask|historical_episode_id_3806|historical_evidence_grade_exact_components_last_observed_text_backcast|historical_household_statistics_scope_assumed|historical_interpretation_completed_at_2026-08-07T13:27:14+00:00|historical_interpretation_id_3806|retrospective_historical_interpretation,44,1,22,2026-01-21,2026-02-11,9mpknw-pohjois-karjalan-sahko-oy-oiva
unavailable,historical_consumption_eligibility_unknown_null_mask,canonical_omitted_no_covering_source_observation|historical_consumption_eligibility_unknown_null_mask|historical_episode_id_3807|historical_evidence_grade_exact_components_last_observed_text_backcast|historical_household_statistics_scope_assumed|historical_interpretation_completed_at_2026-08-07T13:27:36+00:00|historical_interpretation_id_3807|retrospective_historical_interpretation,94,1,47,2026-02-13,2026-03-31,9mpknw-pohjois-karjalan-sahko-oy-oiva
unavailable,historical_consumption_eligibility_unknown_null_mask,canonical_omitted_no_covering_source_observation|historical_consumption_eligibility_unknown_null_mask|historical_episode_id_3809|historical_evidence_grade_exact_components_last_observed_text_backcast|historical_household_statistics_scope_assumed|historical_interpretation_completed_at_2026-08-07T13:28:05+00:00|historical_interpretation_id_3809|retrospective_historical_interpretation,42,1,21,2026-01-21,2026-02-10,9nkibb-helen-oy-helpposahko-m
unavailable,historical_consumption_eligibility_unknown_null_mask,canonical_omitted_no_covering_source_observation|historical_consumption_eligibility_unknown_null_mask|historical_episode_id_3875|historical_evidence_grade_exact_components_last_observed_text_backcast|historical_household_statistics_scope_assumed|historical_interpretation_completed_at_2026-08-07T14:10:34+00:00|historical_interpretation_id_3875|retrospective_historical_interpretation,44,1,22,2026-01-21,2026-02-11,ajaidg-nordic-green-energy-uusiutuva-hybridi-12k
unavailable,historical_consumption_eligibility_unknown_null_mask,canonical_omitted_no_covering_source_observation|historical_consumption_eligibility_unknown_null_mask|historical_episode_id_3876|historical_evidence_grade_exact_components_last_observed_text_backcast|historical_household_statistics_scope_assumed|historical_interpretation_completed_at_2026-08-07T14:11:16+00:00|historical_interpretation_id_3876|retrospective_historical_interpretation,276,1,138,2026-02-13,2026-06-30,ajaidg-nordic-green-energy-uusiutuva-hybridi-12k
unavailable,historical_consumption_eligibility_unknown_null_mask,canonical_omitted_no_covering_source_observation|historical_consumption_eligibility_unknown_null_mask|historical_episode_id_3909|historical_evidence_grade_exact_components_first_immutable_text_backcast|historical_household_statistics_scope_assumed|historical_interpretation_completed_at_2026-08-07T14:27:12+00:00|historical_interpretation_id_3909|retrospective_historical_interpretation,44,1,22,2026-07-01,2026-07-22,atagtz-nordic-green-energy-uusiutuva-hybridi-24kk
unavailable,historical_consumption_eligibility_unknown_null_mask,canonical_omitted_no_covering_source_observation|historical_consumption_eligibility_unknown_null_mask|historical_episode_id_3961|historical_evidence_grade_exact_components_first_immutable_text_backcast|historical_household_statistics_scope_assumed|historical_interpretation_completed_at_2026-08-07T14:54:13+00:00|historical_interpretation_id_3961|retrospective_historical_interpretation,44,1,22,2026-07-01,2026-07-22,bfcizc-nordic-green-energy-ilmasto-hybridi-12kk
unavailable,historical_consumption_eligibility_unknown_null_mask,canonical_omitted_no_covering_source_observation|historical_consumption_eligibility_unknown_null_mask|historical_episode_id_3994|historical_evidence_grade_exact_components_last_observed_text_backcast|historical_household_statistics_scope_assumed|historical_interpretation_completed_at_2026-08-07T15:11:14+00:00|historical_interpretation_id_3994|retrospective_historical_interpretation,23,1,23,2026-04-15,2026-05-07,bmnl5g-vihrea-alyenergia-oy-vankka-kiintea-12kk-fossiilivapaa
unavailable,historical_consumption_eligibility_unknown_null_mask,canonical_omitted_no_covering_source_observation|historical_consumption_eligibility_unknown_null_mask|historical_episode_id_4112|historical_evidence_grade_exact_components_last_observed_text_backcast|historical_household_statistics_scope_assumed|historical_interpretation_completed_at_2026-08-07T16:12:50+00:00|historical_interpretation_id_4112|retrospective_historical_interpretation,23,1,23,2026-04-15,2026-05-07,cszvay-vihrea-alyenergia-oy-vire-tuuli-kiintea-24kk
unavailable,historical_consumption_eligibility_unknown_null_mask,canonical_omitted_no_covering_source_observation|historical_consumption_eligibility_unknown_null_mask|historical_episode_id_4205|historical_evidence_grade_exact_components_first_immutable_text_backcast|historical_household_statistics_scope_assumed|historical_interpretation_completed_at_2026-08-07T16:57:54+00:00|historical_interpretation_id_4205|retrospective_historical_interpretation,22,1,22,2026-05-09,2026-05-30,djobdk-vihrea-alyenergia-oy-vire-tuuli-opiskelija
unavailable,historical_consumption_eligibility_unknown_null_mask,canonical_omitted_no_covering_source_observation|historical_consumption_eligibility_unknown_null_mask|historical_episode_id_4206|historical_evidence_grade_exact_components_first_immutable_text_backcast|historical_household_statistics_scope_assumed|historical_interpretation_completed_at_2026-08-07T16:58:07+00:00|historical_interpretation_id_4206|retrospective_historical_interpretation,1,1,1,2026-05-31,2026-05-31,djobdk-vihrea-alyenergia-oy-vire-tuuli-opiskelija
unavailable,historical_consumption_eligibility_unknown_null_mask,canonical_omitted_no_covering_source_observation|historical_consumption_eligibility_unknown_null_mask|historical_episode_id_4207|historical_evidence_grade_exact_components_first_immutable_text_backcast|historical_household_statistics_scope_assumed|historical_interpretation_completed_at_2026-08-07T16:58:36+00:00|historical_interpretation_id_4207|retrospective_historical_interpretation,25,1,25,2026-06-01,2026-06-25,djobdk-vihrea-alyenergia-oy-vire-tuuli-opiskelija
unavailable,historical_consumption_eligibility_unknown_null_mask,canonical_omitted_no_covering_source_observation|historical_consumption_eligibility_unknown_null_mask|historical_episode_id_4208|historical_evidence_grade_exact_components_first_immutable_text_backcast|historical_household_statistics_scope_assumed|historical_interpretation_completed_at_2026-08-07T16:58:50+00:00|historical_interpretation_id_4208|retrospective_historical_interpretation,1,1,1,2026-06-26,2026-06-26,djobdk-vihrea-alyenergia-oy-vire-tuuli-opiskelija
unavailable,historical_consumption_eligibility_unknown_null_mask,canonical_omitted_no_covering_source_observation|historical_consumption_eligibility_unknown_null_mask|historical_episode_id_4209|historical_evidence_grade_exact_components_first_immutable_text_backcast|historical_household_statistics_scope_assumed|historical_interpretation_completed_at_2026-08-07T16:59:10+00:00|historical_interpretation_id_4209|retrospective_historical_interpretation,26,1,26,2026-06-27,2026-07-22,djobdk-vihrea-alyenergia-oy-vire-tuuli-opiskelija
unavailable,historical_consumption_eligibility_unknown_null_mask,canonical_omitted_no_covering_source_observation|historical_consumption_eligibility_unknown_null_mask|historical_episode_id_4259|historical_evidence_grade_exact_components_first_immutable_text_backcast|historical_household_statistics_scope_assumed|historical_interpretation_completed_at_2026-08-07T17:25:53+00:00|historical_interpretation_id_4259|retrospective_historical_interpretation,318,1,106,2026-04-08,2026-07-22,dyykyx-helen-oy-helpposahko-xs
unavailable,historical_consumption_eligibility_unknown_null_mask,canonical_omitted_no_covering_source_observation|historical_consumption_eligibility_unknown_null_mask|historical_episode_id_4405|historical_evidence_grade_exact_components_last_observed_text_backcast|historical_household_statistics_scope_assumed|historical_interpretation_completed_at_2026-08-07T18:22:19+00:00|historical_interpretation_id_4405|retrospective_historical_interpretation,2,1,2,2026-04-15,2026-04-16,fdw4v0-vihrea-alyenergia-oy-vire-tuuli-kiintea-12kk
unavailable,historical_consumption_eligibility_unknown_null_mask,canonical_omitted_no_covering_source_observation|historical_consumption_eligibility_unknown_null_mask|historical_episode_id_4418|historical_evidence_grade_exact_components_last_observed_text_backcast|historical_household_statistics_scope_assumed|historical_interpretation_completed_at_2026-08-07T18:28:22+00:00|historical_interpretation_id_4418|retrospective_historical_interpretation,23,1,23,2026-04-15,2026-05-07,fikt1s-vihrea-alyenergia-oy-vankka-kiintea-24kk-fossiilivapaa
unavailable,historical_consumption_eligibility_unknown_null_mask,canonical_omitted_no_covering_source_observation|historical_consumption_eligibility_unknown_null_mask|historical_episode_id_4480|historical_evidence_grade_exact_components_last_observed_text_backcast|historical_household_statistics_scope_assumed|historical_interpretation_completed_at_2026-08-07T18:53:42+00:00|historical_interpretation_id_4480|retrospective_historical_interpretation,66,1,22,2026-01-21,2026-02-11,g9wynp-vare-oy-kuukausisahko-m
unavailable,historical_consumption_eligibility_unknown_null_mask,canonical_omitted_no_covering_source_observation|historical_consumption_eligibility_unknown_null_mask|historical_episode_id_4481|historical_evidence_grade_exact_components_last_observed_text_backcast|historical_household_statistics_scope_assumed|historical_interpretation_completed_at_2026-08-07T18:53:53+00:00|historical_interpretation_id_4481|retrospective_historical_interpretation,207,1,69,2026-02-13,2026-04-22,g9wynp-vare-oy-kuukausisahko-m
unavailable,historical_consumption_eligibility_unknown_null_mask,canonical_omitted_no_covering_source_observation|historical_consumption_eligibility_unknown_null_mask|historical_episode_id_4494|historical_evidence_grade_exact_components_first_immutable_text_backcast|historical_household_statistics_scope_assumed|historical_interpretation_completed_at_2026-08-07T18:59:17+00:00|historical_interpretation_id_4494|retrospective_historical_interpretation,22,1,22,2026-07-01,2026-07-22,gde7ex-pohjois-karjalan-sahko-oy-oiva-plus
unavailable,historical_consumption_eligibility_unknown_null_mask,canonical_omitted_no_covering_source_observation|historical_consumption_eligibility_unknown_null_mask|historical_episode_id_4519|historical_evidence_grade_exact_components_last_observed_text_backcast|historical_household_statistics_scope_assumed|historical_interpretation_completed_at_2026-08-07T19:07:47+00:00|historical_interpretation_id_4519|retrospective_historical_interpretation,66,1,66,2026-03-04,2026-05-08,gihirc-vihrea-alyenergia-oy-vire-tuuli-opiskelija
unavailable,historical_consumption_eligibility_unknown_null_mask,canonical_omitted_no_covering_source_observation|historical_consumption_eligibility_unknown_null_mask|historical_episode_id_4582|historical_evidence_grade_exact_components_last_observed_text_backcast|historical_household_statistics_scope_assumed|historical_interpretation_completed_at_2026-08-07T19:33:04+00:00|historical_interpretation_id_4582|retrospective_historical_interpretation,22,1,22,2026-01-21,2026-02-11,h5itif-pohjois-karjalan-sahko-oy-oiva-plus
unavailable,historical_consumption_eligibility_unknown_null_mask,canonical_omitted_no_covering_source_observation|historical_consumption_eligibility_unknown_null_mask|historical_episode_id_4583|historical_evidence_grade_exact_components_last_observed_text_backcast|historical_household_statistics_scope_assumed|historical_interpretation_completed_at_2026-08-07T19:33:16+00:00|historical_interpretation_id_4583|retrospective_historical_interpretation,47,1,47,2026-02-13,2026-03-31,h5itif-pohjois-karjalan-sahko-oy-oiva-plus
unavailable,historical_consumption_eligibility_unknown_null_mask,canonical_omitted_no_covering_source_observation|historical_consumption_eligibility_unknown_null_mask|historical_episode_id_4684|historical_evidence_grade_exact_components_first_immutable_text_backcast|historical_household_statistics_scope_assumed|historical_interpretation_completed_at_2026-08-07T20:19:08+00:00|historical_interpretation_id_4684|retrospective_historical_interpretation,22,1,22,2026-07-01,2026-07-22,i95myh-pohjois-karjalan-sahko-oy-oiva-plus
unavailable,historical_consumption_eligibility_unknown_null_mask,canonical_omitted_no_covering_source_observation|historical_consumption_eligibility_unknown_null_mask|historical_episode_id_4689|historical_evidence_grade_exact_components_last_observed_text_backcast|historical_household_statistics_scope_assumed|historical_interpretation_completed_at_2026-08-07T20:21:59+00:00|historical_interpretation_id_4689|retrospective_historical_interpretation,76,1,76,2026-05-08,2026-07-22,ibjlix-vihrea-alyenergia-oy-vankka-kiintea-24kk-fossiilivapaa
unavailable,historical_consumption_eligibility_unknown_null_mask,canonical_omitted_no_covering_source_observation|historical_consumption_eligibility_unknown_null_mask|historical_episode_id_5006|historical_evidence_grade_exact_components_last_observed_text_backcast|historical_household_statistics_scope_assumed|historical_interpretation_completed_at_2026-08-07T22:38:14+00:00|historical_interpretation_id_5006|retrospective_historical_interpretation,22,1,22,2026-01-21,2026-02-11,lmdgov-pohjois-karjalan-sahko-oy-oiva-plus
unavailable,historical_consumption_eligibility_unknown_null_mask,canonical_omitted_no_covering_source_observation|historical_consumption_eligibility_unknown_null_mask|historical_episode_id_5007|historical_evidence_grade_exact_components_last_observed_text_backcast|historical_household_statistics_scope_assumed|historical_interpretation_completed_at_2026-08-07T22:38:27+00:00|historical_interpretation_id_5007|retrospective_historical_interpretation,47,1,47,2026-02-13,2026-03-31,lmdgov-pohjois-karjalan-sahko-oy-oiva-plus
unavailable,historical_consumption_eligibility_unknown_null_mask,canonical_omitted_no_covering_source_observation|historical_consumption_eligibility_unknown_null_mask|historical_episode_id_5115|historical_evidence_grade_exact_components_first_immutable_text_backcast|historical_household_statistics_scope_assumed|historical_interpretation_completed_at_2026-08-07T23:18:21+00:00|historical_interpretation_id_5115|retrospective_historical_interpretation,44,1,22,2026-07-01,2026-07-22,mp4rls-nordic-green-energy-uusiutuva-hybridi-12k
unavailable,historical_consumption_eligibility_unknown_null_mask,canonical_omitted_no_covering_source_observation|historical_consumption_eligibility_unknown_null_mask|historical_episode_id_5234|historical_evidence_grade_exact_components_last_observed_text_backcast|historical_household_statistics_scope_assumed|historical_interpretation_completed_at_2026-08-08T00:00:38+00:00|historical_interpretation_id_5234|retrospective_historical_interpretation,2,1,2,2026-04-15,2026-04-16,npimup-vihrea-alyenergia-oy-vire-tuuli-kiintea-12kk
unavailable,historical_consumption_eligibility_unknown_null_mask,canonical_omitted_no_covering_source_observation|historical_consumption_eligibility_unknown_null_mask|historical_episode_id_5258|historical_evidence_grade_exact_components_first_immutable_text_backcast|historical_household_statistics_scope_assumed|historical_interpretation_completed_at_2026-08-08T00:14:25+00:00|historical_interpretation_id_5258|retrospective_historical_interpretation,14,1,14,2026-02-13,2026-02-26,nvllc4-vattenfall-oy-optimi-porssisahko-6-kk-perusmaksu-0
unavailable,historical_consumption_eligibility_unknown_null_mask,canonical_omitted_no_covering_source_observation|historical_consumption_eligibility_unknown_null_mask|historical_episode_id_5259|historical_evidence_grade_exact_components_first_immutable_text_backcast|historical_household_statistics_scope_assumed|historical_interpretation_completed_at_2026-08-08T00:15:14+00:00|historical_interpretation_id_5259|retrospective_historical_interpretation,1,1,1,2026-02-27,2026-02-27,nvllc4-vattenfall-oy-optimi-porssisahko-6-kk-perusmaksu-0
unavailable,historical_consumption_eligibility_unknown_null_mask,canonical_omitted_no_covering_source_observation|historical_consumption_eligibility_unknown_null_mask|historical_episode_id_5261|historical_evidence_grade_exact_components_first_immutable_text_backcast|historical_household_statistics_scope_assumed|historical_interpretation_completed_at_2026-08-08T00:16:28+00:00|historical_interpretation_id_5261|retrospective_historical_interpretation,1,1,1,2026-05-31,2026-05-31,nvllc4-vattenfall-oy-optimi-porssisahko-6-kk-perusmaksu-0
unavailable,historical_consumption_eligibility_unknown_null_mask,canonical_omitted_no_covering_source_observation|historical_consumption_eligibility_unknown_null_mask|historical_episode_id_5262|historical_evidence_grade_exact_components_first_immutable_text_backcast|historical_household_statistics_scope_assumed|historical_interpretation_completed_at_2026-08-08T00:16:54+00:00|historical_interpretation_id_5262|retrospective_historical_interpretation,25,1,25,2026-06-01,2026-06-25,nvllc4-vattenfall-oy-optimi-porssisahko-6-kk-perusmaksu-0
unavailable,historical_consumption_eligibility_unknown_null_mask,canonical_omitted_no_covering_source_observation|historical_consumption_eligibility_unknown_null_mask|historical_episode_id_5263|historical_evidence_grade_exact_components_first_immutable_text_backcast|historical_household_statistics_scope_assumed|historical_interpretation_completed_at_2026-08-08T00:17:26+00:00|historical_interpretation_id_5263|retrospective_historical_interpretation,1,1,1,2026-06-26,2026-06-26,nvllc4-vattenfall-oy-optimi-porssisahko-6-kk-perusmaksu-0
unavailable,historical_consumption_eligibility_unknown_null_mask,canonical_omitted_no_covering_source_observation|historical_consumption_eligibility_unknown_null_mask|historical_episode_id_5264|historical_evidence_grade_exact_components_first_immutable_text_backcast|historical_household_statistics_scope_assumed|historical_interpretation_completed_at_2026-08-08T00:17:53+00:00|historical_interpretation_id_5264|retrospective_historical_interpretation,26,1,26,2026-06-27,2026-07-22,nvllc4-vattenfall-oy-optimi-porssisahko-6-kk-perusmaksu-0
unavailable,historical_consumption_eligibility_unknown_null_mask,canonical_omitted_no_covering_source_observation|historical_consumption_eligibility_unknown_null_mask|historical_episode_id_5272|historical_evidence_grade_exact_components_last_observed_text_backcast|historical_household_statistics_scope_assumed|historical_interpretation_completed_at_2026-08-08T00:21:23+00:00|historical_interpretation_id_5272|retrospective_historical_interpretation,118,1,59,2026-05-09,2026-07-06,nzjuiv-vihrea-alyenergia-oy-vakaa-valinta
unavailable,historical_consumption_eligibility_unknown_null_mask,canonical_omitted_no_covering_source_observation|historical_consumption_eligibility_unknown_null_mask|historical_episode_id_5276|historical_evidence_grade_exact_components_last_observed_text_backcast|historical_household_statistics_scope_assumed|historical_interpretation_completed_at_2026-08-08T00:23:11+00:00|historical_interpretation_id_5276|retrospective_historical_interpretation,18,1,9,2026-02-03,2026-02-11,o0ugm1-nordic-green-energy-uusiutuva-hybridi-24kk
unavailable,historical_consumption_eligibility_unknown_null_mask,canonical_omitted_no_covering_source_observation|historical_consumption_eligibility_unknown_null_mask|historical_episode_id_5277|historical_evidence_grade_exact_components_last_observed_text_backcast|historical_household_statistics_scope_assumed|historical_interpretation_completed_at_2026-08-08T00:23:33+00:00|historical_interpretation_id_5277|retrospective_historical_interpretation,276,1,138,2026-02-13,2026-06-30,o0ugm1-nordic-green-energy-uusiutuva-hybridi-24kk
unavailable,historical_consumption_eligibility_unknown_null_mask,canonical_omitted_no_covering_source_observation|historical_consumption_eligibility_unknown_null_mask|historical_episode_id_5384|historical_evidence_grade_exact_components_last_observed_text_backcast|historical_household_statistics_scope_assumed|historical_interpretation_completed_at_2026-08-08T01:07:18+00:00|historical_interpretation_id_5384|retrospective_historical_interpretation,22,1,22,2026-01-21,2026-02-11,p5hupo-vihrea-alyenergia-oy-opiskelijan-verraton-porssisahko
unavailable,historical_consumption_eligibility_unknown_null_mask,canonical_omitted_no_covering_source_observation|historical_consumption_eligibility_unknown_null_mask|historical_episode_id_5385|historical_evidence_grade_exact_components_last_observed_text_backcast|historical_household_statistics_scope_assumed|historical_interpretation_completed_at_2026-08-08T01:07:36+00:00|historical_interpretation_id_5385|retrospective_historical_interpretation,14,1,14,2026-02-13,2026-02-26,p5hupo-vihrea-alyenergia-oy-opiskelijan-verraton-porssisahko
unavailable,historical_consumption_eligibility_unknown_null_mask,canonical_omitted_no_covering_source_observation|historical_consumption_eligibility_unknown_null_mask|historical_episode_id_5386|historical_evidence_grade_exact_components_last_observed_text_backcast|historical_household_statistics_scope_assumed|historical_interpretation_completed_at_2026-08-08T01:07:53+00:00|historical_interpretation_id_5386|retrospective_historical_interpretation,1,1,1,2026-02-27,2026-02-27,p5hupo-vihrea-alyenergia-oy-opiskelijan-verraton-porssisahko
unavailable,historical_consumption_eligibility_unknown_null_mask,canonical_omitted_no_covering_source_observation|historical_consumption_eligibility_unknown_null_mask|historical_episode_id_5387|historical_evidence_grade_exact_components_last_observed_text_backcast|historical_household_statistics_scope_assumed|historical_interpretation_completed_at_2026-08-08T01:08:12+00:00|historical_interpretation_id_5387|retrospective_historical_interpretation,4,1,4,2026-02-28,2026-03-03,p5hupo-vihrea-alyenergia-oy-opiskelijan-verraton-porssisahko
unavailable,historical_consumption_eligibility_unknown_null_mask,canonical_omitted_no_covering_source_observation|historical_consumption_eligibility_unknown_null_mask|historical_episode_id_5618|historical_evidence_grade_exact_components_last_observed_text_backcast|historical_household_statistics_scope_assumed|historical_interpretation_completed_at_2026-08-08T02:32:46+00:00|historical_interpretation_id_5618|retrospective_historical_interpretation,76,1,76,2026-05-08,2026-07-22,rheghs-vihrea-alyenergia-oy-vire-tuuli-kiintea-24kk
unavailable,historical_consumption_eligibility_unknown_null_mask,canonical_omitted_no_covering_source_observation|historical_consumption_eligibility_unknown_null_mask|historical_episode_id_5677|historical_evidence_grade_exact_components_first_immutable_text_backcast|historical_household_statistics_scope_assumed|historical_interpretation_completed_at_2026-08-08T02:57:37+00:00|historical_interpretation_id_5677|retrospective_historical_interpretation,44,1,22,2026-01-21,2026-02-11,rwzpqh-vattenfall-oy-helppo-porssisahko
unavailable,historical_consumption_eligibility_unknown_null_mask,canonical_omitted_no_covering_source_observation|historical_consumption_eligibility_unknown_null_mask|historical_episode_id_5678|historical_evidence_grade_exact_components_first_immutable_text_backcast|historical_household_statistics_scope_assumed|historical_interpretation_completed_at_2026-08-08T02:58:04+00:00|historical_interpretation_id_5678|retrospective_historical_interpretation,28,1,14,2026-02-13,2026-02-26,rwzpqh-vattenfall-oy-helppo-porssisahko
unavailable,historical_consumption_eligibility_unknown_null_mask,canonical_omitted_no_covering_source_observation|historical_consumption_eligibility_unknown_null_mask|historical_episode_id_5679|historical_evidence_grade_exact_components_first_immutable_text_backcast|historical_household_statistics_scope_assumed|historical_interpretation_completed_at_2026-08-08T02:58:44+00:00|historical_interpretation_id_5679|retrospective_historical_interpretation,2,1,1,2026-02-27,2026-02-27,rwzpqh-vattenfall-oy-helppo-porssisahko
unavailable,historical_consumption_eligibility_unknown_null_mask,canonical_omitted_no_covering_source_observation|historical_consumption_eligibility_unknown_null_mask|historical_episode_id_5680|historical_evidence_grade_exact_components_first_immutable_text_backcast|historical_household_statistics_scope_assumed|historical_interpretation_completed_at_2026-08-08T02:59:17+00:00|historical_interpretation_id_5680|retrospective_historical_interpretation,184,1,92,2026-02-28,2026-05-30,rwzpqh-vattenfall-oy-helppo-porssisahko
unavailable,historical_consumption_eligibility_unknown_null_mask,canonical_omitted_no_covering_source_observation|historical_consumption_eligibility_unknown_null_mask|historical_episode_id_5681|historical_evidence_grade_exact_components_first_immutable_text_backcast|historical_household_statistics_scope_assumed|historical_interpretation_completed_at_2026-08-08T02:59:48+00:00|historical_interpretation_id_5681|retrospective_historical_interpretation,2,1,1,2026-05-31,2026-05-31,rwzpqh-vattenfall-oy-helppo-porssisahko
unavailable,historical_consumption_eligibility_unknown_null_mask,canonical_omitted_no_covering_source_observation|historical_consumption_eligibility_unknown_null_mask|historical_episode_id_5682|historical_evidence_grade_exact_components_first_immutable_text_backcast|historical_household_statistics_scope_assumed|historical_interpretation_completed_at_2026-08-08T03:01:31+00:00|historical_interpretation_id_5682|retrospective_historical_interpretation,50,1,25,2026-06-01,2026-06-25,rwzpqh-vattenfall-oy-helppo-porssisahko
unavailable,historical_consumption_eligibility_unknown_null_mask,canonical_omitted_no_covering_source_observation|historical_consumption_eligibility_unknown_null_mask|historical_episode_id_5683|historical_evidence_grade_exact_components_first_immutable_text_backcast|historical_household_statistics_scope_assumed|historical_interpretation_completed_at_2026-08-08T03:11:36+00:00|historical_interpretation_id_5683|retrospective_historical_interpretation,2,1,1,2026-06-26,2026-06-26,rwzpqh-vattenfall-oy-helppo-porssisahko
unavailable,historical_consumption_eligibility_unknown_null_mask,canonical_omitted_no_covering_source_observation|historical_consumption_eligibility_unknown_null_mask|historical_episode_id_5684|historical_evidence_grade_exact_components_first_immutable_text_backcast|historical_household_statistics_scope_assumed|historical_interpretation_completed_at_2026-08-08T03:12:38+00:00|historical_interpretation_id_5684|retrospective_historical_interpretation,52,1,26,2026-06-27,2026-07-22,rwzpqh-vattenfall-oy-helppo-porssisahko
unavailable,historical_consumption_eligibility_unknown_null_mask,canonical_omitted_no_covering_source_observation|historical_consumption_eligibility_unknown_null_mask|historical_episode_id_5689|historical_evidence_grade_exact_components_first_immutable_text_backcast|historical_household_statistics_scope_assumed|historical_interpretation_completed_at_2026-08-08T03:14:15+00:00|historical_interpretation_id_5689|retrospective_historical_interpretation,22,1,22,2026-07-01,2026-07-22,ryficp-pohjois-karjalan-sahko-oy-oiva-plus
unavailable,historical_consumption_eligibility_unknown_null_mask,canonical_omitted_no_covering_source_observation|historical_consumption_eligibility_unknown_null_mask|historical_episode_id_5715|historical_evidence_grade_exact_components_last_observed_text_backcast|historical_household_statistics_scope_assumed|historical_interpretation_completed_at_2026-08-08T03:24:44+00:00|historical_interpretation_id_5715|retrospective_historical_interpretation,44,1,22,2026-01-21,2026-02-11,s8awpq-nordic-green-energy-ilmasto-hybridi-12kk
unavailable,historical_consumption_eligibility_unknown_null_mask,canonical_omitted_no_covering_source_observation|historical_consumption_eligibility_unknown_null_mask|historical_episode_id_5716|historical_evidence_grade_exact_components_last_observed_text_backcast|historical_household_statistics_scope_assumed|historical_interpretation_completed_at_2026-08-08T03:25:01+00:00|historical_interpretation_id_5716|retrospective_historical_interpretation,276,1,138,2026-02-13,2026-06-30,s8awpq-nordic-green-energy-ilmasto-hybridi-12kk
unavailable,historical_consumption_eligibility_unknown_null_mask,canonical_omitted_no_covering_source_observation|historical_consumption_eligibility_unknown_null_mask|historical_episode_id_5718|historical_evidence_grade_exact_components_last_observed_text_backcast|historical_household_statistics_scope_assumed|historical_interpretation_completed_at_2026-08-08T03:25:38+00:00|historical_interpretation_id_5718|retrospective_historical_interpretation,42,1,21,2026-01-21,2026-02-10,s8vzuw-helen-oy-helpposahko-l
unavailable,historical_consumption_eligibility_unknown_null_mask,canonical_omitted_no_covering_source_observation|historical_consumption_eligibility_unknown_null_mask|historical_episode_id_5902|historical_evidence_grade_exact_components_last_observed_text_backcast|historical_household_statistics_scope_assumed|historical_interpretation_completed_at_2026-08-08T04:32:04+00:00|historical_interpretation_id_5902|retrospective_historical_interpretation,91,1,91,2026-04-01,2026-06-30,tscmvu-pohjois-karjalan-sahko-oy-oiva-plus
unavailable,historical_consumption_eligibility_unknown_null_mask,canonical_omitted_no_covering_source_observation|historical_consumption_eligibility_unknown_null_mask|historical_episode_id_5924|historical_evidence_grade_exact_components_last_observed_text_backcast|historical_household_statistics_scope_assumed|historical_interpretation_completed_at_2026-08-08T04:38:17+00:00|historical_interpretation_id_5924|retrospective_historical_interpretation,66,1,22,2026-01-21,2026-02-11,tzhgsz-vare-oy-kuukausisahko-l
unavailable,historical_consumption_eligibility_unknown_null_mask,canonical_omitted_no_covering_source_observation|historical_consumption_eligibility_unknown_null_mask|historical_episode_id_5925|historical_evidence_grade_exact_components_last_observed_text_backcast|historical_household_statistics_scope_assumed|historical_interpretation_completed_at_2026-08-08T04:38:28+00:00|historical_interpretation_id_5925|retrospective_historical_interpretation,207,1,69,2026-02-13,2026-04-22,tzhgsz-vare-oy-kuukausisahko-l
unavailable,historical_consumption_eligibility_unknown_null_mask,canonical_omitted_no_covering_source_observation|historical_consumption_eligibility_unknown_null_mask|historical_episode_id_6030|historical_evidence_grade_exact_components_first_immutable_text_backcast|historical_household_statistics_scope_assumed|historical_interpretation_completed_at_2026-08-08T05:13:22+00:00|historical_interpretation_id_6030|retrospective_historical_interpretation,44,1,22,2026-07-01,2026-07-22,uxxof7-nordic-green-energy-ilmasto-hybridi-24kk
unavailable,historical_consumption_eligibility_unknown_null_mask,canonical_omitted_no_covering_source_observation|historical_consumption_eligibility_unknown_null_mask|historical_episode_id_6078|historical_evidence_grade_exact_components_last_observed_text_backcast|historical_household_statistics_scope_assumed|historical_interpretation_completed_at_2026-08-08T05:26:58+00:00|historical_interpretation_id_6078|retrospective_historical_interpretation,44,1,22,2026-01-21,2026-02-11,vg9a0k-vare-oy-kuukausisahko-s
unavailable,historical_consumption_eligibility_unknown_null_mask,canonical_omitted_no_covering_source_observation|historical_consumption_eligibility_unknown_null_mask|historical_episode_id_6079|historical_evidence_grade_exact_components_last_observed_text_backcast|historical_household_statistics_scope_assumed|historical_interpretation_completed_at_2026-08-08T05:27:06+00:00|historical_interpretation_id_6079|retrospective_historical_interpretation,138,1,69,2026-02-13,2026-04-22,vg9a0k-vare-oy-kuukausisahko-s
unavailable,historical_consumption_eligibility_unknown_null_mask,canonical_omitted_no_covering_source_observation|historical_consumption_eligibility_unknown_null_mask|historical_episode_id_6113|historical_evidence_grade_exact_components_last_observed_text_backcast|historical_household_statistics_scope_assumed|historical_interpretation_completed_at_2026-08-08T05:37:35+00:00|historical_interpretation_id_6113|retrospective_historical_interpretation,22,1,22,2026-01-21,2026-02-11,vpswxf-pohjois-karjalan-sahko-oy-oiva-plus
unavailable,historical_consumption_eligibility_unknown_null_mask,canonical_omitted_no_covering_source_observation|historical_consumption_eligibility_unknown_null_mask|historical_episode_id_6114|historical_evidence_grade_exact_components_last_observed_text_backcast|historical_household_statistics_scope_assumed|historical_interpretation_completed_at_2026-08-08T05:37:42+00:00|historical_interpretation_id_6114|retrospective_historical_interpretation,47,1,47,2026-02-13,2026-03-31,vpswxf-pohjois-karjalan-sahko-oy-oiva-plus
unavailable,historical_consumption_eligibility_unknown_null_mask,canonical_omitted_no_covering_source_observation|historical_consumption_eligibility_unknown_null_mask|historical_episode_id_6150|historical_evidence_grade_exact_components_last_observed_text_backcast|historical_household_statistics_scope_assumed|historical_interpretation_completed_at_2026-08-08T05:47:22+00:00|historical_interpretation_id_6150|retrospective_historical_interpretation,18,1,9,2026-02-03,2026-02-11,vuethm-nordic-green-energy-ilmasto-hybridi-24kk
unavailable,historical_consumption_eligibility_unknown_null_mask,canonical_omitted_no_covering_source_observation|historical_consumption_eligibility_unknown_null_mask|historical_episode_id_6151|historical_evidence_grade_exact_components_last_observed_text_backcast|historical_household_statistics_scope_assumed|historical_interpretation_completed_at_2026-08-08T05:47:41+00:00|historical_interpretation_id_6151|retrospective_historical_interpretation,276,1,138,2026-02-13,2026-06-30,vuethm-nordic-green-energy-ilmasto-hybridi-24kk
unavailable,historical_consumption_eligibility_unknown_null_mask,canonical_omitted_no_covering_source_observation|historical_consumption_eligibility_unknown_null_mask|historical_episode_id_6195|historical_evidence_grade_exact_components_last_observed_text_backcast|historical_household_statistics_scope_assumed|historical_interpretation_completed_at_2026-08-08T06:01:24+00:00|historical_interpretation_id_6195|retrospective_historical_interpretation,26,1,26,2026-04-16,2026-05-11,whniel-vihrea-alyenergia-oy-vankka-kiintea-3kk-fossiilivapaa
unavailable,historical_consumption_eligibility_unknown_null_mask,canonical_omitted_no_covering_source_observation|historical_consumption_eligibility_unknown_null_mask|historical_episode_id_6372|historical_evidence_grade_exact_components_last_observed_text_backcast|historical_household_statistics_scope_assumed|historical_interpretation_completed_at_2026-08-08T06:57:43+00:00|historical_interpretation_id_6372|retrospective_historical_interpretation,91,1,91,2026-04-01,2026-06-30,ya1ku3-pohjois-karjalan-sahko-oy-oiva-plus
unavailable,historical_consumption_eligibility_unknown_null_mask,canonical_omitted_no_covering_source_observation|historical_consumption_eligibility_unknown_null_mask|historical_episode_id_6373|historical_evidence_grade_exact_components_last_observed_text_backcast|historical_household_statistics_scope_assumed|historical_interpretation_completed_at_2026-08-08T06:57:56+00:00|historical_interpretation_id_6373|retrospective_historical_interpretation,76,1,76,2026-05-08,2026-07-22,ya9hke-vihrea-alyenergia-oy-vire-tuuli-kiintea-12kk
unavailable,historical_consumption_eligibility_unknown_null_mask,canonical_omitted_no_covering_source_observation|historical_consumption_eligibility_unknown_null_mask|historical_episode_id_6397|historical_evidence_grade_exact_components_first_immutable_text_backcast|historical_household_statistics_scope_assumed|historical_interpretation_completed_at_2026-08-08T07:05:58+00:00|historical_interpretation_id_6397|retrospective_historical_interpretation,44,1,22,2026-07-01,2026-07-22,ygkgrj-pohjois-karjalan-sahko-oy-oiva
unavailable,historical_consumption_eligibility_unknown_null_mask,canonical_omitted_no_covering_source_observation|historical_consumption_eligibility_unknown_null_mask|historical_episode_id_6498|historical_evidence_grade_exact_components_first_immutable_text_backcast|historical_household_statistics_scope_assumed|historical_interpretation_completed_at_2026-08-08T07:37:29+00:00|historical_interpretation_id_6498|retrospective_historical_interpretation,66,1,22,2026-01-21,2026-02-11,zojywe-vattenfall-oy-ilmasto-vakio
unavailable,historical_consumption_eligibility_unknown_null_mask,canonical_omitted_no_covering_source_observation|historical_consumption_eligibility_unknown_null_mask|historical_episode_id_6499|historical_evidence_grade_exact_components_first_immutable_text_backcast|historical_household_statistics_scope_assumed|historical_interpretation_completed_at_2026-08-08T07:38:00+00:00|historical_interpretation_id_6499|retrospective_historical_interpretation,480,1,160,2026-02-13,2026-07-22,zojywe-vattenfall-oy-ilmasto-vakio
unavailable,historical_consumption_out_of_range,canonical_interpretation_rejected_by_exact_target_validation|exact_source_legacy_null_observation_binding|historical_consumption_out_of_range|historical_household_statistics_scope_assumed,110,2,55,2026-07-24,2026-09-20,3sivst-helen-oy-helpposahko-s|lhlgjg-helen-oy-helpposahko-l
unavailable,historical_consumption_out_of_range,canonical_interpretation_rejected_by_exact_target_validation|exact_source_legacy_null_observation_binding|historical_consumption_out_of_range|historical_household_statistics_scope_assumed|retrospective_exact_source_interpretation,10,2,4,2026-07-23,2026-07-26,3sivst-helen-oy-helpposahko-s|lhlgjg-helen-oy-helpposahko-l
unavailable,historical_consumption_out_of_range,exact_source_legacy_null_observation_binding|historical_consumption_out_of_range|historical_household_statistics_scope_assumed,1341,26,56,2026-07-24,2026-09-20,3y0qkc-helen-oy-helpposahko-l|75a4j5-vihrea-alyenergia-oy-vankka-kiintea-12-kk|9t1biv-pohjois-karjalan-sahko-oy-oiva-plus
unavailable,historical_consumption_out_of_range,exact_source_legacy_null_observation_binding|historical_consumption_out_of_range|historical_household_statistics_scope_assumed|retrospective_exact_source_interpretation,127,18,5,2026-07-23,2026-07-27,atagtz-nordic-green-energy-uusiutuva-hybridi-24kk|bfcizc-nordic-green-energy-ilmasto-hybridi-12kk|dyykyx-helen-oy-helpposahko-xs
unavailable,legacy_annual_cost_mask_unavailable,canonical_interpretation_rejected_by_exact_target_validation|canonical_omitted_no_valid_interpretation_as_of_date|historical_temporal_source_validation_unavailable|legacy_annual_cost_mask_unavailable|observed_relational_uniform_monthly_consumption,75,2,60,2026-07-23,2026-09-20,0uohci-vihrea-alyenergia-oy-opiskelijan-verraton-porssisahko|djobdk-vihrea-alyenergia-oy-vire-tuuli-opiskelija
unavailable,legacy_annual_cost_mask_unavailable,canonical_omitted_no_covering_source_observation|historical_canonical_omitted_interpretation_status_failed|legacy_annual_cost_mask_unavailable|observed_relational_uniform_monthly_consumption,601,4,167,2026-01-21,2026-07-22,lhlgjg-helen-oy-helpposahko-l|nvllc4-vattenfall-oy-optimi-porssisahko-6-kk-perusmaksu-0|q5rqdn-helen-oy-helpposahko-xs
unavailable,legacy_annual_cost_mask_unavailable,canonical_omitted_no_covering_source_observation|historical_canonical_omitted_no_covering_current_builder_episode|legacy_annual_cost_mask_unavailable|observed_relational_uniform_monthly_consumption,6,5,1,2026-07-23,2026-07-23,4jxjsu-vihrea-alyenergia-oy-vakaa-valinta|7tzr90-vihrea-alyenergia-oy-vankka-kiintea-12kk-fossiilivapaa|ibjlix-vihrea-alyenergia-oy-vankka-kiintea-24kk-fossiilivapaa
unavailable,missing_historical_snapshot_identity,missing_historical_snapshot_identity|observed_relational_uniform_monthly_consumption,92058,1542,242,2026-01-21,2026-09-20,00v8go-hehku-energia-oy-hehku-kiintea-24-kk|07ycbs-vihrea-alyenergia-oy-vankka-24kk-yrityksille-fossiilivapaa|09ommk-vaasan-sahko-myynti-oy-kiintea-24-kk-yleissahko-yrityksille
