file,bytes,sha256
/tmp/annual-v3-repaired-preview/analyse.py,5899,d76acf1db038e525bac630f43164b8b30245574a25dcc4e1a38ed4a7f1c3829e
/tmp/annual-v3-repaired-preview/apply-check.py,2961,9e804a64d14413db82835f2c52e6b80dd7645aa8a257f3486f06c7dd0d665700
/tmp/annual-v3-repaired-preview/audit.py,1394,bdcb90955d399dfe3ba68be4a3308ca9bb47fa229394a58d31d3cdc8e84d46cd
/tmp/annual-v3-repaired-preview/batch.py,586,0f9be482945dfc732dc55a4919f765de33030ab30b290a1ac39a5cf31aaf5d55
/tmp/annual-v3-repaired-preview/deep-analysis.py,7147,bf833ae76ea4861526f7f1fdee7cb807386ca17b8d74aa969d2eac2b00a9e272
/tmp/annual-v3-repaired-preview/evidence.py,1942,d690234494d9d6d7521e1eb8f55d3950cc29b779820477b517954bd63f2c930e
/tmp/annual-v3-repaired-preview/final-apply-check.py,3253,453ea97877ac0214a6e211bbe73f8016b5beb148b1132cab0cb8195f5d852cf0
/tmp/annual-v3-repaired-preview/final-audit.py,9951,816a0e4bd09f48f9a54ae508b34a6c1c6256b7b073797ee8dbb3fabb439d92af
/tmp/annual-v3-repaired-preview/resume.py,3326,0170e7a9586e6f0f98616514ce058868021b0b292a25a1727de08292532b4713
/tmp/annual-v3-repaired-preview/transitions.py,1891,a89a19af9b5383676fbeff8d4bb4439b9f8cd71d1037579ea2c3871599d2d858
/tmp/annual-v3-repaired-preview/current-call-guards.php,1042,ae9ba9e76751d848d4d6a633f7a266637cc9575e4d7029c9216162e324c7ee7f
/tmp/annual-v3-repaired-preview/run-sequential.php,3849,45b6592313115cc38da542b404f80ce32e1505ea54cb6a4a6dd968d58ff7a663
/tmp/annual-v3-repaired-preview/run.php,3631,d3bd6556cfe20d514764b17788e809518730989b5203b1ba6d5d9227767776fd
