date,exit,wall_seconds,source_manifest_sha256,source_matches_before,source_matches_after,php_workers,nice_increment
2026-03-19,0,11.413856029510498,5ae66e90ef012dc16f0f95b607fab96ef48b7a8122d56599fde7a1152ae24bf4,True,True,1,15
2026-03-20,0,11.063718318939209,5ae66e90ef012dc16f0f95b607fab96ef48b7a8122d56599fde7a1152ae24bf4,True,True,1,15
2026-03-21,0,11.04437804222107,5ae66e90ef012dc16f0f95b607fab96ef48b7a8122d56599fde7a1152ae24bf4,True,True,1,15
2026-03-22,0,11.5657320022583,5ae66e90ef012dc16f0f95b607fab96ef48b7a8122d56599fde7a1152ae24bf4,True,True,1,15
2026-03-23,0,12.389883041381836,5ae66e90ef012dc16f0f95b607fab96ef48b7a8122d56599fde7a1152ae24bf4,True,True,1,15
2026-03-24,0,11.548125982284546,5ae66e90ef012dc16f0f95b607fab96ef48b7a8122d56599fde7a1152ae24bf4,True,True,1,15
2026-03-25,0,11.322203874588013,5ae66e90ef012dc16f0f95b607fab96ef48b7a8122d56599fde7a1152ae24bf4,True,True,1,15
2026-03-26,0,11.412701845169067,5ae66e90ef012dc16f0f95b607fab96ef48b7a8122d56599fde7a1152ae24bf4,True,True,1,15
2026-03-27,0,11.561100959777832,5ae66e90ef012dc16f0f95b607fab96ef48b7a8122d56599fde7a1152ae24bf4,True,True,1,15
2026-03-28,0,11.602180004119873,5ae66e90ef012dc16f0f95b607fab96ef48b7a8122d56599fde7a1152ae24bf4,True,True,1,15
2026-03-29,0,11.868331909179688,5ae66e90ef012dc16f0f95b607fab96ef48b7a8122d56599fde7a1152ae24bf4,True,True,1,15
2026-03-30,0,11.958391666412354,5ae66e90ef012dc16f0f95b607fab96ef48b7a8122d56599fde7a1152ae24bf4,True,True,1,15
2026-03-31,0,12.303749084472656,5ae66e90ef012dc16f0f95b607fab96ef48b7a8122d56599fde7a1152ae24bf4,True,True,1,15
2026-04-01,0,9.826625108718872,5ae66e90ef012dc16f0f95b607fab96ef48b7a8122d56599fde7a1152ae24bf4,True,True,1,15
2026-04-02,0,12.029908180236816,5ae66e90ef012dc16f0f95b607fab96ef48b7a8122d56599fde7a1152ae24bf4,True,True,1,15
2026-04-03,0,12.126071214675903,5ae66e90ef012dc16f0f95b607fab96ef48b7a8122d56599fde7a1152ae24bf4,True,True,1,15
2026-04-04,0,12.217404842376709,5ae66e90ef012dc16f0f95b607fab96ef48b7a8122d56599fde7a1152ae24bf4,True,True,1,15
2026-04-05,0,12.41267704963684,5ae66e90ef012dc16f0f95b607fab96ef48b7a8122d56599fde7a1152ae24bf4,True,True,1,15
2026-04-06,0,12.448247909545898,5ae66e90ef012dc16f0f95b607fab96ef48b7a8122d56599fde7a1152ae24bf4,True,True,1,15
2026-04-07,0,12.58031678199768,5ae66e90ef012dc16f0f95b607fab96ef48b7a8122d56599fde7a1152ae24bf4,True,True,1,15
2026-04-08,0,12.756505727767944,5ae66e90ef012dc16f0f95b607fab96ef48b7a8122d56599fde7a1152ae24bf4,True,True,1,15
2026-04-09,0,12.883077144622803,5ae66e90ef012dc16f0f95b607fab96ef48b7a8122d56599fde7a1152ae24bf4,True,True,1,15
2026-04-10,0,12.99173903465271,5ae66e90ef012dc16f0f95b607fab96ef48b7a8122d56599fde7a1152ae24bf4,True,True,1,15
2026-04-11,0,13.079922914505005,5ae66e90ef012dc16f0f95b607fab96ef48b7a8122d56599fde7a1152ae24bf4,True,True,1,15
2026-04-12,0,13.357448101043701,5ae66e90ef012dc16f0f95b607fab96ef48b7a8122d56599fde7a1152ae24bf4,True,True,1,15
2026-04-13,0,13.389589071273804,5ae66e90ef012dc16f0f95b607fab96ef48b7a8122d56599fde7a1152ae24bf4,True,True,1,15
2026-04-14,0,13.567710876464844,5ae66e90ef012dc16f0f95b607fab96ef48b7a8122d56599fde7a1152ae24bf4,True,True,1,15
2026-04-15,0,13.764699935913086,5ae66e90ef012dc16f0f95b607fab96ef48b7a8122d56599fde7a1152ae24bf4,True,True,1,15
2026-04-16,0,13.370905876159668,5ae66e90ef012dc16f0f95b607fab96ef48b7a8122d56599fde7a1152ae24bf4,True,True,1,15
2026-04-17,0,13.48155689239502,5ae66e90ef012dc16f0f95b607fab96ef48b7a8122d56599fde7a1152ae24bf4,True,True,1,15
2026-04-18,0,13.64011526107788,5ae66e90ef012dc16f0f95b607fab96ef48b7a8122d56599fde7a1152ae24bf4,True,True,1,15
2026-04-19,0,13.767246961593628,5ae66e90ef012dc16f0f95b607fab96ef48b7a8122d56599fde7a1152ae24bf4,True,True,1,15
2026-04-20,0,13.877137899398804,5ae66e90ef012dc16f0f95b607fab96ef48b7a8122d56599fde7a1152ae24bf4,True,True,1,15
2026-04-21,0,13.897413730621338,5ae66e90ef012dc16f0f95b607fab96ef48b7a8122d56599fde7a1152ae24bf4,True,True,1,15
2026-04-22,0,14.10086703300476,5ae66e90ef012dc16f0f95b607fab96ef48b7a8122d56599fde7a1152ae24bf4,True,True,1,15
2026-04-23,0,13.086508989334106,5ae66e90ef012dc16f0f95b607fab96ef48b7a8122d56599fde7a1152ae24bf4,True,True,1,15
2026-04-24,0,13.281746864318848,5ae66e90ef012dc16f0f95b607fab96ef48b7a8122d56599fde7a1152ae24bf4,True,True,1,15
2026-04-25,0,13.373411178588867,5ae66e90ef012dc16f0f95b607fab96ef48b7a8122d56599fde7a1152ae24bf4,True,True,1,15
2026-04-26,0,13.412544012069702,5ae66e90ef012dc16f0f95b607fab96ef48b7a8122d56599fde7a1152ae24bf4,True,True,1,15
2026-04-27,0,13.695013999938965,5ae66e90ef012dc16f0f95b607fab96ef48b7a8122d56599fde7a1152ae24bf4,True,True,1,15
2026-04-28,0,13.681206703186035,5ae66e90ef012dc16f0f95b607fab96ef48b7a8122d56599fde7a1152ae24bf4,True,True,1,15
2026-04-29,0,13.813812971115112,5ae66e90ef012dc16f0f95b607fab96ef48b7a8122d56599fde7a1152ae24bf4,True,True,1,15
2026-04-30,0,14.084321975708008,5ae66e90ef012dc16f0f95b607fab96ef48b7a8122d56599fde7a1152ae24bf4,True,True,1,15
2026-05-01,0,11.056211948394775,5ae66e90ef012dc16f0f95b607fab96ef48b7a8122d56599fde7a1152ae24bf4,True,True,1,15
2026-05-02,0,13.225227117538452,5ae66e90ef012dc16f0f95b607fab96ef48b7a8122d56599fde7a1152ae24bf4,True,True,1,15
2026-05-03,0,13.614239931106567,5ae66e90ef012dc16f0f95b607fab96ef48b7a8122d56599fde7a1152ae24bf4,True,True,1,15
2026-05-04,0,15.204658031463623,5ae66e90ef012dc16f0f95b607fab96ef48b7a8122d56599fde7a1152ae24bf4,True,True,1,15
2026-05-05,0,14.00129508972168,5ae66e90ef012dc16f0f95b607fab96ef48b7a8122d56599fde7a1152ae24bf4,True,True,1,15
2026-05-06,0,13.960259199142456,5ae66e90ef012dc16f0f95b607fab96ef48b7a8122d56599fde7a1152ae24bf4,True,True,1,15
2026-05-07,0,14.111484289169312,5ae66e90ef012dc16f0f95b607fab96ef48b7a8122d56599fde7a1152ae24bf4,True,True,1,15
2026-05-08,0,13.990887880325317,5ae66e90ef012dc16f0f95b607fab96ef48b7a8122d56599fde7a1152ae24bf4,True,True,1,15
2026-05-09,0,13.85008692741394,5ae66e90ef012dc16f0f95b607fab96ef48b7a8122d56599fde7a1152ae24bf4,True,True,1,15
2026-05-10,0,14.149035930633545,5ae66e90ef012dc16f0f95b607fab96ef48b7a8122d56599fde7a1152ae24bf4,True,True,1,15
2026-05-11,0,14.76864504814148,5ae66e90ef012dc16f0f95b607fab96ef48b7a8122d56599fde7a1152ae24bf4,True,True,1,15
2026-05-12,0,14.790394067764282,5ae66e90ef012dc16f0f95b607fab96ef48b7a8122d56599fde7a1152ae24bf4,True,True,1,15
2026-05-13,0,14.87295413017273,5ae66e90ef012dc16f0f95b607fab96ef48b7a8122d56599fde7a1152ae24bf4,True,True,1,15
2026-05-14,0,14.9880850315094,5ae66e90ef012dc16f0f95b607fab96ef48b7a8122d56599fde7a1152ae24bf4,True,True,1,15
2026-05-15,0,14.933151006698608,5ae66e90ef012dc16f0f95b607fab96ef48b7a8122d56599fde7a1152ae24bf4,True,True,1,15
2026-05-16,0,15.825023889541626,5ae66e90ef012dc16f0f95b607fab96ef48b7a8122d56599fde7a1152ae24bf4,True,True,1,15
2026-05-17,0,15.541869878768921,5ae66e90ef012dc16f0f95b607fab96ef48b7a8122d56599fde7a1152ae24bf4,True,True,1,15
2026-05-18,0,16.05656909942627,5ae66e90ef012dc16f0f95b607fab96ef48b7a8122d56599fde7a1152ae24bf4,True,True,1,15
2026-05-19,0,16.158421993255615,5ae66e90ef012dc16f0f95b607fab96ef48b7a8122d56599fde7a1152ae24bf4,True,True,1,15
2026-05-20,0,15.784761905670166,5ae66e90ef012dc16f0f95b607fab96ef48b7a8122d56599fde7a1152ae24bf4,True,True,1,15
2026-05-21,0,15.954128980636597,5ae66e90ef012dc16f0f95b607fab96ef48b7a8122d56599fde7a1152ae24bf4,True,True,1,15
2026-05-22,0,15.852586030960083,5ae66e90ef012dc16f0f95b607fab96ef48b7a8122d56599fde7a1152ae24bf4,True,True,1,15
2026-05-23,0,15.550971984863281,5ae66e90ef012dc16f0f95b607fab96ef48b7a8122d56599fde7a1152ae24bf4,True,True,1,15
2026-05-24,0,15.631279706954956,5ae66e90ef012dc16f0f95b607fab96ef48b7a8122d56599fde7a1152ae24bf4,True,True,1,15
2026-05-25,0,15.751100063323975,5ae66e90ef012dc16f0f95b607fab96ef48b7a8122d56599fde7a1152ae24bf4,True,True,1,15
2026-05-26,0,15.842621088027954,5ae66e90ef012dc16f0f95b607fab96ef48b7a8122d56599fde7a1152ae24bf4,True,True,1,15
2026-05-27,0,15.90175199508667,5ae66e90ef012dc16f0f95b607fab96ef48b7a8122d56599fde7a1152ae24bf4,True,True,1,15
2026-05-28,0,16.010666847229004,5ae66e90ef012dc16f0f95b607fab96ef48b7a8122d56599fde7a1152ae24bf4,True,True,1,15
2026-05-29,0,16.160791873931885,5ae66e90ef012dc16f0f95b607fab96ef48b7a8122d56599fde7a1152ae24bf4,True,True,1,15
2026-05-30,0,16.303949117660522,5ae66e90ef012dc16f0f95b607fab96ef48b7a8122d56599fde7a1152ae24bf4,True,True,1,15
2026-05-31,0,16.62656593322754,5ae66e90ef012dc16f0f95b607fab96ef48b7a8122d56599fde7a1152ae24bf4,True,True,1,15
2026-06-01,0,13.387703895568848,5ae66e90ef012dc16f0f95b607fab96ef48b7a8122d56599fde7a1152ae24bf4,True,True,1,15
2026-06-02,0,15.455188035964966,5ae66e90ef012dc16f0f95b607fab96ef48b7a8122d56599fde7a1152ae24bf4,True,True,1,15
2026-06-03,0,15.426374912261963,5ae66e90ef012dc16f0f95b607fab96ef48b7a8122d56599fde7a1152ae24bf4,True,True,1,15
2026-06-04,0,15.587167024612427,5ae66e90ef012dc16f0f95b607fab96ef48b7a8122d56599fde7a1152ae24bf4,True,True,1,15
2026-06-05,0,15.68156909942627,5ae66e90ef012dc16f0f95b607fab96ef48b7a8122d56599fde7a1152ae24bf4,True,True,1,15
2026-06-06,0,15.830270051956177,5ae66e90ef012dc16f0f95b607fab96ef48b7a8122d56599fde7a1152ae24bf4,True,True,1,15
2026-06-07,0,15.988661050796509,5ae66e90ef012dc16f0f95b607fab96ef48b7a8122d56599fde7a1152ae24bf4,True,True,1,15
2026-06-08,0,15.979375839233398,5ae66e90ef012dc16f0f95b607fab96ef48b7a8122d56599fde7a1152ae24bf4,True,True,1,15
2026-06-09,0,16.117223024368286,5ae66e90ef012dc16f0f95b607fab96ef48b7a8122d56599fde7a1152ae24bf4,True,True,1,15
2026-06-10,0,16.31619882583618,5ae66e90ef012dc16f0f95b607fab96ef48b7a8122d56599fde7a1152ae24bf4,True,True,1,15
2026-06-11,0,16.457817792892456,5ae66e90ef012dc16f0f95b607fab96ef48b7a8122d56599fde7a1152ae24bf4,True,True,1,15
2026-06-12,0,16.64968991279602,5ae66e90ef012dc16f0f95b607fab96ef48b7a8122d56599fde7a1152ae24bf4,True,True,1,15
2026-06-13,0,16.747715711593628,5ae66e90ef012dc16f0f95b607fab96ef48b7a8122d56599fde7a1152ae24bf4,True,True,1,15
2026-06-14,0,16.689539909362793,5ae66e90ef012dc16f0f95b607fab96ef48b7a8122d56599fde7a1152ae24bf4,True,True,1,15
2026-06-15,0,16.54597282409668,5ae66e90ef012dc16f0f95b607fab96ef48b7a8122d56599fde7a1152ae24bf4,True,True,1,15
2026-06-16,0,16.447204113006592,5ae66e90ef012dc16f0f95b607fab96ef48b7a8122d56599fde7a1152ae24bf4,True,True,1,15
2026-06-17,0,16.655349016189575,5ae66e90ef012dc16f0f95b607fab96ef48b7a8122d56599fde7a1152ae24bf4,True,True,1,15
2026-06-18,0,16.701732873916626,5ae66e90ef012dc16f0f95b607fab96ef48b7a8122d56599fde7a1152ae24bf4,True,True,1,15
2026-06-19,0,16.846818685531616,5ae66e90ef012dc16f0f95b607fab96ef48b7a8122d56599fde7a1152ae24bf4,True,True,1,15
2026-06-20,0,17.001377820968628,5ae66e90ef012dc16f0f95b607fab96ef48b7a8122d56599fde7a1152ae24bf4,True,True,1,15
2026-06-21,0,17.04513907432556,5ae66e90ef012dc16f0f95b607fab96ef48b7a8122d56599fde7a1152ae24bf4,True,True,1,15
2026-06-22,0,17.1654052734375,5ae66e90ef012dc16f0f95b607fab96ef48b7a8122d56599fde7a1152ae24bf4,True,True,1,15
2026-06-23,0,17.702359199523926,5ae66e90ef012dc16f0f95b607fab96ef48b7a8122d56599fde7a1152ae24bf4,True,True,1,15
2026-06-24,0,19.378581047058105,5ae66e90ef012dc16f0f95b607fab96ef48b7a8122d56599fde7a1152ae24bf4,True,True,1,15
2026-06-25,0,18.0659921169281,5ae66e90ef012dc16f0f95b607fab96ef48b7a8122d56599fde7a1152ae24bf4,True,True,1,15
2026-06-26,0,18.988911151885986,5ae66e90ef012dc16f0f95b607fab96ef48b7a8122d56599fde7a1152ae24bf4,True,True,1,15
2026-06-27,0,19.62791395187378,5ae66e90ef012dc16f0f95b607fab96ef48b7a8122d56599fde7a1152ae24bf4,True,True,1,15
2026-06-28,0,18.719669103622437,5ae66e90ef012dc16f0f95b607fab96ef48b7a8122d56599fde7a1152ae24bf4,True,True,1,15
2026-06-29,0,19.02251625061035,5ae66e90ef012dc16f0f95b607fab96ef48b7a8122d56599fde7a1152ae24bf4,True,True,1,15
2026-06-30,0,18.680366039276123,5ae66e90ef012dc16f0f95b607fab96ef48b7a8122d56599fde7a1152ae24bf4,True,True,1,15
2026-07-01,0,16.200854063034058,5ae66e90ef012dc16f0f95b607fab96ef48b7a8122d56599fde7a1152ae24bf4,True,True,1,15
2026-07-02,0,18.364540815353394,5ae66e90ef012dc16f0f95b607fab96ef48b7a8122d56599fde7a1152ae24bf4,True,True,1,15
2026-07-03,0,18.40688705444336,5ae66e90ef012dc16f0f95b607fab96ef48b7a8122d56599fde7a1152ae24bf4,True,True,1,15
2026-07-04,0,18.363005876541138,5ae66e90ef012dc16f0f95b607fab96ef48b7a8122d56599fde7a1152ae24bf4,True,True,1,15
2026-07-05,0,18.441153049468994,5ae66e90ef012dc16f0f95b607fab96ef48b7a8122d56599fde7a1152ae24bf4,True,True,1,15
2026-07-06,0,18.6122088432312,5ae66e90ef012dc16f0f95b607fab96ef48b7a8122d56599fde7a1152ae24bf4,True,True,1,15
2026-07-07,0,18.470439910888672,5ae66e90ef012dc16f0f95b607fab96ef48b7a8122d56599fde7a1152ae24bf4,True,True,1,15
2026-07-08,0,18.68369197845459,5ae66e90ef012dc16f0f95b607fab96ef48b7a8122d56599fde7a1152ae24bf4,True,True,1,15
2026-07-09,0,18.772493839263916,5ae66e90ef012dc16f0f95b607fab96ef48b7a8122d56599fde7a1152ae24bf4,True,True,1,15
2026-07-10,0,18.814355850219727,5ae66e90ef012dc16f0f95b607fab96ef48b7a8122d56599fde7a1152ae24bf4,True,True,1,15
2026-07-11,0,18.964680910110474,5ae66e90ef012dc16f0f95b607fab96ef48b7a8122d56599fde7a1152ae24bf4,True,True,1,15
2026-07-12,0,19.205593824386597,5ae66e90ef012dc16f0f95b607fab96ef48b7a8122d56599fde7a1152ae24bf4,True,True,1,15
2026-07-13,0,19.303140878677368,5ae66e90ef012dc16f0f95b607fab96ef48b7a8122d56599fde7a1152ae24bf4,True,True,1,15
2026-07-14,0,19.27845311164856,5ae66e90ef012dc16f0f95b607fab96ef48b7a8122d56599fde7a1152ae24bf4,True,True,1,15
2026-07-15,0,19.50747323036194,5ae66e90ef012dc16f0f95b607fab96ef48b7a8122d56599fde7a1152ae24bf4,True,True,1,15
2026-07-16,0,19.318159818649292,5ae66e90ef012dc16f0f95b607fab96ef48b7a8122d56599fde7a1152ae24bf4,True,True,1,15
2026-07-17,0,19.419557094573975,5ae66e90ef012dc16f0f95b607fab96ef48b7a8122d56599fde7a1152ae24bf4,True,True,1,15
2026-07-18,0,19.782328128814697,5ae66e90ef012dc16f0f95b607fab96ef48b7a8122d56599fde7a1152ae24bf4,True,True,1,15
2026-07-19,0,19.748433828353882,5ae66e90ef012dc16f0f95b607fab96ef48b7a8122d56599fde7a1152ae24bf4,True,True,1,15
2026-07-20,0,19.744486093521118,5ae66e90ef012dc16f0f95b607fab96ef48b7a8122d56599fde7a1152ae24bf4,True,True,1,15
2026-07-21,0,19.899697065353394,5ae66e90ef012dc16f0f95b607fab96ef48b7a8122d56599fde7a1152ae24bf4,True,True,1,15
2026-07-22,0,19.947362184524536,5ae66e90ef012dc16f0f95b607fab96ef48b7a8122d56599fde7a1152ae24bf4,True,True,1,15
2026-07-23,0,18.358767986297607,5ae66e90ef012dc16f0f95b607fab96ef48b7a8122d56599fde7a1152ae24bf4,True,True,1,15
2026-07-24,0,20.564591884613037,5ae66e90ef012dc16f0f95b607fab96ef48b7a8122d56599fde7a1152ae24bf4,True,True,1,15
2026-07-25,0,20.3667950630188,5ae66e90ef012dc16f0f95b607fab96ef48b7a8122d56599fde7a1152ae24bf4,True,True,1,15
2026-07-26,0,20.826287984848022,5ae66e90ef012dc16f0f95b607fab96ef48b7a8122d56599fde7a1152ae24bf4,True,True,1,15
2026-07-27,0,20.757344007492065,5ae66e90ef012dc16f0f95b607fab96ef48b7a8122d56599fde7a1152ae24bf4,True,True,1,15
2026-07-28,0,20.382880926132202,5ae66e90ef012dc16f0f95b607fab96ef48b7a8122d56599fde7a1152ae24bf4,True,True,1,15
2026-07-29,0,20.90471124649048,5ae66e90ef012dc16f0f95b607fab96ef48b7a8122d56599fde7a1152ae24bf4,True,True,1,15
2026-07-30,0,21.013928174972534,5ae66e90ef012dc16f0f95b607fab96ef48b7a8122d56599fde7a1152ae24bf4,True,True,1,15
2026-07-31,0,21.325148105621338,5ae66e90ef012dc16f0f95b607fab96ef48b7a8122d56599fde7a1152ae24bf4,True,True,1,15
2026-08-01,0,19.517489910125732,5ae66e90ef012dc16f0f95b607fab96ef48b7a8122d56599fde7a1152ae24bf4,True,True,1,15
2026-08-02,0,21.50327706336975,5ae66e90ef012dc16f0f95b607fab96ef48b7a8122d56599fde7a1152ae24bf4,True,True,1,15
2026-08-03,0,21.335121154785156,5ae66e90ef012dc16f0f95b607fab96ef48b7a8122d56599fde7a1152ae24bf4,True,True,1,15
2026-08-04,0,21.62944793701172,5ae66e90ef012dc16f0f95b607fab96ef48b7a8122d56599fde7a1152ae24bf4,True,True,1,15
2026-08-05,0,21.274682760238647,5ae66e90ef012dc16f0f95b607fab96ef48b7a8122d56599fde7a1152ae24bf4,True,True,1,15
2026-08-06,0,21.4456570148468,5ae66e90ef012dc16f0f95b607fab96ef48b7a8122d56599fde7a1152ae24bf4,True,True,1,15
2026-08-07,0,20.03574776649475,5ae66e90ef012dc16f0f95b607fab96ef48b7a8122d56599fde7a1152ae24bf4,True,True,1,15
2026-08-08,0,20.078283071517944,5ae66e90ef012dc16f0f95b607fab96ef48b7a8122d56599fde7a1152ae24bf4,True,True,1,15
2026-08-09,0,20.276264190673828,5ae66e90ef012dc16f0f95b607fab96ef48b7a8122d56599fde7a1152ae24bf4,True,True,1,15
2026-08-10,0,20.538217067718506,5ae66e90ef012dc16f0f95b607fab96ef48b7a8122d56599fde7a1152ae24bf4,True,True,1,15
2026-08-11,0,20.35173201560974,5ae66e90ef012dc16f0f95b607fab96ef48b7a8122d56599fde7a1152ae24bf4,True,True,1,15
2026-08-12,0,20.674739837646484,5ae66e90ef012dc16f0f95b607fab96ef48b7a8122d56599fde7a1152ae24bf4,True,True,1,15
2026-08-13,0,20.79802894592285,5ae66e90ef012dc16f0f95b607fab96ef48b7a8122d56599fde7a1152ae24bf4,True,True,1,15
2026-08-14,0,20.68135404586792,5ae66e90ef012dc16f0f95b607fab96ef48b7a8122d56599fde7a1152ae24bf4,True,True,1,15
2026-08-15,0,21.06389284133911,5ae66e90ef012dc16f0f95b607fab96ef48b7a8122d56599fde7a1152ae24bf4,True,True,1,15
2026-08-16,0,21.222879886627197,5ae66e90ef012dc16f0f95b607fab96ef48b7a8122d56599fde7a1152ae24bf4,True,True,1,15
2026-08-17,0,21.30248188972473,5ae66e90ef012dc16f0f95b607fab96ef48b7a8122d56599fde7a1152ae24bf4,True,True,1,15
2026-08-18,0,21.350881099700928,5ae66e90ef012dc16f0f95b607fab96ef48b7a8122d56599fde7a1152ae24bf4,True,True,1,15
2026-08-19,0,21.525995016098022,5ae66e90ef012dc16f0f95b607fab96ef48b7a8122d56599fde7a1152ae24bf4,True,True,1,15
2026-08-20,0,21.41481876373291,5ae66e90ef012dc16f0f95b607fab96ef48b7a8122d56599fde7a1152ae24bf4,True,True,1,15
2026-08-21,0,21.60529899597168,5ae66e90ef012dc16f0f95b607fab96ef48b7a8122d56599fde7a1152ae24bf4,True,True,1,15
2026-08-22,0,21.824755907058716,5ae66e90ef012dc16f0f95b607fab96ef48b7a8122d56599fde7a1152ae24bf4,True,True,1,15
2026-08-23,0,21.870665073394775,5ae66e90ef012dc16f0f95b607fab96ef48b7a8122d56599fde7a1152ae24bf4,True,True,1,15
2026-08-24,0,22.196361303329468,5ae66e90ef012dc16f0f95b607fab96ef48b7a8122d56599fde7a1152ae24bf4,True,True,1,15
2026-08-25,0,22.05772089958191,5ae66e90ef012dc16f0f95b607fab96ef48b7a8122d56599fde7a1152ae24bf4,True,True,1,15
2026-08-26,0,22.349514961242676,5ae66e90ef012dc16f0f95b607fab96ef48b7a8122d56599fde7a1152ae24bf4,True,True,1,15
2026-08-27,0,22.58513903617859,5ae66e90ef012dc16f0f95b607fab96ef48b7a8122d56599fde7a1152ae24bf4,True,True,1,15
2026-08-28,0,22.570736169815063,5ae66e90ef012dc16f0f95b607fab96ef48b7a8122d56599fde7a1152ae24bf4,True,True,1,15
2026-08-29,0,22.829077005386353,5ae66e90ef012dc16f0f95b607fab96ef48b7a8122d56599fde7a1152ae24bf4,True,True,1,15
2026-08-30,0,23.038284063339233,5ae66e90ef012dc16f0f95b607fab96ef48b7a8122d56599fde7a1152ae24bf4,True,True,1,15
2026-08-31,0,23.346529006958008,5ae66e90ef012dc16f0f95b607fab96ef48b7a8122d56599fde7a1152ae24bf4,True,True,1,15
2026-09-01,0,20.975371837615967,5ae66e90ef012dc16f0f95b607fab96ef48b7a8122d56599fde7a1152ae24bf4,True,True,1,15
2026-09-02,0,22.541363954544067,5ae66e90ef012dc16f0f95b607fab96ef48b7a8122d56599fde7a1152ae24bf4,True,True,1,15
2026-09-03,0,22.814499139785767,5ae66e90ef012dc16f0f95b607fab96ef48b7a8122d56599fde7a1152ae24bf4,True,True,1,15
2026-09-04,0,23.046960830688477,5ae66e90ef012dc16f0f95b607fab96ef48b7a8122d56599fde7a1152ae24bf4,True,True,1,15
2026-09-05,0,23.17230486869812,5ae66e90ef012dc16f0f95b607fab96ef48b7a8122d56599fde7a1152ae24bf4,True,True,1,15
2026-09-06,0,23.236191034317017,5ae66e90ef012dc16f0f95b607fab96ef48b7a8122d56599fde7a1152ae24bf4,True,True,1,15
2026-09-07,0,23.40295696258545,5ae66e90ef012dc16f0f95b607fab96ef48b7a8122d56599fde7a1152ae24bf4,True,True,1,15
2026-09-08,0,22.701622009277344,5ae66e90ef012dc16f0f95b607fab96ef48b7a8122d56599fde7a1152ae24bf4,True,True,1,15
2026-09-09,0,23.040555953979492,5ae66e90ef012dc16f0f95b607fab96ef48b7a8122d56599fde7a1152ae24bf4,True,True,1,15
2026-09-10,0,21.405097007751465,5ae66e90ef012dc16f0f95b607fab96ef48b7a8122d56599fde7a1152ae24bf4,True,True,1,15
2026-09-11,0,22.04628300666809,5ae66e90ef012dc16f0f95b607fab96ef48b7a8122d56599fde7a1152ae24bf4,True,True,1,15
2026-09-12,0,22.178046941757202,5ae66e90ef012dc16f0f95b607fab96ef48b7a8122d56599fde7a1152ae24bf4,True,True,1,15
2026-09-13,0,22.14328694343567,5ae66e90ef012dc16f0f95b607fab96ef48b7a8122d56599fde7a1152ae24bf4,True,True,1,15
2026-09-14,0,19.8857262134552,5ae66e90ef012dc16f0f95b607fab96ef48b7a8122d56599fde7a1152ae24bf4,True,True,1,15
2026-09-15,0,22.311517000198364,5ae66e90ef012dc16f0f95b607fab96ef48b7a8122d56599fde7a1152ae24bf4,True,True,1,15
2026-09-16,0,22.246544122695923,5ae66e90ef012dc16f0f95b607fab96ef48b7a8122d56599fde7a1152ae24bf4,True,True,1,15
2026-09-17,0,22.339049100875854,5ae66e90ef012dc16f0f95b607fab96ef48b7a8122d56599fde7a1152ae24bf4,True,True,1,15
2026-09-18,0,22.53710389137268,5ae66e90ef012dc16f0f95b607fab96ef48b7a8122d56599fde7a1152ae24bf4,True,True,1,15
2026-09-19,0,22.83775520324707,5ae66e90ef012dc16f0f95b607fab96ef48b7a8122d56599fde7a1152ae24bf4,True,True,1,15
2026-09-20,0,23.026432752609253,5ae66e90ef012dc16f0f95b607fab96ef48b7a8122d56599fde7a1152ae24bf4,True,True,1,15
