status,contract,kwh,v2_segment,v3_segment,pair_days,first_date,last_date,reasons
lost,096kvt-cheap-energy-finland-oy-cheap-maaraaikainen-3-kk-perusmaksu-0-koko-sopimuskauden-ajan,2000,fixed_term_below6,fixed_term_below6,35,2026-06-10,2026-07-14,"{""canonical_outcome_not_listed"": 35}"
lost,096kvt-cheap-energy-finland-oy-cheap-maaraaikainen-3-kk-perusmaksu-0-koko-sopimuskauden-ajan,5000,fixed_term_below6,fixed_term_below6,35,2026-06-10,2026-07-14,"{""canonical_outcome_not_listed"": 35}"
lost,096kvt-cheap-energy-finland-oy-cheap-maaraaikainen-3-kk-perusmaksu-0-koko-sopimuskauden-ajan,18000,fixed_term_below6,fixed_term_below6,35,2026-06-10,2026-07-14,"{""canonical_outcome_not_listed"": 35}"
lost,0flemf-vihrea-alyenergia-oy-vankka-kiintea-4kk-fossiilivapaa,2000,fixed_term_below6,fixed_term_below6,4,2026-01-30,2026-02-02,"{""canonical_outcome_not_listed"": 4}"
lost,0flemf-vihrea-alyenergia-oy-vankka-kiintea-4kk-fossiilivapaa,5000,fixed_term_below6,fixed_term_below6,4,2026-01-30,2026-02-02,"{""canonical_outcome_not_listed"": 4}"
lost,0flemf-vihrea-alyenergia-oy-vankka-kiintea-4kk-fossiilivapaa,18000,fixed_term_below6,fixed_term_below6,4,2026-01-30,2026-02-02,"{""canonical_outcome_not_listed"": 4}"
lost,0uohci-vihrea-alyenergia-oy-opiskelijan-verraton-porssisahko,2000,spot,spot,13,2026-07-25,2026-08-06,"{""exact_date_components_unavailable"": 13}"
lost,0uohci-vihrea-alyenergia-oy-opiskelijan-verraton-porssisahko,5000,spot,spot,13,2026-07-25,2026-08-06,"{""exact_date_components_unavailable"": 13}"
lost,0xadsb-vihrea-alyenergia-oy-vankka-kiintea-4kk-fossiilivapaa,2000,fixed_term_below6,fixed_term_below6,3,2026-01-24,2026-01-26,"{""canonical_outcome_not_listed"": 3}"
lost,0xadsb-vihrea-alyenergia-oy-vankka-kiintea-4kk-fossiilivapaa,5000,fixed_term_below6,fixed_term_below6,3,2026-01-24,2026-01-26,"{""canonical_outcome_not_listed"": 3}"
lost,0xadsb-vihrea-alyenergia-oy-vankka-kiintea-4kk-fossiilivapaa,18000,fixed_term_below6,fixed_term_below6,3,2026-01-24,2026-01-26,"{""canonical_outcome_not_listed"": 3}"
lost,1ucmby-cheap-energy-finland-oy-cheap-kvartaalisahko,2000,market_reset,market_reset,2,2026-08-02,2026-08-03,"{""exact_date_components_unavailable"": 2}"
lost,1ucmby-cheap-energy-finland-oy-cheap-kvartaalisahko,2000,quarterly,quarterly,8,2026-07-25,2026-08-01,"{""exact_date_components_unavailable"": 8}"
lost,1ucmby-cheap-energy-finland-oy-cheap-kvartaalisahko,5000,market_reset,market_reset,2,2026-08-02,2026-08-03,"{""exact_date_components_unavailable"": 2}"
lost,1ucmby-cheap-energy-finland-oy-cheap-kvartaalisahko,5000,quarterly,quarterly,8,2026-07-25,2026-08-01,"{""exact_date_components_unavailable"": 8}"
lost,1ucmby-cheap-energy-finland-oy-cheap-kvartaalisahko,18000,market_reset,market_reset,2,2026-08-02,2026-08-03,"{""exact_date_components_unavailable"": 2}"
lost,1ucmby-cheap-energy-finland-oy-cheap-kvartaalisahko,18000,quarterly,quarterly,8,2026-07-25,2026-08-01,"{""exact_date_components_unavailable"": 8}"
lost,35idqf-vattenfall-oy-taysvesi-24-kk,2000,fixed_term_24,fixed_term_24,1,2026-07-23,2026-07-23,"{""canonical_outcome_not_listed"": 1}"
lost,35idqf-vattenfall-oy-taysvesi-24-kk,5000,fixed_term_24,fixed_term_24,1,2026-07-23,2026-07-23,"{""canonical_outcome_not_listed"": 1}"
lost,35idqf-vattenfall-oy-taysvesi-24-kk,18000,fixed_term_24,fixed_term_24,1,2026-07-23,2026-07-23,"{""canonical_outcome_not_listed"": 1}"
lost,3bdzoe-paneliankosken-voima-oy-kosken-kayttowoima-12-kk-kulutusjousto,2000,hybrid,hybrid,5,2026-07-23,2026-07-27,"{""canonical_outcome_not_listed"": 5}"
lost,3bdzoe-paneliankosken-voima-oy-kosken-kayttowoima-12-kk-kulutusjousto,5000,hybrid,hybrid,5,2026-07-23,2026-07-27,"{""canonical_outcome_not_listed"": 5}"
lost,3bdzoe-paneliankosken-voima-oy-kosken-kayttowoima-12-kk-kulutusjousto,18000,hybrid,hybrid,5,2026-07-23,2026-07-27,"{""canonical_outcome_not_listed"": 5}"
lost,6e4ly6-kokkolan-energia-oy-tyyni,2000,open_ended,open_ended,4,2026-07-25,2026-07-28,"{""exact_date_components_unavailable"": 4}"
lost,6e4ly6-kokkolan-energia-oy-tyyni,5000,open_ended,open_ended,4,2026-07-25,2026-07-28,"{""exact_date_components_unavailable"": 4}"
lost,6e4ly6-kokkolan-energia-oy-tyyni,18000,open_ended,open_ended,4,2026-07-25,2026-07-28,"{""exact_date_components_unavailable"": 4}"
lost,6txgrh-cheap-energy-finland-oy-cheap-maaraaikainen-3-kk,2000,fixed_term_below6,fixed_term_below6,25,2026-05-09,2026-06-02,"{""canonical_outcome_not_listed"": 25}"
lost,6txgrh-cheap-energy-finland-oy-cheap-maaraaikainen-3-kk,5000,fixed_term_below6,fixed_term_below6,25,2026-05-09,2026-06-02,"{""canonical_outcome_not_listed"": 25}"
lost,6txgrh-cheap-energy-finland-oy-cheap-maaraaikainen-3-kk,18000,fixed_term_below6,fixed_term_below6,25,2026-05-09,2026-06-02,"{""canonical_outcome_not_listed"": 25}"
lost,8lw2cg-turku-energia-oy-louna-helppo-l,2000,open_ended,open_ended,1,2026-07-23,2026-07-23,"{""canonical_outcome_not_listed"": 1}"
lost,8lw2cg-turku-energia-oy-louna-helppo-l,5000,open_ended,open_ended,1,2026-07-23,2026-07-23,"{""canonical_outcome_not_listed"": 1}"
lost,8lw2cg-turku-energia-oy-louna-helppo-l,18000,open_ended,open_ended,1,2026-07-23,2026-07-23,"{""canonical_outcome_not_listed"": 1}"
lost,bdfd4u-keravan-energia-oy-perusfiksu-24kk,2000,hybrid,hybrid,1,2026-09-16,2026-09-16,"{""canonical_outcome_not_listed"": 1}"
lost,bdfd4u-keravan-energia-oy-perusfiksu-24kk,5000,hybrid,hybrid,1,2026-09-16,2026-09-16,"{""canonical_outcome_not_listed"": 1}"
lost,bdfd4u-keravan-energia-oy-perusfiksu-24kk,18000,hybrid,hybrid,1,2026-09-16,2026-09-16,"{""canonical_outcome_not_listed"": 1}"
lost,dgh71e-turku-energia-oy-louna-helppo-m,2000,open_ended,open_ended,1,2026-07-23,2026-07-23,"{""canonical_outcome_not_listed"": 1}"
lost,dgh71e-turku-energia-oy-louna-helppo-m,5000,open_ended,open_ended,1,2026-07-23,2026-07-23,"{""canonical_outcome_not_listed"": 1}"
lost,dgh71e-turku-energia-oy-louna-helppo-m,18000,open_ended,open_ended,1,2026-07-23,2026-07-23,"{""canonical_outcome_not_listed"": 1}"
lost,djobdk-vihrea-alyenergia-oy-vire-tuuli-opiskelija,2000,spot,spot,58,2026-07-25,2026-09-20,"{""exact_date_components_unavailable"": 58}"
lost,djobdk-vihrea-alyenergia-oy-vire-tuuli-opiskelija,5000,spot,spot,58,2026-07-25,2026-09-20,"{""exact_date_components_unavailable"": 58}"
lost,fddbph-vihrea-alyenergia-oy-vankka-kiintea-4kk-fossiilivapaa,2000,fixed_term_below6,fixed_term_below6,3,2026-01-21,2026-01-23,"{""canonical_outcome_not_listed"": 3}"
lost,fddbph-vihrea-alyenergia-oy-vankka-kiintea-4kk-fossiilivapaa,5000,fixed_term_below6,fixed_term_below6,3,2026-01-21,2026-01-23,"{""canonical_outcome_not_listed"": 3}"
lost,fddbph-vihrea-alyenergia-oy-vankka-kiintea-4kk-fossiilivapaa,18000,fixed_term_below6,fixed_term_below6,3,2026-01-21,2026-01-23,"{""canonical_outcome_not_listed"": 3}"
lost,ggkvce-vihrea-alyenergia-oy-vankka-kiintea-9kk-fossiilivapaa,2000,fixed_term_7_11,fixed_term_7_11,63,2026-02-03,2026-04-07,"{""canonical_outcome_not_listed"": 63}"
lost,ggkvce-vihrea-alyenergia-oy-vankka-kiintea-9kk-fossiilivapaa,5000,fixed_term_7_11,fixed_term_7_11,63,2026-02-03,2026-04-07,"{""canonical_outcome_not_listed"": 63}"
lost,ggkvce-vihrea-alyenergia-oy-vankka-kiintea-9kk-fossiilivapaa,18000,fixed_term_7_11,fixed_term_7_11,63,2026-02-03,2026-04-07,"{""canonical_outcome_not_listed"": 63}"
lost,h191sf-hehku-energia-oy-hehku-jatkuva,2000,open_ended,open_ended,28,2026-08-12,2026-09-08,"{""canonical_outcome_not_listed"": 28}"
lost,h191sf-hehku-energia-oy-hehku-jatkuva,5000,open_ended,open_ended,28,2026-08-12,2026-09-08,"{""canonical_outcome_not_listed"": 28}"
lost,h191sf-hehku-energia-oy-hehku-jatkuva,18000,open_ended,open_ended,28,2026-08-12,2026-09-08,"{""canonical_outcome_not_listed"": 28}"
lost,h8icyg-hehku-energia-oy-hehku-jatkuva,2000,open_ended,open_ended,8,2026-07-23,2026-07-30,"{""canonical_outcome_not_listed"": 8}"
lost,h8icyg-hehku-energia-oy-hehku-jatkuva,5000,open_ended,open_ended,8,2026-07-23,2026-07-30,"{""canonical_outcome_not_listed"": 8}"
lost,h8icyg-hehku-energia-oy-hehku-jatkuva,18000,open_ended,open_ended,8,2026-07-23,2026-07-30,"{""canonical_outcome_not_listed"": 8}"
lost,iq7fja-vimpelin-voima-oy-vuodenaikatariffi,2000,open_ended,open_ended,1,2026-07-24,2026-07-24,"{""canonical_outcome_not_listed"": 1}"
lost,iq7fja-vimpelin-voima-oy-vuodenaikatariffi,5000,open_ended,open_ended,1,2026-07-24,2026-07-24,"{""canonical_outcome_not_listed"": 1}"
lost,iq7fja-vimpelin-voima-oy-vuodenaikatariffi,18000,open_ended,open_ended,1,2026-07-24,2026-07-24,"{""canonical_outcome_not_listed"": 1}"
lost,kvwny9-vihrea-alyenergia-oy-vire-tuuli-porssisahko-tarjous-ensimmaiset-12-kk,2000,spot,spot,58,2026-07-25,2026-09-20,"{""exact_date_components_unavailable"": 58}"
lost,kvwny9-vihrea-alyenergia-oy-vire-tuuli-porssisahko-tarjous-ensimmaiset-12-kk,5000,spot,spot,58,2026-07-25,2026-09-20,"{""exact_date_components_unavailable"": 58}"
lost,kvwny9-vihrea-alyenergia-oy-vire-tuuli-porssisahko-tarjous-ensimmaiset-12-kk,18000,spot,spot,58,2026-07-25,2026-09-20,"{""exact_date_components_unavailable"": 58}"
lost,kw0pi8-turku-energia-oy-louna-helppo-xs,2000,open_ended,open_ended,1,2026-07-23,2026-07-23,"{""canonical_outcome_not_listed"": 1}"
lost,kw0pi8-turku-energia-oy-louna-helppo-xs,5000,open_ended,open_ended,1,2026-07-23,2026-07-23,"{""canonical_outcome_not_listed"": 1}"
lost,kw0pi8-turku-energia-oy-louna-helppo-xs,18000,open_ended,open_ended,1,2026-07-23,2026-07-23,"{""canonical_outcome_not_listed"": 1}"
lost,lw9yb0-vihrea-alyenergia-oy-vankka-kiintea-4kk-fossiilivapaa,2000,fixed_term_below6,fixed_term_below6,3,2026-01-27,2026-01-29,"{""canonical_outcome_not_listed"": 3}"
lost,lw9yb0-vihrea-alyenergia-oy-vankka-kiintea-4kk-fossiilivapaa,5000,fixed_term_below6,fixed_term_below6,3,2026-01-27,2026-01-29,"{""canonical_outcome_not_listed"": 3}"
lost,lw9yb0-vihrea-alyenergia-oy-vankka-kiintea-4kk-fossiilivapaa,18000,fixed_term_below6,fixed_term_below6,3,2026-01-27,2026-01-29,"{""canonical_outcome_not_listed"": 3}"
lost,mxa020-aalto-energia-oyj-ankkuri-kiintea-9kk,2000,fixed_term_7_11,fixed_term_7_11,7,2026-01-21,2026-01-27,"{""canonical_outcome_not_listed"": 7}"
lost,mxa020-aalto-energia-oyj-ankkuri-kiintea-9kk,5000,fixed_term_7_11,fixed_term_7_11,7,2026-01-21,2026-01-27,"{""canonical_outcome_not_listed"": 7}"
lost,mxa020-aalto-energia-oyj-ankkuri-kiintea-9kk,18000,fixed_term_7_11,fixed_term_7_11,7,2026-01-21,2026-01-27,"{""canonical_outcome_not_listed"": 7}"
lost,osszso-aalto-energia-oyj-luotsi-porssisahko-tarjous-perusmaksu-099-ensimmaiset-12kk,2000,spot,spot,58,2026-07-25,2026-09-20,"{""exact_date_components_unavailable"": 58}"
lost,osszso-aalto-energia-oyj-luotsi-porssisahko-tarjous-perusmaksu-099-ensimmaiset-12kk,5000,spot,spot,58,2026-07-25,2026-09-20,"{""exact_date_components_unavailable"": 58}"
lost,osszso-aalto-energia-oyj-luotsi-porssisahko-tarjous-perusmaksu-099-ensimmaiset-12kk,18000,spot,spot,58,2026-07-25,2026-09-20,"{""exact_date_components_unavailable"": 58}"
lost,padux1-vihrea-alyenergia-oy-vankka-kiintea-9kk-fossiilivapaa,2000,fixed_term_7_11,fixed_term_7_11,4,2026-01-30,2026-02-02,"{""canonical_outcome_not_listed"": 4}"
lost,padux1-vihrea-alyenergia-oy-vankka-kiintea-9kk-fossiilivapaa,5000,fixed_term_7_11,fixed_term_7_11,4,2026-01-30,2026-02-02,"{""canonical_outcome_not_listed"": 4}"
lost,padux1-vihrea-alyenergia-oy-vankka-kiintea-9kk-fossiilivapaa,18000,fixed_term_7_11,fixed_term_7_11,4,2026-01-30,2026-02-02,"{""canonical_outcome_not_listed"": 4}"
lost,rfiaso-vihrea-alyenergia-oy-vankka-kiintea-9kk-fossiilivapaa,2000,fixed_term_7_11,fixed_term_7_11,3,2026-01-27,2026-01-29,"{""canonical_outcome_not_listed"": 3}"
lost,rfiaso-vihrea-alyenergia-oy-vankka-kiintea-9kk-fossiilivapaa,5000,fixed_term_7_11,fixed_term_7_11,3,2026-01-27,2026-01-29,"{""canonical_outcome_not_listed"": 3}"
lost,rfiaso-vihrea-alyenergia-oy-vankka-kiintea-9kk-fossiilivapaa,18000,fixed_term_7_11,fixed_term_7_11,3,2026-01-27,2026-01-29,"{""canonical_outcome_not_listed"": 3}"
lost,sk027a-hehku-energia-oy-hehku-jatkuva,2000,open_ended,open_ended,7,2026-08-05,2026-08-11,"{""canonical_outcome_not_listed"": 7}"
lost,sk027a-hehku-energia-oy-hehku-jatkuva,5000,open_ended,open_ended,7,2026-08-05,2026-08-11,"{""canonical_outcome_not_listed"": 7}"
lost,sk027a-hehku-energia-oy-hehku-jatkuva,18000,open_ended,open_ended,7,2026-08-05,2026-08-11,"{""canonical_outcome_not_listed"": 7}"
lost,w4k6um-keravan-energia-oy-perusfiksu-24kk,2000,hybrid,hybrid,3,2026-09-09,2026-09-11,"{""canonical_outcome_not_listed"": 3}"
lost,w4k6um-keravan-energia-oy-perusfiksu-24kk,5000,hybrid,hybrid,3,2026-09-09,2026-09-11,"{""canonical_outcome_not_listed"": 3}"
lost,w4k6um-keravan-energia-oy-perusfiksu-24kk,18000,hybrid,hybrid,3,2026-09-09,2026-09-11,"{""canonical_outcome_not_listed"": 3}"
lost,whniel-vihrea-alyenergia-oy-vankka-kiintea-3kk-fossiilivapaa,2000,fixed_term_below6,fixed_term_below6,26,2026-04-16,2026-05-11,"{""canonical_outcome_not_listed"": 26}"
lost,whniel-vihrea-alyenergia-oy-vankka-kiintea-3kk-fossiilivapaa,5000,fixed_term_below6,fixed_term_below6,26,2026-04-16,2026-05-11,"{""canonical_outcome_not_listed"": 26}"
lost,x5t18z-helen-oy-helpposahko-m,2000,open_ended,open_ended,1,2026-07-23,2026-07-23,"{""canonical_outcome_not_listed"": 1}"
lost,xam9ev-hehku-energia-oy-hehku-jatkuva,2000,open_ended,open_ended,8,2026-09-09,2026-09-16,"{""canonical_outcome_not_listed"": 8}"
lost,xam9ev-hehku-energia-oy-hehku-jatkuva,5000,open_ended,open_ended,8,2026-09-09,2026-09-16,"{""canonical_outcome_not_listed"": 8}"
lost,xam9ev-hehku-energia-oy-hehku-jatkuva,18000,open_ended,open_ended,8,2026-09-09,2026-09-16,"{""canonical_outcome_not_listed"": 8}"
lost,xlclt2-sahkotytot-oy-porssisahko-tarjous-ilmainen-perusmaksu-ensimmaiset-3kk,2000,spot,spot,58,2026-07-25,2026-09-20,"{""exact_date_components_unavailable"": 58}"
lost,xlclt2-sahkotytot-oy-porssisahko-tarjous-ilmainen-perusmaksu-ensimmaiset-3kk,5000,spot,spot,58,2026-07-25,2026-09-20,"{""exact_date_components_unavailable"": 58}"
lost,xlclt2-sahkotytot-oy-porssisahko-tarjous-ilmainen-perusmaksu-ensimmaiset-3kk,18000,spot,spot,58,2026-07-25,2026-09-20,"{""exact_date_components_unavailable"": 58}"
lost,ychtcj-vihrea-alyenergia-oy-vankka-kiintea-4kk-fossiilivapaa,2000,fixed_term_below6,fixed_term_below6,54,2026-02-13,2026-04-07,"{""canonical_outcome_not_listed"": 54}"
lost,ychtcj-vihrea-alyenergia-oy-vankka-kiintea-4kk-fossiilivapaa,5000,fixed_term_below6,fixed_term_below6,54,2026-02-13,2026-04-07,"{""canonical_outcome_not_listed"": 54}"
lost,ychtcj-vihrea-alyenergia-oy-vankka-kiintea-4kk-fossiilivapaa,18000,fixed_term_below6,fixed_term_below6,54,2026-02-13,2026-04-07,"{""canonical_outcome_not_listed"": 54}"
lost,ztawud-turku-energia-oy-louna-helppo-s,2000,open_ended,open_ended,1,2026-07-23,2026-07-23,"{""canonical_outcome_not_listed"": 1}"
lost,ztawud-turku-energia-oy-louna-helppo-s,5000,open_ended,open_ended,1,2026-07-23,2026-07-23,"{""canonical_outcome_not_listed"": 1}"
lost,ztawud-turku-energia-oy-louna-helppo-s,18000,open_ended,open_ended,1,2026-07-23,2026-07-23,"{""canonical_outcome_not_listed"": 1}"
new,1maegh-helen-oy-maaraaikainen-perussahko-6-kk,2000,,fixed_term_6,6,2026-01-21,2026-01-26,"{""null"": 6}"
new,1maegh-helen-oy-maaraaikainen-perussahko-6-kk,5000,,fixed_term_6,6,2026-01-21,2026-01-26,"{""null"": 6}"
new,1maegh-helen-oy-maaraaikainen-perussahko-6-kk,18000,,fixed_term_6,6,2026-01-21,2026-01-26,"{""null"": 6}"
new,1ucmby-cheap-energy-finland-oy-cheap-kvartaalisahko,2000,,quarterly,1,2026-07-23,2026-07-23,"{""null"": 1}"
new,1ucmby-cheap-energy-finland-oy-cheap-kvartaalisahko,5000,,quarterly,1,2026-07-23,2026-07-23,"{""null"": 1}"
new,1ucmby-cheap-energy-finland-oy-cheap-kvartaalisahko,18000,,quarterly,1,2026-07-23,2026-07-23,"{""null"": 1}"
new,2le6zk-vaasan-sahko-myynti-oy-kiintea-6-kk-yosahko,2000,,fixed_term_6,7,2026-01-29,2026-02-04,"{""null"": 7}"
new,2le6zk-vaasan-sahko-myynti-oy-kiintea-6-kk-yosahko,5000,,fixed_term_6,7,2026-01-29,2026-02-04,"{""null"": 7}"
new,2le6zk-vaasan-sahko-myynti-oy-kiintea-6-kk-yosahko,18000,,fixed_term_6,7,2026-01-29,2026-02-04,"{""null"": 7}"
new,3gim4o-vattenfall-oy-ilmasto-mix-6-kk,2000,,fixed_term_6,9,2026-02-17,2026-02-25,"{""null"": 9}"
new,3gim4o-vattenfall-oy-ilmasto-mix-6-kk,5000,,fixed_term_6,9,2026-02-17,2026-02-25,"{""null"": 9}"
new,3gim4o-vattenfall-oy-ilmasto-mix-6-kk,18000,,fixed_term_6,9,2026-02-17,2026-02-25,"{""null"": 9}"
new,3hwag5-cheap-energy-finland-oy-cheap-maaraaikainen-6-kk-0-kuukausimaksu-ensimmaiset-3-kuukautta,2000,,fixed_term_6,2,2026-01-28,2026-01-29,"{""null"": 2}"
new,3hwag5-cheap-energy-finland-oy-cheap-maaraaikainen-6-kk-0-kuukausimaksu-ensimmaiset-3-kuukautta,5000,,fixed_term_6,2,2026-01-28,2026-01-29,"{""null"": 2}"
new,3hwag5-cheap-energy-finland-oy-cheap-maaraaikainen-6-kk-0-kuukausimaksu-ensimmaiset-3-kuukautta,18000,,fixed_term_6,2,2026-01-28,2026-01-29,"{""null"": 2}"
new,3sivst-helen-oy-helpposahko-s,2000,,open_ended,3,2026-07-24,2026-07-26,"{""null"": 3}"
new,4wrivc-vattenfall-oy-ilmasto-mix-6-kk,2000,,fixed_term_6,6,2026-01-29,2026-02-03,"{""null"": 6}"
new,4wrivc-vattenfall-oy-ilmasto-mix-6-kk,5000,,fixed_term_6,6,2026-01-29,2026-02-03,"{""null"": 6}"
new,4wrivc-vattenfall-oy-ilmasto-mix-6-kk,18000,,fixed_term_6,6,2026-01-29,2026-02-03,"{""null"": 6}"
new,86oyzv-vihrea-alyenergia-oy-vankka-kiintea-6kk-fossiilivapaa,2000,,fixed_term_6,54,2026-02-13,2026-04-07,"{""null"": 54}"
new,86oyzv-vihrea-alyenergia-oy-vankka-kiintea-6kk-fossiilivapaa,5000,,fixed_term_6,54,2026-02-13,2026-04-07,"{""null"": 54}"
new,86oyzv-vihrea-alyenergia-oy-vankka-kiintea-6kk-fossiilivapaa,18000,,fixed_term_6,54,2026-02-13,2026-04-07,"{""null"": 54}"
new,8yykgr-vattenfall-oy-ilmasto-mix-6-kk,2000,,fixed_term_6,8,2026-07-01,2026-07-08,"{""null"": 8}"
new,8yykgr-vattenfall-oy-ilmasto-mix-6-kk,5000,,fixed_term_6,8,2026-07-01,2026-07-08,"{""null"": 8}"
new,8yykgr-vattenfall-oy-ilmasto-mix-6-kk,18000,,fixed_term_6,8,2026-07-01,2026-07-08,"{""null"": 8}"
new,bdjjig-vattenfall-oy-ilmasto-mix-6-kk,2000,,fixed_term_6,19,2026-04-03,2026-04-21,"{""null"": 19}"
new,bdjjig-vattenfall-oy-ilmasto-mix-6-kk,5000,,fixed_term_6,19,2026-04-03,2026-04-21,"{""null"": 19}"
new,bdjjig-vattenfall-oy-ilmasto-mix-6-kk,18000,,fixed_term_6,19,2026-04-03,2026-04-21,"{""null"": 19}"
new,bkilfp-hehku-energia-oy-hehku-kiintea-6-kk,2000,,fixed_term_6,46,2026-03-20,2026-05-04,"{""null"": 46}"
new,bkilfp-hehku-energia-oy-hehku-kiintea-6-kk,5000,,fixed_term_6,46,2026-03-20,2026-05-04,"{""null"": 46}"
new,bkilfp-hehku-energia-oy-hehku-kiintea-6-kk,18000,,fixed_term_6,46,2026-03-20,2026-05-04,"{""null"": 46}"
new,cshvfd-vare-oy-maaraaikainen-sahko-6-kk,2000,,fixed_term_6,7,2026-03-04,2026-03-10,"{""null"": 7}"
new,cshvfd-vare-oy-maaraaikainen-sahko-6-kk,5000,,fixed_term_6,7,2026-03-04,2026-03-10,"{""null"": 7}"
new,cshvfd-vare-oy-maaraaikainen-sahko-6-kk,18000,,fixed_term_6,7,2026-03-04,2026-03-10,"{""null"": 7}"
new,du2njn-vare-oy-maaraaikainen-sahko-6-kk,2000,,fixed_term_6,5,2026-02-11,2026-02-16,"{""null"": 5}"
new,du2njn-vare-oy-maaraaikainen-sahko-6-kk,5000,,fixed_term_6,5,2026-02-11,2026-02-16,"{""null"": 5}"
new,du2njn-vare-oy-maaraaikainen-sahko-6-kk,18000,,fixed_term_6,5,2026-02-11,2026-02-16,"{""null"": 5}"
new,e9n4yq-kokkolan-energia-oy-tyyni,2000,,open_ended,3,2026-07-29,2026-07-31,"{""null"": 3}"
new,e9n4yq-kokkolan-energia-oy-tyyni,5000,,open_ended,3,2026-07-29,2026-07-31,"{""null"": 3}"
new,e9n4yq-kokkolan-energia-oy-tyyni,18000,,open_ended,3,2026-07-29,2026-07-31,"{""null"": 3}"
new,gkxozf-imatran-seudun-sahko-oy-voima-6-kk,2000,,fixed_term_6,10,2026-03-03,2026-03-12,"{""null"": 10}"
new,gkxozf-imatran-seudun-sahko-oy-voima-6-kk,5000,,fixed_term_6,10,2026-03-03,2026-03-12,"{""null"": 10}"
new,gkxozf-imatran-seudun-sahko-oy-voima-6-kk,18000,,fixed_term_6,10,2026-03-03,2026-03-12,"{""null"": 10}"
new,griooo-vare-oy-maaraaikainen-sahko-6-kk,2000,,fixed_term_6,7,2026-03-18,2026-03-24,"{""null"": 7}"
new,griooo-vare-oy-maaraaikainen-sahko-6-kk,5000,,fixed_term_6,7,2026-03-18,2026-03-24,"{""null"": 7}"
new,griooo-vare-oy-maaraaikainen-sahko-6-kk,18000,,fixed_term_6,7,2026-03-18,2026-03-24,"{""null"": 7}"
new,gtuij0-cheap-energy-finland-oy-cheap-maaraaikainen-6-kk,2000,,fixed_term_6,30,2026-05-11,2026-06-09,"{""null"": 30}"
new,gtuij0-cheap-energy-finland-oy-cheap-maaraaikainen-6-kk,5000,,fixed_term_6,30,2026-05-11,2026-06-09,"{""null"": 30}"
new,gtuij0-cheap-energy-finland-oy-cheap-maaraaikainen-6-kk,18000,,fixed_term_6,30,2026-05-11,2026-06-09,"{""null"": 30}"
new,hadaei-pohjois-karjalan-sahko-oy-optimi-takuu-6-kuukautta,2000,,fixed_term_6,32,2026-02-17,2026-03-20,"{""null"": 32}"
new,hadaei-pohjois-karjalan-sahko-oy-optimi-takuu-6-kuukautta,5000,,fixed_term_6,32,2026-02-17,2026-03-20,"{""null"": 32}"
new,hadaei-pohjois-karjalan-sahko-oy-optimi-takuu-6-kuukautta,18000,,fixed_term_6,32,2026-02-17,2026-03-20,"{""null"": 32}"
new,hwdaii-vihrea-alyenergia-oy-vankka-kiintea-6kk-fossiilivapaa,2000,,fixed_term_6,3,2026-01-24,2026-01-26,"{""null"": 3}"
new,hwdaii-vihrea-alyenergia-oy-vankka-kiintea-6kk-fossiilivapaa,5000,,fixed_term_6,3,2026-01-24,2026-01-26,"{""null"": 3}"
new,hwdaii-vihrea-alyenergia-oy-vankka-kiintea-6kk-fossiilivapaa,18000,,fixed_term_6,3,2026-01-24,2026-01-26,"{""null"": 3}"
new,hxygsl-oomi-oy-oomi-kiintea-6-kk,2000,,fixed_term_6,18,2026-04-17,2026-05-04,"{""null"": 18}"
new,hxygsl-oomi-oy-oomi-kiintea-6-kk,5000,,fixed_term_6,18,2026-04-17,2026-05-04,"{""null"": 18}"
new,hxygsl-oomi-oy-oomi-kiintea-6-kk,18000,,fixed_term_6,18,2026-04-17,2026-05-04,"{""null"": 18}"
new,im7tc9-oomi-oy-oomi-kiintea-6-kk,2000,,fixed_term_6,11,2026-06-15,2026-06-25,"{""null"": 11}"
new,im7tc9-oomi-oy-oomi-kiintea-6-kk,5000,,fixed_term_6,11,2026-06-15,2026-06-25,"{""null"": 11}"
new,im7tc9-oomi-oy-oomi-kiintea-6-kk,18000,,fixed_term_6,11,2026-06-15,2026-06-25,"{""null"": 11}"
new,kzxar1-vare-oy-maaraaikainen-sahko-6-kk,2000,,fixed_term_6,6,2026-04-09,2026-04-14,"{""null"": 6}"
new,kzxar1-vare-oy-maaraaikainen-sahko-6-kk,5000,,fixed_term_6,6,2026-04-09,2026-04-14,"{""null"": 6}"
new,kzxar1-vare-oy-maaraaikainen-sahko-6-kk,18000,,fixed_term_6,6,2026-04-09,2026-04-14,"{""null"": 6}"
new,l2ff7m-sahkotytot-oy-kiintea-6kk-ensimmaiset-3kk-ilman-perusmaksua,2000,,fixed_term_6,3,2026-01-28,2026-01-30,"{""null"": 3}"
new,l2ff7m-sahkotytot-oy-kiintea-6kk-ensimmaiset-3kk-ilman-perusmaksua,5000,,fixed_term_6,3,2026-01-28,2026-01-30,"{""null"": 3}"
new,l2ff7m-sahkotytot-oy-kiintea-6kk-ensimmaiset-3kk-ilman-perusmaksua,18000,,fixed_term_6,3,2026-01-28,2026-01-30,"{""null"": 3}"
new,lakfhn-sahkotytot-oy-kiintea-6kk-ensimmainen-1kk-ilman-perusmaksua,2000,,fixed_term_6,57,2026-03-24,2026-05-19,"{""null"": 57}"
new,lakfhn-sahkotytot-oy-kiintea-6kk-ensimmainen-1kk-ilman-perusmaksua,5000,,fixed_term_6,57,2026-03-24,2026-05-19,"{""null"": 57}"
new,lakfhn-sahkotytot-oy-kiintea-6kk-ensimmainen-1kk-ilman-perusmaksua,18000,,fixed_term_6,57,2026-03-24,2026-05-19,"{""null"": 57}"
new,lecan2-hehku-energia-oy-hehku-kiintea-6-kk,2000,,fixed_term_6,2,2026-07-21,2026-07-22,"{""null"": 2}"
new,lecan2-hehku-energia-oy-hehku-kiintea-6-kk,5000,,fixed_term_6,2,2026-07-21,2026-07-22,"{""null"": 2}"
new,lecan2-hehku-energia-oy-hehku-kiintea-6-kk,18000,,fixed_term_6,2,2026-07-21,2026-07-22,"{""null"": 2}"
new,mftk9v-vaasan-sahko-myynti-oy-kiintea-6-kk-yosahko,2000,,fixed_term_6,28,2026-03-19,2026-04-15,"{""null"": 28}"
new,mftk9v-vaasan-sahko-myynti-oy-kiintea-6-kk-yosahko,5000,,fixed_term_6,28,2026-03-19,2026-04-15,"{""null"": 28}"
new,mftk9v-vaasan-sahko-myynti-oy-kiintea-6-kk-yosahko,18000,,fixed_term_6,28,2026-03-19,2026-04-15,"{""null"": 28}"
new,mozut8-vattenfall-oy-ilmasto-mix-6-kk,2000,,fixed_term_6,14,2026-07-09,2026-07-22,"{""null"": 14}"
new,mozut8-vattenfall-oy-ilmasto-mix-6-kk,5000,,fixed_term_6,14,2026-07-09,2026-07-22,"{""null"": 14}"
new,mozut8-vattenfall-oy-ilmasto-mix-6-kk,18000,,fixed_term_6,14,2026-07-09,2026-07-22,"{""null"": 14}"
new,n8eoka-vare-oy-maaraaikainen-sahko-6-kk,2000,,fixed_term_6,1,2026-01-28,2026-01-28,"{""null"": 1}"
new,n8eoka-vare-oy-maaraaikainen-sahko-6-kk,5000,,fixed_term_6,1,2026-01-28,2026-01-28,"{""null"": 1}"
new,n8eoka-vare-oy-maaraaikainen-sahko-6-kk,18000,,fixed_term_6,1,2026-01-28,2026-01-28,"{""null"": 1}"
new,nc3tau-vaasan-sahko-myynti-oy-kiintea-6-kk-yleissahko,2000,,fixed_term_6,7,2026-05-06,2026-05-12,"{""null"": 7}"
new,nc3tau-vaasan-sahko-myynti-oy-kiintea-6-kk-yleissahko,5000,,fixed_term_6,7,2026-05-06,2026-05-12,"{""null"": 7}"
new,nc3tau-vaasan-sahko-myynti-oy-kiintea-6-kk-yleissahko,18000,,fixed_term_6,7,2026-05-06,2026-05-12,"{""null"": 7}"
new,o1mqq7-vaasan-sahko-myynti-oy-kiintea-6-kk-yosahko,2000,,fixed_term_6,8,2026-03-04,2026-03-11,"{""null"": 8}"
new,o1mqq7-vaasan-sahko-myynti-oy-kiintea-6-kk-yosahko,5000,,fixed_term_6,8,2026-03-04,2026-03-11,"{""null"": 8}"
new,o1mqq7-vaasan-sahko-myynti-oy-kiintea-6-kk-yosahko,18000,,fixed_term_6,8,2026-03-04,2026-03-11,"{""null"": 8}"
new,okmsyk-cheap-energy-finland-oy-cheap-maaraaikainen-6-kk,2000,,fixed_term_6,1,2026-07-24,2026-07-24,"{""null"": 1}"
new,okmsyk-cheap-energy-finland-oy-cheap-maaraaikainen-6-kk,5000,,fixed_term_6,1,2026-07-24,2026-07-24,"{""null"": 1}"
new,okmsyk-cheap-energy-finland-oy-cheap-maaraaikainen-6-kk,18000,,fixed_term_6,1,2026-07-24,2026-07-24,"{""null"": 1}"
new,pz4fyp-lumme-energia-vuosisahko-6-kk-hinta-joka-ei-heilu,2000,,fixed_term_6,7,2026-05-30,2026-06-05,"{""null"": 7}"
new,pz4fyp-lumme-energia-vuosisahko-6-kk-hinta-joka-ei-heilu,5000,,fixed_term_6,7,2026-05-30,2026-06-05,"{""null"": 7}"
new,pz4fyp-lumme-energia-vuosisahko-6-kk-hinta-joka-ei-heilu,18000,,fixed_term_6,7,2026-05-30,2026-06-05,"{""null"": 7}"
new,qfts8b-porvoon-energia-oy-ilmastoviisas-6-kk-co2-paastottomasti-tuotettu,2000,,fixed_term_6,2,2026-01-21,2026-01-22,"{""null"": 2}"
new,qfts8b-porvoon-energia-oy-ilmastoviisas-6-kk-co2-paastottomasti-tuotettu,5000,,fixed_term_6,2,2026-01-21,2026-01-22,"{""null"": 2}"
new,qfts8b-porvoon-energia-oy-ilmastoviisas-6-kk-co2-paastottomasti-tuotettu,18000,,fixed_term_6,2,2026-01-21,2026-01-22,"{""null"": 2}"
new,qkzfpq-hehku-energia-oy-hehku-kiintea-6-kk,2000,,fixed_term_6,7,2026-01-21,2026-01-27,"{""null"": 7}"
new,qkzfpq-hehku-energia-oy-hehku-kiintea-6-kk,5000,,fixed_term_6,7,2026-01-21,2026-01-27,"{""null"": 7}"
new,qkzfpq-hehku-energia-oy-hehku-kiintea-6-kk,18000,,fixed_term_6,7,2026-01-21,2026-01-27,"{""null"": 7}"
new,saedvj-vattenfall-oy-ilmasto-mix-6-kk,2000,,fixed_term_6,5,2026-02-04,2026-02-08,"{""null"": 5}"
new,saedvj-vattenfall-oy-ilmasto-mix-6-kk,5000,,fixed_term_6,5,2026-02-04,2026-02-08,"{""null"": 5}"
new,saedvj-vattenfall-oy-ilmasto-mix-6-kk,18000,,fixed_term_6,5,2026-02-04,2026-02-08,"{""null"": 5}"
new,tw1gnn-vare-oy-maaraaikainen-sahko-6-kk,2000,,fixed_term_6,7,2026-02-04,2026-02-10,"{""null"": 7}"
new,tw1gnn-vare-oy-maaraaikainen-sahko-6-kk,5000,,fixed_term_6,7,2026-02-04,2026-02-10,"{""null"": 7}"
new,tw1gnn-vare-oy-maaraaikainen-sahko-6-kk,18000,,fixed_term_6,7,2026-02-04,2026-02-10,"{""null"": 7}"
new,upsl6p-sahkotytot-oy-kiintea-6kk-ensimmainen-1kk-ilman-perusmaksua,2000,,fixed_term_6,1,2026-03-11,2026-03-11,"{""null"": 1}"
new,upsl6p-sahkotytot-oy-kiintea-6kk-ensimmainen-1kk-ilman-perusmaksua,5000,,fixed_term_6,1,2026-03-11,2026-03-11,"{""null"": 1}"
new,upsl6p-sahkotytot-oy-kiintea-6kk-ensimmainen-1kk-ilman-perusmaksua,18000,,fixed_term_6,1,2026-03-11,2026-03-11,"{""null"": 1}"
new,v5ej4k-helen-oy-maaraaikainen-perussahko-6-kk,2000,,fixed_term_6,7,2026-02-03,2026-02-09,"{""null"": 7}"
new,v5ej4k-helen-oy-maaraaikainen-perussahko-6-kk,5000,,fixed_term_6,7,2026-02-03,2026-02-09,"{""null"": 7}"
new,v5ej4k-helen-oy-maaraaikainen-perussahko-6-kk,18000,,fixed_term_6,7,2026-02-03,2026-02-09,"{""null"": 7}"
new,vvklfh-hehku-energia-oy-hehku-kiintea-6-kk,2000,,fixed_term_6,3,2026-05-08,2026-05-10,"{""null"": 3}"
new,vvklfh-hehku-energia-oy-hehku-kiintea-6-kk,5000,,fixed_term_6,3,2026-05-08,2026-05-10,"{""null"": 3}"
new,vvklfh-hehku-energia-oy-hehku-kiintea-6-kk,18000,,fixed_term_6,3,2026-05-08,2026-05-10,"{""null"": 3}"
new,wbgjpw-imatran-seudun-sahko-oy-voima-6-kk,2000,,fixed_term_6,13,2026-03-20,2026-04-01,"{""null"": 13}"
new,wbgjpw-imatran-seudun-sahko-oy-voima-6-kk,5000,,fixed_term_6,13,2026-03-20,2026-04-01,"{""null"": 13}"
new,wbgjpw-imatran-seudun-sahko-oy-voima-6-kk,18000,,fixed_term_6,13,2026-03-20,2026-04-01,"{""null"": 13}"
new,wktbhy-vattenfall-oy-ilmasto-mix-6-kk,2000,,fixed_term_6,21,2026-06-10,2026-06-30,"{""null"": 21}"
new,wktbhy-vattenfall-oy-ilmasto-mix-6-kk,5000,,fixed_term_6,21,2026-06-10,2026-06-30,"{""null"": 21}"
new,wktbhy-vattenfall-oy-ilmasto-mix-6-kk,18000,,fixed_term_6,21,2026-06-10,2026-06-30,"{""null"": 21}"
new,wyd6q2-vattenfall-oy-ilmasto-mix-6-kk,2000,,fixed_term_6,9,2026-02-26,2026-03-06,"{""null"": 9}"
new,wyd6q2-vattenfall-oy-ilmasto-mix-6-kk,5000,,fixed_term_6,9,2026-02-26,2026-03-06,"{""null"": 9}"
new,wyd6q2-vattenfall-oy-ilmasto-mix-6-kk,18000,,fixed_term_6,9,2026-02-26,2026-03-06,"{""null"": 9}"
new,xu1ssb-lumme-energia-vuosisahko-6-kk-hinta-joka-ei-heilu,2000,,fixed_term_6,3,2026-03-28,2026-03-30,"{""null"": 3}"
new,xu1ssb-lumme-energia-vuosisahko-6-kk-hinta-joka-ei-heilu,5000,,fixed_term_6,3,2026-03-28,2026-03-30,"{""null"": 3}"
new,xu1ssb-lumme-energia-vuosisahko-6-kk-hinta-joka-ei-heilu,18000,,fixed_term_6,3,2026-03-28,2026-03-30,"{""null"": 3}"
