date,weekday,day_of_month,supplier_term_changes,supplier_term_exposure
2026-04-09,Thursday,9,0,58
2026-04-10,Friday,10,0,58
2026-04-11,Saturday,11,0,64
2026-04-12,Sunday,12,0,65
2026-04-13,Monday,13,0,65
2026-04-14,Tuesday,14,0,60
2026-04-15,Wednesday,15,0,59
2026-04-16,Thursday,16,0,60
2026-04-17,Friday,17,0,62
2026-04-18,Saturday,18,0,63
2026-04-19,Sunday,19,0,66
2026-04-20,Monday,20,0,64
2026-04-21,Tuesday,21,0,64
2026-04-22,Wednesday,22,0,63
2026-04-23,Thursday,23,0,58
2026-04-24,Friday,24,0,61
2026-04-25,Saturday,25,0,62
2026-04-26,Sunday,26,0,62
2026-04-27,Monday,27,0,61
2026-04-28,Tuesday,28,0,60
2026-04-29,Wednesday,29,0,58
2026-04-30,Thursday,30,0,60
2026-05-01,Friday,1,0,63
2026-05-02,Saturday,2,0,63
2026-05-03,Sunday,3,0,63
2026-05-04,Monday,4,0,62
2026-05-05,Tuesday,5,0,52
2026-05-06,Wednesday,6,0,49
2026-05-07,Thursday,7,0,62
2026-05-08,Friday,8,0,52
2026-05-09,Saturday,9,0,59
2026-05-10,Sunday,10,0,62
2026-05-11,Monday,11,0,58
2026-05-12,Tuesday,12,0,59
2026-05-13,Wednesday,13,0,57
2026-05-14,Thursday,14,0,60
2026-05-15,Friday,15,0,60
2026-05-16,Saturday,16,0,60
2026-05-17,Sunday,17,0,63
2026-05-18,Monday,18,0,60
2026-05-19,Tuesday,19,0,59
2026-05-20,Wednesday,20,0,56
2026-05-21,Thursday,21,0,57
2026-05-22,Friday,22,0,59
2026-05-23,Saturday,23,0,57
2026-05-24,Sunday,24,0,62
2026-05-25,Monday,25,0,60
2026-05-26,Tuesday,26,0,57
2026-05-27,Wednesday,27,0,62
2026-05-28,Thursday,28,0,60
2026-05-29,Friday,29,0,60
2026-05-30,Saturday,30,0,60
2026-05-31,Sunday,31,0,61
2026-06-01,Monday,1,0,59
2026-06-02,Tuesday,2,0,58
2026-06-03,Wednesday,3,0,49
2026-06-04,Thursday,4,0,54
2026-06-05,Friday,5,0,50
2026-06-06,Saturday,6,0,55
2026-06-07,Sunday,7,0,58
2026-06-08,Monday,8,0,57
2026-06-09,Tuesday,9,0,54
2026-06-10,Wednesday,10,0,52
2026-06-11,Thursday,11,0,58
2026-06-12,Friday,12,0,57
2026-06-13,Saturday,13,0,56
2026-06-14,Sunday,14,0,59
2026-06-15,Monday,15,0,56
2026-06-16,Tuesday,16,0,55
2026-06-17,Wednesday,17,0,54
2026-06-18,Thursday,18,0,55
2026-06-19,Friday,19,0,53
2026-06-20,Saturday,20,0,58
2026-06-21,Sunday,21,0,58
2026-06-22,Monday,22,0,57
2026-06-23,Tuesday,23,0,53
2026-06-24,Wednesday,24,0,52
2026-06-25,Thursday,25,0,56
2026-06-26,Friday,26,0,53
2026-06-27,Saturday,27,0,55
2026-06-28,Sunday,28,0,58
2026-06-29,Monday,29,0,58
2026-06-30,Tuesday,30,0,50
2026-07-01,Wednesday,1,0,54
2026-07-02,Thursday,2,0,55
2026-07-03,Friday,3,0,54
2026-07-04,Saturday,4,0,54
2026-07-05,Sunday,5,0,56
2026-07-06,Monday,6,0,56
2026-07-07,Tuesday,7,0,53
2026-07-08,Wednesday,8,0,54
2026-07-09,Thursday,9,0,50
2026-07-10,Friday,10,0,48
2026-07-11,Saturday,11,0,53
2026-07-12,Sunday,12,0,55
2026-07-13,Monday,13,0,55
2026-07-14,Tuesday,14,0,55
2026-07-15,Wednesday,15,0,45
2026-07-16,Thursday,16,0,53
2026-07-17,Friday,17,0,48
2026-07-18,Saturday,18,0,52
2026-07-19,Sunday,19,0,56
2026-07-20,Monday,20,0,54
2026-07-21,Tuesday,21,1,43
2026-07-22,Wednesday,22,0,52
2026-07-23,Thursday,23,0,49
2026-07-24,Friday,24,0,51
2026-07-25,Saturday,25,0,43
2026-07-26,Sunday,26,0,52
2026-07-28,Tuesday,28,0,43
2026-07-29,Wednesday,29,0,40
2026-07-30,Thursday,30,0,48
2026-07-31,Friday,31,0,41
2026-08-01,Saturday,1,0,43
2026-08-02,Sunday,2,0,53
2026-08-03,Monday,3,0,49
2026-08-04,Tuesday,4,0,43
2026-08-05,Wednesday,5,0,41
2026-08-06,Thursday,6,0,51
2026-08-07,Friday,7,0,44
2026-08-08,Saturday,8,0,48
2026-08-09,Sunday,9,0,53
2026-08-10,Monday,10,0,53
2026-08-11,Tuesday,11,0,46
2026-08-12,Wednesday,12,0,47
2026-08-13,Thursday,13,0,52
2026-08-14,Friday,14,0,52
2026-08-15,Saturday,15,0,50
2026-08-16,Sunday,16,0,53
2026-08-17,Monday,17,0,53
2026-08-18,Tuesday,18,0,46
2026-08-19,Wednesday,19,0,43
2026-08-20,Thursday,20,0,46
2026-08-21,Friday,21,0,45
2026-08-22,Saturday,22,0,51
2026-08-23,Sunday,23,0,51
2026-08-24,Monday,24,0,51
2026-08-25,Tuesday,25,0,47
2026-08-26,Wednesday,26,0,49
2026-08-27,Thursday,27,0,48
2026-08-28,Friday,28,0,47
2026-08-29,Saturday,29,0,50
2026-08-30,Sunday,30,0,50
2026-08-31,Monday,31,0,48
2026-09-01,Tuesday,1,0,40
2026-09-02,Wednesday,2,0,50
2026-09-03,Thursday,3,0,44
2026-09-04,Friday,4,0,43
2026-09-05,Saturday,5,0,49
2026-09-06,Sunday,6,0,50
2026-09-07,Monday,7,0,50
2026-09-08,Tuesday,8,0,45
2026-09-09,Wednesday,9,0,42
2026-09-10,Thursday,10,0,42
2026-09-11,Friday,11,0,35
2026-09-12,Saturday,12,0,41
2026-09-13,Sunday,13,0,51
