panel,supplier,term,basis,series,before,after,interval_bound_days,energy_changed,fee_comparable,fee_changed,discount_flag_changed,discount_at_either,carrier_set_changed,disjoint_carriers,before_ids,after_ids,before_price,after_price
dated_lineage_sensitivity,Alajärven Sähkö Oy,12,canonical_calculation,d21481c9d2ea9f0d2b5adb6b5edd88bed74e1484cbd7d387d7125e9482f666a9,2026-08-05,2026-08-08,3,True,False,False,False,False,True,True,vrekdo-alajarven-sahko-oy-yleissahko-12-kk,v7bvq3-alajarven-sahko-oy-yleissahko-12-kk,9.9000,11.0000
dated_lineage_sensitivity,Alajärven Sähkö Oy,24,canonical_calculation,ce10dd1b54966779de822e14582d9d48043ff9f13568770aa95114f2cf6362c9,2026-08-05,2026-08-08,3,True,False,False,False,False,True,True,sdylbi-alajarven-sahko-oy-yleissahko-24-kk,fg3irh-alajarven-sahko-oy-yleissahko-24-kk,9.5000,9.9500
dated_lineage_sensitivity,Cheap Energy Finland Oy,24,observed_seller_data,aae289d81c293910ee00a48fdde327231d6360eb403e8c55cf8bc56ba108909c,2026-05-07,2026-05-08,1,True,False,False,False,True,True,True,o0st2m-cheap-energy-finland-oy-cheap-maaraaikainen-24-kk-0-kuukausimaksu-ensimmaiset-4-kk,02t8fp-cheap-energy-finland-oy-cheap-maaraaikainen-24-kk-0-kuukausimaksu-ensimmaiset-4-kk,8.0900,8.3500
dated_lineage_sensitivity,Cheap Energy Finland Oy,24,observed_seller_data,aae289d81c293910ee00a48fdde327231d6360eb403e8c55cf8bc56ba108909c,2026-05-19,2026-05-20,1,True,False,False,False,True,True,True,02t8fp-cheap-energy-finland-oy-cheap-maaraaikainen-24-kk-0-kuukausimaksu-ensimmaiset-4-kk,ai4ivq-cheap-energy-finland-oy-cheap-maaraaikainen-24-kk-0-kuukausimaksu-ensimmaiset-4-kk,8.3500,8.4900
dated_lineage_sensitivity,Cheap Energy Finland Oy,24,observed_seller_data,aae289d81c293910ee00a48fdde327231d6360eb403e8c55cf8bc56ba108909c,2026-06-09,2026-06-10,1,True,False,False,False,True,True,True,ai4ivq-cheap-energy-finland-oy-cheap-maaraaikainen-24-kk-0-kuukausimaksu-ensimmaiset-4-kk,yjo87g-cheap-energy-finland-oy-cheap-maaraaikainen-24-kk-0-kuukausimaksu-ensimmaiset-4-kk,8.4900,8.6500
dated_lineage_sensitivity,Cheap Energy Finland Oy,24,observed_seller_data,aae289d81c293910ee00a48fdde327231d6360eb403e8c55cf8bc56ba108909c,2026-06-29,2026-06-30,1,True,False,False,False,True,True,True,yjo87g-cheap-energy-finland-oy-cheap-maaraaikainen-24-kk-0-kuukausimaksu-ensimmaiset-4-kk,e85fwa-cheap-energy-finland-oy-cheap-maaraaikainen-24-kk-0-kuukausimaksu-ensimmaiset-4-kk,8.6500,8.4800
dated_lineage_sensitivity,Cheap Energy Finland Oy,24,observed_seller_data,aae289d81c293910ee00a48fdde327231d6360eb403e8c55cf8bc56ba108909c,2026-07-09,2026-07-11,2,True,False,False,False,True,True,True,e85fwa-cheap-energy-finland-oy-cheap-maaraaikainen-24-kk-0-kuukausimaksu-ensimmaiset-4-kk,astury-cheap-energy-finland-oy-cheap-maaraaikainen-24-kk-0-kuukausimaksu-ensimmaiset-4-kk,8.4800,8.7500
dated_lineage_sensitivity,Cheap Energy Finland Oy,24,observed_seller_data,aae289d81c293910ee00a48fdde327231d6360eb403e8c55cf8bc56ba108909c,2026-07-14,2026-07-15,1,True,False,False,False,True,True,True,astury-cheap-energy-finland-oy-cheap-maaraaikainen-24-kk-0-kuukausimaksu-ensimmaiset-4-kk,p8htux-cheap-energy-finland-oy-cheap-maaraaikainen-24-kk-0-kuukausimaksu-ensimmaiset-4-kk,8.7500,8.9500
dated_lineage_sensitivity,Cheap Energy Finland Oy,24,observed_seller_data,aae289d81c293910ee00a48fdde327231d6360eb403e8c55cf8bc56ba108909c,2026-07-20,2026-07-21,1,True,False,False,False,True,True,True,p8htux-cheap-energy-finland-oy-cheap-maaraaikainen-24-kk-0-kuukausimaksu-ensimmaiset-4-kk,cjnnmf-cheap-energy-finland-oy-cheap-maaraaikainen-24-kk-0-kuukausimaksu-ensimmaiset-4-kk,8.9500,9.2800
dated_lineage_sensitivity,Hehku Energia Oy,12,observed_seller_data,c18d12d6a323539e55e422333aaa1079a31cc0eec66fdbbb47aa834fcfab5ce0,2026-07-14,2026-07-15,1,True,False,False,False,True,True,True,qwbm0d-hehku-energia-oy-hehku-hiilivapaa-12-kk-0-kuukausimaksu-ensimmaiset-3-kk,qcfjvj-hehku-energia-oy-hehku-hiilivapaa-12-kk-0-kuukausimaksu-ensimmaiset-3-kk,9.4900,9.6900
dated_lineage_sensitivity,Hehku Energia Oy,12,observed_seller_data,c18d12d6a323539e55e422333aaa1079a31cc0eec66fdbbb47aa834fcfab5ce0,2026-07-20,2026-07-21,1,True,False,False,False,True,True,True,qcfjvj-hehku-energia-oy-hehku-hiilivapaa-12-kk-0-kuukausimaksu-ensimmaiset-3-kk,5s5r2e-hehku-energia-oy-hehku-hiilivapaa-12-kk-0-kuukausimaksu-ensimmaiset-3-kk,9.6900,10.2900
dated_lineage_sensitivity,Hehku Energia Oy,12,observed_seller_data,ce8a2c3b90d27f7f1bb798c809245fc926c7b8393f10456302f16080efa04795,2026-07-14,2026-07-15,1,True,False,False,False,True,True,True,w55jce-hehku-energia-oy-hehku-kiintea-12-kk-0-kuukausimaksu-ensimmaiset-3-kk,zmaxhb-hehku-energia-oy-hehku-kiintea-12-kk-0-kuukausimaksu-ensimmaiset-3-kk,9.1900,9.3900
dated_lineage_sensitivity,Hehku Energia Oy,12,observed_seller_data,ce8a2c3b90d27f7f1bb798c809245fc926c7b8393f10456302f16080efa04795,2026-07-20,2026-07-21,1,True,False,False,False,True,True,True,zmaxhb-hehku-energia-oy-hehku-kiintea-12-kk-0-kuukausimaksu-ensimmaiset-3-kk,xe9b5i-hehku-energia-oy-hehku-kiintea-12-kk-0-kuukausimaksu-ensimmaiset-3-kk,9.3900,9.8900
dated_lineage_sensitivity,Hehku Energia Oy,24,observed_seller_data,6cf1c0d7fa42c3a729fa2cad203c826767345bf23c541a4afbb03955cc6a2bd0,2026-06-02,2026-06-03,1,True,False,False,False,True,True,True,o7uuqp-hehku-energia-oy-hehku-hiilivapaa-24-kk-0-kuukausimaksu-ensimmaiset-6-kk,8nfzdh-hehku-energia-oy-hehku-hiilivapaa-24-kk-0-kuukausimaksu-ensimmaiset-6-kk,8.6900,8.9900
dated_lineage_sensitivity,Hehku Energia Oy,24,observed_seller_data,6cf1c0d7fa42c3a729fa2cad203c826767345bf23c541a4afbb03955cc6a2bd0,2026-07-14,2026-07-15,1,True,False,False,False,True,True,True,8nfzdh-hehku-energia-oy-hehku-hiilivapaa-24-kk-0-kuukausimaksu-ensimmaiset-6-kk,dlmhrs-hehku-energia-oy-hehku-hiilivapaa-24-kk-0-kuukausimaksu-ensimmaiset-6-kk,8.9900,9.1900
dated_lineage_sensitivity,Hehku Energia Oy,24,observed_seller_data,6cf1c0d7fa42c3a729fa2cad203c826767345bf23c541a4afbb03955cc6a2bd0,2026-07-20,2026-07-21,1,True,False,False,False,True,True,True,dlmhrs-hehku-energia-oy-hehku-hiilivapaa-24-kk-0-kuukausimaksu-ensimmaiset-6-kk,xiojoa-hehku-energia-oy-hehku-hiilivapaa-24-kk-0-kuukausimaksu-ensimmaiset-6-kk,9.1900,9.6900
dated_lineage_sensitivity,Hehku Energia Oy,24,observed_seller_data,8f9f9ed1af91a73abc8ffdaed35bcf129782953515b122235cfee0cfd233d3fa,2026-05-07,2026-05-08,1,True,False,False,False,True,True,True,zvmbk9-hehku-energia-oy-hehku-kiintea-24-kk-0-kuukausimaksu-ensimmaiset-3-kk,agryfc-hehku-energia-oy-hehku-kiintea-24-kk-0-kuukausimaksu-ensimmaiset-3-kk,8.1900,8.3900
dated_lineage_sensitivity,Hehku Energia Oy,24,observed_seller_data,8f9f9ed1af91a73abc8ffdaed35bcf129782953515b122235cfee0cfd233d3fa,2026-05-19,2026-05-20,1,True,False,False,False,True,True,True,agryfc-hehku-energia-oy-hehku-kiintea-24-kk-0-kuukausimaksu-ensimmaiset-3-kk,77a71e-hehku-energia-oy-hehku-kiintea-24-kk-0-kuukausimaksu-ensimmaiset-3-kk,8.3900,8.5900
dated_lineage_sensitivity,Hehku Energia Oy,24,observed_seller_data,8f9f9ed1af91a73abc8ffdaed35bcf129782953515b122235cfee0cfd233d3fa,2026-06-09,2026-06-10,1,True,False,False,False,True,True,True,77a71e-hehku-energia-oy-hehku-kiintea-24-kk-0-kuukausimaksu-ensimmaiset-3-kk,q9yyrm-hehku-energia-oy-hehku-kiintea-24-kk-0-kuukausimaksu-ensimmaiset-3-kk,8.5900,8.6900
dated_lineage_sensitivity,Hehku Energia Oy,24,observed_seller_data,8f9f9ed1af91a73abc8ffdaed35bcf129782953515b122235cfee0cfd233d3fa,2026-06-29,2026-06-30,1,True,False,False,False,True,True,True,q9yyrm-hehku-energia-oy-hehku-kiintea-24-kk-0-kuukausimaksu-ensimmaiset-3-kk,abkfhl-hehku-energia-oy-hehku-kiintea-24-kk-0-kuukausimaksu-ensimmaiset-3-kk,8.6900,8.4900
dated_lineage_sensitivity,Hehku Energia Oy,24,observed_seller_data,8f9f9ed1af91a73abc8ffdaed35bcf129782953515b122235cfee0cfd233d3fa,2026-07-09,2026-07-11,2,True,False,False,False,True,True,True,abkfhl-hehku-energia-oy-hehku-kiintea-24-kk-0-kuukausimaksu-ensimmaiset-3-kk,vgtmby-hehku-energia-oy-hehku-kiintea-24-kk-0-kuukausimaksu-ensimmaiset-3-kk,8.4900,8.6900
dated_lineage_sensitivity,Hehku Energia Oy,24,observed_seller_data,8f9f9ed1af91a73abc8ffdaed35bcf129782953515b122235cfee0cfd233d3fa,2026-07-14,2026-07-15,1,True,False,False,False,True,True,True,vgtmby-hehku-energia-oy-hehku-kiintea-24-kk-0-kuukausimaksu-ensimmaiset-3-kk,woy5w2-hehku-energia-oy-hehku-kiintea-24-kk-0-kuukausimaksu-ensimmaiset-3-kk,8.6900,8.8900
dated_lineage_sensitivity,Hehku Energia Oy,24,observed_seller_data,8f9f9ed1af91a73abc8ffdaed35bcf129782953515b122235cfee0cfd233d3fa,2026-07-20,2026-07-21,1,True,False,False,False,True,True,True,woy5w2-hehku-energia-oy-hehku-kiintea-24-kk-0-kuukausimaksu-ensimmaiset-3-kk,5avbab-hehku-energia-oy-hehku-kiintea-24-kk-0-kuukausimaksu-ensimmaiset-3-kk,8.8900,9.3800
dated_lineage_sensitivity,Helen Oy,6,canonical_calculation,ab3f65339425cf82d6e39e53244a5d0d8c855869cf83fd75b6a9c9a574ee7fae,2026-07-27,2026-07-29,2,True,False,False,False,False,True,True,t0eg9e-helen-oy-maaraaikainen-perussahko-6-kk,yye5cr-helen-oy-maaraaikainen-perussahko-6-kk,13.7900,14.2200
dated_lineage_sensitivity,Helen Oy,6,canonical_calculation,ab3f65339425cf82d6e39e53244a5d0d8c855869cf83fd75b6a9c9a574ee7fae,2026-08-01,2026-08-05,4,True,False,False,False,False,True,True,yye5cr-helen-oy-maaraaikainen-perussahko-6-kk,ynymtf-helen-oy-maaraaikainen-perussahko-6-kk,14.2200,15.3900
dated_lineage_sensitivity,Helen Oy,6,canonical_calculation,ab3f65339425cf82d6e39e53244a5d0d8c855869cf83fd75b6a9c9a574ee7fae,2026-08-10,2026-08-12,2,True,False,False,False,False,True,True,ynymtf-helen-oy-maaraaikainen-perussahko-6-kk,u0zf19-helen-oy-maaraaikainen-perussahko-6-kk,15.3900,14.4500
dated_lineage_sensitivity,Helen Oy,6,canonical_calculation,ab3f65339425cf82d6e39e53244a5d0d8c855869cf83fd75b6a9c9a574ee7fae,2026-08-17,2026-08-19,2,True,False,False,False,False,True,True,u0zf19-helen-oy-maaraaikainen-perussahko-6-kk,6revla-helen-oy-maaraaikainen-perussahko-6-kk,14.4500,13.9900
dated_lineage_sensitivity,Helen Oy,6,canonical_calculation,ab3f65339425cf82d6e39e53244a5d0d8c855869cf83fd75b6a9c9a574ee7fae,2026-08-24,2026-08-26,2,True,False,False,False,False,True,True,6revla-helen-oy-maaraaikainen-perussahko-6-kk,gr2teh-helen-oy-maaraaikainen-perussahko-6-kk,13.9900,14.0900
dated_lineage_sensitivity,Helen Oy,6,canonical_calculation,ab3f65339425cf82d6e39e53244a5d0d8c855869cf83fd75b6a9c9a574ee7fae,2026-08-31,2026-09-02,2,True,False,False,False,False,True,True,gr2teh-helen-oy-maaraaikainen-perussahko-6-kk,fw9xin-helen-oy-maaraaikainen-perussahko-6-kk,14.0900,13.4700
dated_lineage_sensitivity,Helen Oy,6,canonical_calculation,ab3f65339425cf82d6e39e53244a5d0d8c855869cf83fd75b6a9c9a574ee7fae,2026-09-07,2026-09-09,2,True,False,False,False,False,True,True,fw9xin-helen-oy-maaraaikainen-perussahko-6-kk,ksnsmh-helen-oy-maaraaikainen-perussahko-6-kk,13.4700,14.5600
dated_lineage_sensitivity,Helen Oy,6,canonical_calculation,ab3f65339425cf82d6e39e53244a5d0d8c855869cf83fd75b6a9c9a574ee7fae,2026-09-10,2026-09-12,2,True,False,False,False,False,True,True,ksnsmh-helen-oy-maaraaikainen-perussahko-6-kk,gx0koj-helen-oy-maaraaikainen-perussahko-6-kk,14.5600,16.1800
dated_lineage_sensitivity,Helen Oy,12,canonical_calculation,6688736512b9fd69fd8136941f9baedd41c92f1332ded12d83a0848cce386933,2026-08-01,2026-08-05,4,True,False,False,False,False,True,True,q5oyms-helen-oy-maaraaikainen-perussahko-12-kk,5zmo0v-helen-oy-maaraaikainen-perussahko-12-kk,11.7000,11.6500
dated_lineage_sensitivity,Helen Oy,12,canonical_calculation,6688736512b9fd69fd8136941f9baedd41c92f1332ded12d83a0848cce386933,2026-08-10,2026-08-12,2,True,False,False,False,False,True,True,5zmo0v-helen-oy-maaraaikainen-perussahko-12-kk,yig38c-helen-oy-maaraaikainen-perussahko-12-kk,11.6500,11.1900
dated_lineage_sensitivity,Helen Oy,12,canonical_calculation,6688736512b9fd69fd8136941f9baedd41c92f1332ded12d83a0848cce386933,2026-08-17,2026-08-19,2,True,False,False,False,False,True,True,yig38c-helen-oy-maaraaikainen-perussahko-12-kk,cswpse-helen-oy-maaraaikainen-perussahko-12-kk,11.1900,10.9900
dated_lineage_sensitivity,Helen Oy,12,canonical_calculation,6688736512b9fd69fd8136941f9baedd41c92f1332ded12d83a0848cce386933,2026-08-24,2026-08-26,2,True,False,False,False,False,True,True,cswpse-helen-oy-maaraaikainen-perussahko-12-kk,bvlyjg-helen-oy-maaraaikainen-perussahko-12-kk,10.9900,11.4700
dated_lineage_sensitivity,Helen Oy,12,canonical_calculation,6688736512b9fd69fd8136941f9baedd41c92f1332ded12d83a0848cce386933,2026-08-31,2026-09-02,2,True,False,False,False,False,True,True,bvlyjg-helen-oy-maaraaikainen-perussahko-12-kk,u8smnc-helen-oy-maaraaikainen-perussahko-12-kk,11.4700,10.9900
dated_lineage_sensitivity,Helen Oy,12,canonical_calculation,6688736512b9fd69fd8136941f9baedd41c92f1332ded12d83a0848cce386933,2026-09-07,2026-09-09,2,True,False,False,False,False,True,True,u8smnc-helen-oy-maaraaikainen-perussahko-12-kk,hy7mfl-helen-oy-maaraaikainen-perussahko-12-kk,10.9900,11.1900
dated_lineage_sensitivity,Helen Oy,12,canonical_calculation,6688736512b9fd69fd8136941f9baedd41c92f1332ded12d83a0848cce386933,2026-09-10,2026-09-12,2,True,False,False,False,False,True,True,hy7mfl-helen-oy-maaraaikainen-perussahko-12-kk,wjso61-helen-oy-maaraaikainen-perussahko-12-kk,11.1900,12.0500
dated_lineage_sensitivity,Helen Oy,24,canonical_calculation,28e7e3db42e9bf95b62c85458729a44c334499191fe632eb4063a1ff227c81c3,2026-07-27,2026-07-29,2,True,False,False,False,False,True,True,2gql3z-helen-oy-maaraaikainen-perussahko-24-kk,gwfagj-helen-oy-maaraaikainen-perussahko-24-kk,9.8900,10.2000
dated_lineage_sensitivity,Helen Oy,24,canonical_calculation,28e7e3db42e9bf95b62c85458729a44c334499191fe632eb4063a1ff227c81c3,2026-08-01,2026-08-05,4,True,False,False,False,False,True,True,gwfagj-helen-oy-maaraaikainen-perussahko-24-kk,cc1ejt-helen-oy-maaraaikainen-perussahko-24-kk,10.2000,10.1900
dated_lineage_sensitivity,Helen Oy,24,canonical_calculation,28e7e3db42e9bf95b62c85458729a44c334499191fe632eb4063a1ff227c81c3,2026-08-10,2026-08-12,2,True,False,False,False,False,True,True,cc1ejt-helen-oy-maaraaikainen-perussahko-24-kk,yqf44a-helen-oy-maaraaikainen-perussahko-24-kk,10.1900,9.8900
dated_lineage_sensitivity,Helen Oy,24,canonical_calculation,28e7e3db42e9bf95b62c85458729a44c334499191fe632eb4063a1ff227c81c3,2026-08-24,2026-08-26,2,True,False,False,False,False,True,True,yqf44a-helen-oy-maaraaikainen-perussahko-24-kk,mrn86m-helen-oy-maaraaikainen-perussahko-24-kk,9.8900,9.9900
dated_lineage_sensitivity,Helen Oy,24,canonical_calculation,28e7e3db42e9bf95b62c85458729a44c334499191fe632eb4063a1ff227c81c3,2026-08-31,2026-09-02,2,True,False,False,False,False,True,True,mrn86m-helen-oy-maaraaikainen-perussahko-24-kk,tenqy9-helen-oy-maaraaikainen-perussahko-24-kk,9.9900,9.6900
dated_lineage_sensitivity,Helen Oy,24,canonical_calculation,28e7e3db42e9bf95b62c85458729a44c334499191fe632eb4063a1ff227c81c3,2026-09-07,2026-09-09,2,True,False,False,False,False,True,True,tenqy9-helen-oy-maaraaikainen-perussahko-24-kk,q4jfx1-helen-oy-maaraaikainen-perussahko-24-kk,9.6900,9.8900
dated_lineage_sensitivity,Helen Oy,24,canonical_calculation,28e7e3db42e9bf95b62c85458729a44c334499191fe632eb4063a1ff227c81c3,2026-09-10,2026-09-12,2,True,False,False,False,False,True,True,q4jfx1-helen-oy-maaraaikainen-perussahko-24-kk,kptbav-helen-oy-maaraaikainen-perussahko-24-kk,9.8900,10.6200
dated_lineage_sensitivity,Imatran Seudun Sähkö Oy,6,canonical_calculation,6500adf93dfa2aba23fe5677fb1e110aa52b37c4d9b95a38037b7a31279ca07b,2026-08-26,2026-08-28,2,True,False,False,False,False,True,True,vjakj5-imatran-seudun-sahko-oy-voima-6-kk,lviryu-imatran-seudun-sahko-oy-voima-6-kk,14.6900,13.9500
dated_lineage_sensitivity,Imatran Seudun Sähkö Oy,6,canonical_calculation,6500adf93dfa2aba23fe5677fb1e110aa52b37c4d9b95a38037b7a31279ca07b,2026-08-30,2026-09-01,2,True,False,False,False,False,True,True,lviryu-imatran-seudun-sahko-oy-voima-6-kk,wqfasx-imatran-seudun-sahko-oy-voima-6-kk,13.9500,14.1000
dated_lineage_sensitivity,Imatran Seudun Sähkö Oy,6,canonical_calculation,6500adf93dfa2aba23fe5677fb1e110aa52b37c4d9b95a38037b7a31279ca07b,2026-09-03,2026-09-05,2,True,False,False,False,False,True,True,wqfasx-imatran-seudun-sahko-oy-voima-6-kk,xrvlzo-imatran-seudun-sahko-oy-voima-6-kk,14.1000,14.9000
dated_lineage_sensitivity,Imatran Seudun Sähkö Oy,6,canonical_calculation,6500adf93dfa2aba23fe5677fb1e110aa52b37c4d9b95a38037b7a31279ca07b,2026-09-09,2026-09-11,2,True,False,False,False,False,True,True,xrvlzo-imatran-seudun-sahko-oy-voima-6-kk,qniyru-imatran-seudun-sahko-oy-voima-6-kk,14.9000,16.6700
dated_lineage_sensitivity,Imatran Seudun Sähkö Oy,6,canonical_calculation,9cd2395c7bb9a725eea01284c5096e000301ac71a7120181d8d9e9a2efa173c4,2026-07-29,2026-07-31,2,True,False,False,False,False,True,True,xhm9jf-imatran-seudun-sahko-oy-voima-6-kk,7s6hln-imatran-seudun-sahko-oy-voima-6-kk,12.9900,13.9900
dated_lineage_sensitivity,Imatran Seudun Sähkö Oy,6,canonical_calculation,9cd2395c7bb9a725eea01284c5096e000301ac71a7120181d8d9e9a2efa173c4,2026-08-01,2026-08-06,5,True,False,False,False,False,True,True,7s6hln-imatran-seudun-sahko-oy-voima-6-kk,jzmm21-imatran-seudun-sahko-oy-voima-6-kk,13.9900,14.4900
dated_lineage_sensitivity,Imatran Seudun Sähkö Oy,6,canonical_calculation,9cd2395c7bb9a725eea01284c5096e000301ac71a7120181d8d9e9a2efa173c4,2026-08-11,2026-08-13,2,True,False,False,False,False,True,True,jzmm21-imatran-seudun-sahko-oy-voima-6-kk,pmwqbv-imatran-seudun-sahko-oy-voima-6-kk,14.4900,14.9500
dated_lineage_sensitivity,Imatran Seudun Sähkö Oy,6,observed_seller_data,9cd2395c7bb9a725eea01284c5096e000301ac71a7120181d8d9e9a2efa173c4,2026-05-13,2026-05-14,1,True,False,False,False,False,True,True,u8wc8e-imatran-seudun-sahko-oy-voima-6-kk,dwuom6-imatran-seudun-sahko-oy-voima-6-kk,8.1300,9.9900
dated_lineage_sensitivity,Imatran Seudun Sähkö Oy,6,observed_seller_data,9cd2395c7bb9a725eea01284c5096e000301ac71a7120181d8d9e9a2efa173c4,2026-05-22,2026-05-23,1,True,False,False,False,False,True,True,dwuom6-imatran-seudun-sahko-oy-voima-6-kk,u503wd-imatran-seudun-sahko-oy-voima-6-kk,9.9900,10.1900
dated_lineage_sensitivity,Imatran Seudun Sähkö Oy,6,observed_seller_data,9cd2395c7bb9a725eea01284c5096e000301ac71a7120181d8d9e9a2efa173c4,2026-06-02,2026-06-03,1,True,False,False,False,False,True,True,u503wd-imatran-seudun-sahko-oy-voima-6-kk,qnkyzx-imatran-seudun-sahko-oy-voima-6-kk,10.1900,10.5900
dated_lineage_sensitivity,Imatran Seudun Sähkö Oy,6,observed_seller_data,9cd2395c7bb9a725eea01284c5096e000301ac71a7120181d8d9e9a2efa173c4,2026-06-11,2026-06-12,1,True,False,False,False,False,True,True,qnkyzx-imatran-seudun-sahko-oy-voima-6-kk,47rkfn-imatran-seudun-sahko-oy-voima-6-kk,10.5900,11.6800
dated_lineage_sensitivity,Imatran Seudun Sähkö Oy,6,observed_seller_data,9cd2395c7bb9a725eea01284c5096e000301ac71a7120181d8d9e9a2efa173c4,2026-06-18,2026-06-19,1,False,False,False,False,False,True,True,47rkfn-imatran-seudun-sahko-oy-voima-6-kk,oll8jk-imatran-seudun-sahko-oy-voima-6-kk,11.6800,11.6800
dated_lineage_sensitivity,Imatran Seudun Sähkö Oy,6,observed_seller_data,9cd2395c7bb9a725eea01284c5096e000301ac71a7120181d8d9e9a2efa173c4,2026-07-16,2026-07-17,1,True,False,False,False,False,True,True,oll8jk-imatran-seudun-sahko-oy-voima-6-kk,hdkhuf-imatran-seudun-sahko-oy-voima-6-kk,11.6800,12.3300
dated_lineage_sensitivity,Imatran Seudun Sähkö Oy,6,observed_seller_data,9cd2395c7bb9a725eea01284c5096e000301ac71a7120181d8d9e9a2efa173c4,2026-07-22,2026-07-23,1,True,False,False,False,False,True,True,hdkhuf-imatran-seudun-sahko-oy-voima-6-kk,xhm9jf-imatran-seudun-sahko-oy-voima-6-kk,12.3300,12.9900
dated_lineage_sensitivity,Imatran Seudun Sähkö Oy,12,canonical_calculation,2ae75f914d2e1cfa4740ee10da8f05ada809c87a2bd678c73c1dfd7d27f463c6,2026-08-01,2026-08-06,5,True,False,False,False,False,True,True,ctngqh-imatran-seudun-sahko-oy-voima-12-kk,jvmw4m-imatran-seudun-sahko-oy-voima-12-kk,10.9900,11.2900
dated_lineage_sensitivity,Imatran Seudun Sähkö Oy,12,canonical_calculation,554134effcce15c33842810e1366a4124c840c0d92e81fd560b0fd2ab35101c5,2026-08-26,2026-08-28,2,True,False,False,False,False,True,True,smzzco-imatran-seudun-sahko-oy-voima-12-kk,f9ycp4-imatran-seudun-sahko-oy-voima-12-kk,11.2900,10.9900
dated_lineage_sensitivity,Imatran Seudun Sähkö Oy,12,canonical_calculation,554134effcce15c33842810e1366a4124c840c0d92e81fd560b0fd2ab35101c5,2026-09-03,2026-09-05,2,True,False,False,False,False,True,True,f9ycp4-imatran-seudun-sahko-oy-voima-12-kk,2lyoo8-imatran-seudun-sahko-oy-voima-12-kk,10.9900,11.2900
dated_lineage_sensitivity,Imatran Seudun Sähkö Oy,12,canonical_calculation,554134effcce15c33842810e1366a4124c840c0d92e81fd560b0fd2ab35101c5,2026-09-09,2026-09-11,2,True,False,False,False,False,True,True,2lyoo8-imatran-seudun-sahko-oy-voima-12-kk,t1arkv-imatran-seudun-sahko-oy-voima-12-kk,11.2900,12.2900
dated_lineage_sensitivity,Imatran Seudun Sähkö Oy,24,canonical_calculation,0412c3aa79e106277fe2cd53459368bcfb43a96513923b31a25dfd72e2fe8457,2026-08-26,2026-08-28,2,True,False,False,False,False,True,True,hon8zi-imatran-seudun-sahko-oy-voima-24-kk,rlhroi-imatran-seudun-sahko-oy-voima-24-kk,9.6900,9.4500
dated_lineage_sensitivity,Imatran Seudun Sähkö Oy,24,canonical_calculation,a097fcf1ddaff57db56995760ddeb40be5c611dd4378a1abecd9ed3bbef948c2,2026-09-03,2026-09-05,2,True,False,False,False,False,True,True,4nobbg-imatran-seudun-sahko-oy-voima-24-kk,tin5cj-imatran-seudun-sahko-oy-voima-24-kk,9.8900,9.9900
dated_lineage_sensitivity,Imatran Seudun Sähkö Oy,24,canonical_calculation,a097fcf1ddaff57db56995760ddeb40be5c611dd4378a1abecd9ed3bbef948c2,2026-09-09,2026-09-11,2,True,False,False,False,False,True,True,tin5cj-imatran-seudun-sahko-oy-voima-24-kk,dgsoec-imatran-seudun-sahko-oy-voima-24-kk,9.9900,10.8500
dated_lineage_sensitivity,Imatran Seudun Sähkö Oy,24,canonical_calculation,d55d980587e146d7092212969104a3e199c856b087ff995921687ade95a1cb05,2026-07-28,2026-07-30,2,True,False,False,False,False,True,True,zlhj1m-imatran-seudun-sahko-oy-voima-24-kk,lgpkpx-imatran-seudun-sahko-oy-voima-24-kk,9.2900,9.6900
dated_lineage_sensitivity,Imatran Seudun Sähkö Oy,24,canonical_calculation,d55d980587e146d7092212969104a3e199c856b087ff995921687ade95a1cb05,2026-08-11,2026-08-13,2,True,False,False,False,False,True,True,lgpkpx-imatran-seudun-sahko-oy-voima-24-kk,lldcbp-imatran-seudun-sahko-oy-voima-24-kk,9.6900,9.7900
dated_lineage_sensitivity,Imatran Seudun Sähkö Oy,24,observed_seller_data,d55d980587e146d7092212969104a3e199c856b087ff995921687ade95a1cb05,2026-04-28,2026-04-29,1,True,False,False,False,False,True,True,egbxyb-imatran-seudun-sahko-oy-voima-24-kk,qdb5ug-imatran-seudun-sahko-oy-voima-24-kk,8.4800,8.3800
dated_lineage_sensitivity,Imatran Seudun Sähkö Oy,24,observed_seller_data,d55d980587e146d7092212969104a3e199c856b087ff995921687ade95a1cb05,2026-05-13,2026-05-14,1,True,False,False,False,False,True,True,qdb5ug-imatran-seudun-sahko-oy-voima-24-kk,s0qaio-imatran-seudun-sahko-oy-voima-24-kk,8.3800,8.7100
dated_lineage_sensitivity,Imatran Seudun Sähkö Oy,24,observed_seller_data,d55d980587e146d7092212969104a3e199c856b087ff995921687ade95a1cb05,2026-06-02,2026-06-03,1,True,False,False,False,False,True,True,s0qaio-imatran-seudun-sahko-oy-voima-24-kk,6xklde-imatran-seudun-sahko-oy-voima-24-kk,8.7100,8.8900
dated_lineage_sensitivity,Imatran Seudun Sähkö Oy,24,observed_seller_data,d55d980587e146d7092212969104a3e199c856b087ff995921687ade95a1cb05,2026-06-18,2026-06-19,1,False,False,False,False,False,True,True,6xklde-imatran-seudun-sahko-oy-voima-24-kk,rk2ccs-imatran-seudun-sahko-oy-voima-24-kk,8.8900,8.8900
dated_lineage_sensitivity,Imatran Seudun Sähkö Oy,24,observed_seller_data,d55d980587e146d7092212969104a3e199c856b087ff995921687ade95a1cb05,2026-06-25,2026-06-26,1,True,False,False,False,False,True,True,rk2ccs-imatran-seudun-sahko-oy-voima-24-kk,yurkfu-imatran-seudun-sahko-oy-voima-24-kk,8.8900,8.5800
dated_lineage_sensitivity,Imatran Seudun Sähkö Oy,24,observed_seller_data,d55d980587e146d7092212969104a3e199c856b087ff995921687ade95a1cb05,2026-07-09,2026-07-10,1,True,False,False,False,False,True,True,yurkfu-imatran-seudun-sahko-oy-voima-24-kk,x6siad-imatran-seudun-sahko-oy-voima-24-kk,8.5800,8.8800
dated_lineage_sensitivity,Imatran Seudun Sähkö Oy,24,observed_seller_data,d55d980587e146d7092212969104a3e199c856b087ff995921687ade95a1cb05,2026-07-16,2026-07-17,1,True,False,False,False,False,True,True,x6siad-imatran-seudun-sahko-oy-voima-24-kk,sxfhwt-imatran-seudun-sahko-oy-voima-24-kk,8.8800,8.9800
dated_lineage_sensitivity,Imatran Seudun Sähkö Oy,24,observed_seller_data,d55d980587e146d7092212969104a3e199c856b087ff995921687ade95a1cb05,2026-07-22,2026-07-23,1,True,False,False,False,False,True,True,sxfhwt-imatran-seudun-sahko-oy-voima-24-kk,zlhj1m-imatran-seudun-sahko-oy-voima-24-kk,8.9800,9.2900
dated_lineage_sensitivity,Keravan Energia Oy,6,canonical_calculation,a6fcf28550ec66e8b385083c0b0b1eea8663e478db2a64e04b7b1ca1cac30483,2026-07-30,2026-08-01,2,True,False,False,False,False,True,True,pkdzdu-keravan-energia-oy-perussahko-yleis-6-kk,40acqu-keravan-energia-oy-perussahko-yleis-6-kk,12.3000,12.5500
dated_lineage_sensitivity,Keravan Energia Oy,6,canonical_calculation,a6fcf28550ec66e8b385083c0b0b1eea8663e478db2a64e04b7b1ca1cac30483,2026-08-01,2026-08-06,5,True,False,False,False,False,True,True,40acqu-keravan-energia-oy-perussahko-yleis-6-kk,zuuky1-keravan-energia-oy-perussahko-yleis-6-kk,12.5500,13.2500
dated_lineage_sensitivity,Keravan Energia Oy,6,canonical_calculation,a6fcf28550ec66e8b385083c0b0b1eea8663e478db2a64e04b7b1ca1cac30483,2026-09-02,2026-09-04,2,True,False,False,False,False,True,True,zuuky1-keravan-energia-oy-perussahko-yleis-6-kk,fwj9qs-keravan-energia-oy-perussahko-yleis-6-kk,13.2500,13.7500
dated_lineage_sensitivity,Keravan Energia Oy,6,canonical_calculation,a6fcf28550ec66e8b385083c0b0b1eea8663e478db2a64e04b7b1ca1cac30483,2026-09-08,2026-09-10,2,True,False,False,False,False,True,True,fwj9qs-keravan-energia-oy-perussahko-yleis-6-kk,ovycon-keravan-energia-oy-perussahko-yleis-6-kk,13.7500,14.3000
dated_lineage_sensitivity,Keravan Energia Oy,12,canonical_calculation,ad0ed0a162da6f5d977fd1098be6e6843ca6e4e5751542a60acf0ce7d18d09bc,2026-07-28,2026-08-06,9,True,False,False,False,False,True,True,xhyxbc-keravan-energia-oy-perussahko-luonnonvoima-12-kk,qecu71-keravan-energia-oy-perussahko-luonnonvoima-12-kk,10.6600,11.1600
dated_lineage_sensitivity,Keravan Energia Oy,12,canonical_calculation,ad0ed0a162da6f5d977fd1098be6e6843ca6e4e5751542a60acf0ce7d18d09bc,2026-09-02,2026-09-04,2,True,False,False,False,False,True,True,qecu71-keravan-energia-oy-perussahko-luonnonvoima-12-kk,ckwbyg-keravan-energia-oy-perussahko-luonnonvoima-12-kk,11.1600,11.6600
dated_lineage_sensitivity,Keravan Energia Oy,12,canonical_calculation,ad0ed0a162da6f5d977fd1098be6e6843ca6e4e5751542a60acf0ce7d18d09bc,2026-09-08,2026-09-10,2,True,False,False,False,False,True,True,ckwbyg-keravan-energia-oy-perussahko-luonnonvoima-12-kk,g4sjmy-keravan-energia-oy-perussahko-luonnonvoima-12-kk,11.6600,12.0600
dated_lineage_sensitivity,Keravan Energia Oy,12,canonical_calculation,cad2af6dd719e3ceca9d59e37aa316e22c0ccba7e3a7f25e1c821f79b93d8110,2026-08-01,2026-08-06,5,True,False,False,False,False,True,True,s91uya-keravan-energia-oy-perussahko-yleis-12-kk,ciequj-keravan-energia-oy-perussahko-yleis-12-kk,10.4000,10.9000
dated_lineage_sensitivity,Keravan Energia Oy,12,canonical_calculation,cad2af6dd719e3ceca9d59e37aa316e22c0ccba7e3a7f25e1c821f79b93d8110,2026-09-02,2026-09-04,2,True,False,False,False,False,True,True,ciequj-keravan-energia-oy-perussahko-yleis-12-kk,0gmw0k-keravan-energia-oy-perussahko-yleis-12-kk,10.9000,11.4000
dated_lineage_sensitivity,Keravan Energia Oy,12,canonical_calculation,cad2af6dd719e3ceca9d59e37aa316e22c0ccba7e3a7f25e1c821f79b93d8110,2026-09-08,2026-09-10,2,True,False,False,False,False,True,True,0gmw0k-keravan-energia-oy-perussahko-yleis-12-kk,csvpit-keravan-energia-oy-perussahko-yleis-12-kk,11.4000,11.8000
dated_lineage_sensitivity,Keravan Energia Oy,24,canonical_calculation,090d43385e530b9f6398d19e0fe74c8e6898fa4f1f4185e2b59ce5187b4e6470,2026-07-28,2026-07-30,2,True,False,False,False,False,True,True,srhu1r-keravan-energia-oy-perussahko-luonnonvoima-24-kk,ddcjkv-keravan-energia-oy-perussahko-luonnonvoima-24-kk,9.2600,9.4000
dated_lineage_sensitivity,Keravan Energia Oy,24,canonical_calculation,090d43385e530b9f6398d19e0fe74c8e6898fa4f1f4185e2b59ce5187b4e6470,2026-07-31,2026-08-02,2,True,False,False,False,False,True,True,ddcjkv-keravan-energia-oy-perussahko-luonnonvoima-24-kk,f9fqq7-keravan-energia-oy-perussahko-luonnonvoima-24-kk,9.4000,9.5900
dated_lineage_sensitivity,Keravan Energia Oy,24,canonical_calculation,090d43385e530b9f6398d19e0fe74c8e6898fa4f1f4185e2b59ce5187b4e6470,2026-08-18,2026-08-20,2,True,False,False,False,False,True,True,f9fqq7-keravan-energia-oy-perussahko-luonnonvoima-24-kk,wowcvp-keravan-energia-oy-perussahko-luonnonvoima-24-kk,9.5900,9.8500
dated_lineage_sensitivity,Keravan Energia Oy,24,canonical_calculation,090d43385e530b9f6398d19e0fe74c8e6898fa4f1f4185e2b59ce5187b4e6470,2026-08-20,2026-08-22,2,False,False,False,False,False,True,True,wowcvp-keravan-energia-oy-perussahko-luonnonvoima-24-kk,ijsblo-keravan-energia-oy-perussahko-luonnonvoima-24-kk,9.8500,9.8500
dated_lineage_sensitivity,Keravan Energia Oy,24,canonical_calculation,090d43385e530b9f6398d19e0fe74c8e6898fa4f1f4185e2b59ce5187b4e6470,2026-09-02,2026-09-04,2,True,False,False,False,False,True,True,ijsblo-keravan-energia-oy-perussahko-luonnonvoima-24-kk,i24cye-keravan-energia-oy-perussahko-luonnonvoima-24-kk,9.8500,10.1600
dated_lineage_sensitivity,Keravan Energia Oy,24,canonical_calculation,090d43385e530b9f6398d19e0fe74c8e6898fa4f1f4185e2b59ce5187b4e6470,2026-09-08,2026-09-10,2,True,False,False,False,False,True,True,i24cye-keravan-energia-oy-perussahko-luonnonvoima-24-kk,rcfdul-keravan-energia-oy-perussahko-luonnonvoima-24-kk,10.1600,10.5600
dated_lineage_sensitivity,Keravan Energia Oy,24,canonical_calculation,0e8cb813f2c07998b0215c1521458a6ef69deee0606d901c379455dce6e5d6f3,2026-07-28,2026-07-30,2,True,False,False,False,False,True,True,vmqvel-keravan-energia-oy-perussahko-yleissahko,ihaveq-keravan-energia-oy-perussahko-yleissahko,9.0000,9.1400
dated_lineage_sensitivity,Keravan Energia Oy,24,canonical_calculation,0e8cb813f2c07998b0215c1521458a6ef69deee0606d901c379455dce6e5d6f3,2026-07-31,2026-08-02,2,True,False,False,False,False,True,True,ihaveq-keravan-energia-oy-perussahko-yleissahko,kdu81w-keravan-energia-oy-perussahko-yleissahko,9.1400,9.3300
dated_lineage_sensitivity,Keravan Energia Oy,24,canonical_calculation,0e8cb813f2c07998b0215c1521458a6ef69deee0606d901c379455dce6e5d6f3,2026-08-18,2026-08-20,2,True,False,False,False,False,True,True,kdu81w-keravan-energia-oy-perussahko-yleissahko,1qwrz8-keravan-energia-oy-perussahko-yleissahko,9.3300,9.5900
dated_lineage_sensitivity,Keravan Energia Oy,24,canonical_calculation,0e8cb813f2c07998b0215c1521458a6ef69deee0606d901c379455dce6e5d6f3,2026-08-20,2026-08-22,2,False,False,False,False,False,True,True,1qwrz8-keravan-energia-oy-perussahko-yleissahko,hhrdxs-keravan-energia-oy-perussahko-yleissahko,9.5900,9.5900
dated_lineage_sensitivity,Keravan Energia Oy,24,canonical_calculation,0e8cb813f2c07998b0215c1521458a6ef69deee0606d901c379455dce6e5d6f3,2026-09-02,2026-09-04,2,True,False,False,False,False,True,True,hhrdxs-keravan-energia-oy-perussahko-yleissahko,gylwet-keravan-energia-oy-perussahko-yleissahko,9.5900,9.9000
dated_lineage_sensitivity,Keravan Energia Oy,24,canonical_calculation,0e8cb813f2c07998b0215c1521458a6ef69deee0606d901c379455dce6e5d6f3,2026-09-08,2026-09-10,2,True,False,False,False,False,True,True,gylwet-keravan-energia-oy-perussahko-yleissahko,vmhieu-keravan-energia-oy-perussahko-yleissahko,9.9000,10.3000
dated_lineage_sensitivity,Keravan Energia Oy,24,observed_seller_data,0e8cb813f2c07998b0215c1521458a6ef69deee0606d901c379455dce6e5d6f3,2026-06-04,2026-06-05,1,True,False,False,False,False,True,True,qv63i4-keravan-energia-oy-perussahko-yleissahko,nhwqud-keravan-energia-oy-perussahko-yleissahko,8.4000,8.8000
dated_lineage_sensitivity,Keravan Energia Oy,24,observed_seller_data,0e8cb813f2c07998b0215c1521458a6ef69deee0606d901c379455dce6e5d6f3,2026-06-16,2026-06-17,1,True,False,False,False,False,True,True,nhwqud-keravan-energia-oy-perussahko-yleissahko,37h9kf-keravan-energia-oy-perussahko-yleissahko,8.8000,8.5000
dated_lineage_sensitivity,Keravan Energia Oy,24,observed_seller_data,0e8cb813f2c07998b0215c1521458a6ef69deee0606d901c379455dce6e5d6f3,2026-07-16,2026-07-17,1,True,False,False,False,False,True,True,37h9kf-keravan-energia-oy-perussahko-yleissahko,vmqvel-keravan-energia-oy-perussahko-yleissahko,8.5000,9.0000
dated_lineage_sensitivity,Koillis-Satakunnan Sähkö Oy,12,observed_seller_data,12b26b714ed937c767f42fedbead2cb757fc84971920ae3da61f7b90c93887f4,2026-05-19,2026-05-20,1,True,False,False,False,True,True,True,pqfkju-koillis-satakunnan-sahko-oy-vakaawirta-12-kk,kr6dzl-koillis-satakunnan-sahko-oy-vakaawirta-12-kk,8.7900,9.1600
dated_lineage_sensitivity,Koillis-Satakunnan Sähkö Oy,12,observed_seller_data,12b26b714ed937c767f42fedbead2cb757fc84971920ae3da61f7b90c93887f4,2026-05-27,2026-05-28,1,True,False,False,False,True,True,True,kr6dzl-koillis-satakunnan-sahko-oy-vakaawirta-12-kk,kwaswq-koillis-satakunnan-sahko-oy-vakaawirta-12-kk,9.1600,9.6600
dated_lineage_sensitivity,Koillis-Satakunnan Sähkö Oy,24,observed_seller_data,798620acf8c2640267b6d77a0a6aa65de0d9d686d3c3c2565b7c8db678ed5f16,2026-05-19,2026-05-20,1,True,False,False,False,True,True,True,qhg4h1-koillis-satakunnan-sahko-oy-vakaawirta-24-kk,hiopjo-koillis-satakunnan-sahko-oy-vakaawirta-24-kk,8.1600,8.3500
dated_lineage_sensitivity,Koillis-Satakunnan Sähkö Oy,24,observed_seller_data,798620acf8c2640267b6d77a0a6aa65de0d9d686d3c3c2565b7c8db678ed5f16,2026-05-27,2026-05-28,1,True,False,False,False,True,True,True,hiopjo-koillis-satakunnan-sahko-oy-vakaawirta-24-kk,jyyrhn-koillis-satakunnan-sahko-oy-vakaawirta-24-kk,8.3500,8.7200
dated_lineage_sensitivity,Koillis-Satakunnan Sähkö Oy,24,observed_seller_data,798620acf8c2640267b6d77a0a6aa65de0d9d686d3c3c2565b7c8db678ed5f16,2026-06-10,2026-06-11,1,True,False,False,False,True,True,True,jyyrhn-koillis-satakunnan-sahko-oy-vakaawirta-24-kk,h925l0-koillis-satakunnan-sahko-oy-vakaawirta-24-kk,8.7200,8.9700
dated_lineage_sensitivity,Kokkolan Energia Oy,6,canonical_calculation,217c957a360e39b18b8d2cf818cb86f61ea33abfc8277783383788b0986d0fc7,2026-08-01,2026-08-06,5,False,False,False,False,False,True,True,ki6odb-kokkolan-energia-oy-ranta-6-kk,q4ezdm-kokkolan-energia-oy-ranta-6-kk,12.6400,12.6400
dated_lineage_sensitivity,Kokkolan Energia Oy,6,canonical_calculation,217c957a360e39b18b8d2cf818cb86f61ea33abfc8277783383788b0986d0fc7,2026-08-10,2026-08-12,2,True,False,False,False,False,True,True,q4ezdm-kokkolan-energia-oy-ranta-6-kk,tio0mr-kokkolan-energia-oy-ranta-6-kk,12.6400,14.1000
dated_lineage_sensitivity,Kokkolan Energia Oy,6,canonical_calculation,217c957a360e39b18b8d2cf818cb86f61ea33abfc8277783383788b0986d0fc7,2026-08-19,2026-08-21,2,True,False,False,False,False,True,True,tio0mr-kokkolan-energia-oy-ranta-6-kk,goq1fj-kokkolan-energia-oy-ranta-6-kk,14.1000,12.9900
dated_lineage_sensitivity,Kokkolan Energia Oy,6,canonical_calculation,217c957a360e39b18b8d2cf818cb86f61ea33abfc8277783383788b0986d0fc7,2026-08-24,2026-08-26,2,True,False,False,False,False,True,True,goq1fj-kokkolan-energia-oy-ranta-6-kk,rl9lca-kokkolan-energia-oy-ranta-6-kk,12.9900,13.5000
dated_lineage_sensitivity,Kokkolan Energia Oy,6,canonical_calculation,217c957a360e39b18b8d2cf818cb86f61ea33abfc8277783383788b0986d0fc7,2026-08-31,2026-09-02,2,False,False,False,False,False,True,True,rl9lca-kokkolan-energia-oy-ranta-6-kk,ybty3e-kokkolan-energia-oy-ranta-6-kk,13.5000,13.5000
dated_lineage_sensitivity,Kokkolan Energia Oy,6,canonical_calculation,217c957a360e39b18b8d2cf818cb86f61ea33abfc8277783383788b0986d0fc7,2026-09-02,2026-09-04,2,True,False,False,False,False,True,True,ybty3e-kokkolan-energia-oy-ranta-6-kk,vxd09m-kokkolan-energia-oy-ranta-6-kk,13.5000,14.5000
dated_lineage_sensitivity,Kokkolan Energia Oy,6,canonical_calculation,217c957a360e39b18b8d2cf818cb86f61ea33abfc8277783383788b0986d0fc7,2026-09-08,2026-09-10,2,True,False,False,False,False,True,True,vxd09m-kokkolan-energia-oy-ranta-6-kk,qkr4r6-kokkolan-energia-oy-ranta-6-kk,14.5000,15.8300
dated_lineage_sensitivity,Kokkolan Energia Oy,6,observed_seller_data,217c957a360e39b18b8d2cf818cb86f61ea33abfc8277783383788b0986d0fc7,2026-05-20,2026-05-21,1,True,False,False,False,False,True,True,wxenfm-kokkolan-energia-oy-ranta-6-kk,bjmuxp-kokkolan-energia-oy-ranta-6-kk,8.7900,9.0500
dated_lineage_sensitivity,Kokkolan Energia Oy,6,observed_seller_data,217c957a360e39b18b8d2cf818cb86f61ea33abfc8277783383788b0986d0fc7,2026-06-04,2026-06-05,1,True,False,False,False,False,True,True,bjmuxp-kokkolan-energia-oy-ranta-6-kk,s95xly-kokkolan-energia-oy-ranta-6-kk,9.0500,11.4400
dated_lineage_sensitivity,Kokkolan Energia Oy,6,observed_seller_data,217c957a360e39b18b8d2cf818cb86f61ea33abfc8277783383788b0986d0fc7,2026-07-20,2026-07-21,1,True,False,False,False,False,True,True,s95xly-kokkolan-energia-oy-ranta-6-kk,ki6odb-kokkolan-energia-oy-ranta-6-kk,11.4400,12.6400
dated_lineage_sensitivity,Kokkolan Energia Oy,12,canonical_calculation,31b6c5acd2e01f8f87d329fdeb13b88fa8e413ad6c3f43b6fad196d55ec9216a,2026-08-10,2026-08-12,2,True,False,False,False,False,True,True,wsncrl-kokkolan-energia-oy-ranta-12-kk,mszfrp-kokkolan-energia-oy-ranta-12-kk,11.3100,11.7100
dated_lineage_sensitivity,Kokkolan Energia Oy,12,canonical_calculation,31b6c5acd2e01f8f87d329fdeb13b88fa8e413ad6c3f43b6fad196d55ec9216a,2026-08-31,2026-09-02,2,False,False,False,False,False,True,True,mszfrp-kokkolan-energia-oy-ranta-12-kk,fzf5dz-kokkolan-energia-oy-ranta-12-kk,11.7100,11.7100
dated_lineage_sensitivity,Kokkolan Energia Oy,12,canonical_calculation,31b6c5acd2e01f8f87d329fdeb13b88fa8e413ad6c3f43b6fad196d55ec9216a,2026-09-02,2026-09-04,2,True,False,False,False,False,True,True,fzf5dz-kokkolan-energia-oy-ranta-12-kk,kbsins-kokkolan-energia-oy-ranta-12-kk,11.7100,11.9700
dated_lineage_sensitivity,Kokkolan Energia Oy,12,canonical_calculation,31b6c5acd2e01f8f87d329fdeb13b88fa8e413ad6c3f43b6fad196d55ec9216a,2026-09-08,2026-09-10,2,True,False,False,False,False,True,True,kbsins-kokkolan-energia-oy-ranta-12-kk,ebzfax-kokkolan-energia-oy-ranta-12-kk,11.9700,12.3000
dated_lineage_sensitivity,Kokkolan Energia Oy,12,observed_seller_data,31b6c5acd2e01f8f87d329fdeb13b88fa8e413ad6c3f43b6fad196d55ec9216a,2026-05-20,2026-05-21,1,True,False,False,False,False,True,True,jksgcv-kokkolan-energia-oy-ranta-12-kk,vmiah1-kokkolan-energia-oy-ranta-12-kk,9.5800,9.8400
dated_lineage_sensitivity,Kokkolan Energia Oy,12,observed_seller_data,31b6c5acd2e01f8f87d329fdeb13b88fa8e413ad6c3f43b6fad196d55ec9216a,2026-07-20,2026-07-21,1,True,False,False,False,False,True,True,vmiah1-kokkolan-energia-oy-ranta-12-kk,wsncrl-kokkolan-energia-oy-ranta-12-kk,9.8400,11.3100
dated_lineage_sensitivity,Kokkolan Energia Oy,24,canonical_calculation,49b6f13205e5027f99909ce00891da07db71eb97f0ef7bf12ce14a0fc7bb72d0,2026-08-31,2026-09-02,2,False,False,False,False,False,True,True,h8zvo7-kokkolan-energia-oy-ranta-24-kk,qnaro2-kokkolan-energia-oy-ranta-24-kk,9.9800,9.9800
dated_lineage_sensitivity,Kokkolan Energia Oy,24,canonical_calculation,49b6f13205e5027f99909ce00891da07db71eb97f0ef7bf12ce14a0fc7bb72d0,2026-09-02,2026-09-04,2,True,False,False,False,False,True,True,qnaro2-kokkolan-energia-oy-ranta-24-kk,xttsgr-kokkolan-energia-oy-ranta-24-kk,9.9800,10.4800
dated_lineage_sensitivity,Kokkolan Energia Oy,24,canonical_calculation,49b6f13205e5027f99909ce00891da07db71eb97f0ef7bf12ce14a0fc7bb72d0,2026-09-04,2026-09-06,2,False,False,False,False,False,True,True,xttsgr-kokkolan-energia-oy-ranta-24-kk,cph3d9-kokkolan-energia-oy-ranta-24-kk,10.4800,10.4800
dated_lineage_sensitivity,Kokkolan Energia Oy,24,canonical_calculation,49b6f13205e5027f99909ce00891da07db71eb97f0ef7bf12ce14a0fc7bb72d0,2026-09-08,2026-09-10,2,True,False,False,False,False,True,True,cph3d9-kokkolan-energia-oy-ranta-24-kk,uoolqh-kokkolan-energia-oy-ranta-24-kk,10.4800,11.3100
dated_lineage_sensitivity,Kokkolan Energia Oy,24,observed_seller_data,49b6f13205e5027f99909ce00891da07db71eb97f0ef7bf12ce14a0fc7bb72d0,2026-06-04,2026-06-05,1,True,False,False,False,False,True,True,rrg6m5-kokkolan-energia-oy-ranta-24-kk,db42me-kokkolan-energia-oy-ranta-24-kk,9.3100,9.4900
dated_lineage_sensitivity,Kokkolan Energia Oy,24,observed_seller_data,49b6f13205e5027f99909ce00891da07db71eb97f0ef7bf12ce14a0fc7bb72d0,2026-06-23,2026-06-24,1,True,False,False,False,False,True,True,db42me-kokkolan-energia-oy-ranta-24-kk,7ledl9-kokkolan-energia-oy-ranta-24-kk,9.4900,7.9900
dated_lineage_sensitivity,Kokkolan Energia Oy,24,observed_seller_data,49b6f13205e5027f99909ce00891da07db71eb97f0ef7bf12ce14a0fc7bb72d0,2026-06-29,2026-06-30,1,True,False,False,False,False,True,True,7ledl9-kokkolan-energia-oy-ranta-24-kk,cbn6bg-kokkolan-energia-oy-ranta-24-kk,7.9900,8.9800
dated_lineage_sensitivity,Kokkolan Energia Oy,24,observed_seller_data,49b6f13205e5027f99909ce00891da07db71eb97f0ef7bf12ce14a0fc7bb72d0,2026-07-20,2026-07-21,1,True,False,False,False,False,True,True,cbn6bg-kokkolan-energia-oy-ranta-24-kk,h8zvo7-kokkolan-energia-oy-ranta-24-kk,8.9800,9.9800
dated_lineage_sensitivity,Korpelan Energia Oy,12,canonical_calculation,49737b29a7e715223f4ed8e0189a752d4d3e25e09b805ce2c327a619d68c0118,2026-08-01,2026-08-05,4,True,False,False,False,False,True,True,6bkvu5-korpelan-energia-oy-korpela-kesto-kiintea-12-kk,ttpt2x-korpelan-energia-oy-korpela-kesto-kiintea-12-kk,9.7500,10.5000
dated_lineage_sensitivity,Korpelan Energia Oy,12,canonical_calculation,49737b29a7e715223f4ed8e0189a752d4d3e25e09b805ce2c327a619d68c0118,2026-08-11,2026-08-13,2,True,False,False,False,False,True,True,ttpt2x-korpelan-energia-oy-korpela-kesto-kiintea-12-kk,8yldkd-korpelan-energia-oy-korpela-kesto-kiintea-12-kk,10.5000,10.9500
dated_lineage_sensitivity,Korpelan Energia Oy,12,canonical_calculation,49737b29a7e715223f4ed8e0189a752d4d3e25e09b805ce2c327a619d68c0118,2026-09-09,2026-09-11,2,True,False,False,False,False,True,True,8yldkd-korpelan-energia-oy-korpela-kesto-kiintea-12-kk,gu9v40-korpelan-energia-oy-korpela-kesto-kiintea-12-kk,10.9500,11.5500
dated_lineage_sensitivity,Korpelan Energia Oy,24,canonical_calculation,b27379e7afe3ee62fb264fc8d48d2e56def7756d80d5a990b0505bacb2406b07,2026-09-09,2026-09-11,2,True,False,False,False,False,True,True,jvdkfy-korpelan-energia-oy-korpela-kesto-kiintea-24-kk,hpqxsx-korpelan-energia-oy-korpela-kesto-kiintea-24-kk,9.7500,10.3500
dated_lineage_sensitivity,Köyliön-Säkylän Sähkö Oy,12,canonical_calculation,f59c7432c1fc7155277b540fa0f40a31bdff2ff3484923de6a3ee9e0a3f9c1f1,2026-08-07,2026-08-09,2,True,False,False,False,False,True,True,egue10-koylion-sakylan-sahko-oy-lallin-maaris-1v,2b4lck-koylion-sakylan-sahko-oy-lallin-maaris-1v,10.6000,11.2000
dated_lineage_sensitivity,Köyliön-Säkylän Sähkö Oy,12,observed_seller_data,f59c7432c1fc7155277b540fa0f40a31bdff2ff3484923de6a3ee9e0a3f9c1f1,2026-07-17,2026-07-18,1,True,False,False,False,False,True,True,vythji-koylion-sakylan-sahko-oy-lallin-maaris-1v,egue10-koylion-sakylan-sahko-oy-lallin-maaris-1v,9.4000,10.6000
dated_lineage_sensitivity,Köyliön-Säkylän Sähkö Oy,24,canonical_calculation,9d64cd535dd1dce164aee26aeb26f6844d622211cca60c83f4bdc31a385c23be,2026-08-07,2026-08-09,2,True,False,False,False,False,True,True,xrufmt-koylion-sakylan-sahko-oy-lallin-maaris-2v,v71f5y-koylion-sakylan-sahko-oy-lallin-maaris-2v,9.4000,9.9000
dated_lineage_sensitivity,Köyliön-Säkylän Sähkö Oy,24,observed_seller_data,9d64cd535dd1dce164aee26aeb26f6844d622211cca60c83f4bdc31a385c23be,2026-07-17,2026-07-18,1,True,False,False,False,False,True,True,h8aymz-koylion-sakylan-sahko-oy-lallin-maaris-2v,xrufmt-koylion-sakylan-sahko-oy-lallin-maaris-2v,8.6000,9.4000
dated_lineage_sensitivity,Lammaisten Energia Oy,12,canonical_calculation,ed986e75a3b6a49f0262526daa0d88f6013e7c120bf2f86a8e42f54da9780758,2026-07-30,2026-08-01,2,True,False,False,False,False,True,True,psutqh-lammaisten-energia-oy-iisi-helpposahko-yleissahko-12-kk,luufsn-lammaisten-energia-oy-iisi-helpposahko-yleissahko-12-kk,10.4200,12.2000
dated_lineage_sensitivity,Lammaisten Energia Oy,24,canonical_calculation,a49d8250c868c8320580f5b53c84e868cd3a9df28f6402f6106833bf14f17eac,2026-07-30,2026-08-01,2,True,False,False,False,False,True,True,cnukun-lammaisten-energia-oy-iisi-helpposahko-yleissahko-24-kk,6kwivc-lammaisten-energia-oy-iisi-helpposahko-yleissahko-24-kk,9.9700,10.4200
dated_lineage_sensitivity,Lumme Energia,12,canonical_calculation,de4fba662f04066b463bac7aa07cb04d554e479cc04680e78d4d3600f6d215e7,2026-08-07,2026-08-09,2,True,False,False,False,False,True,True,jkhx1h-lumme-energia-vuosisahko-12-kk-hinta-joka-ei-heilu,mpnmgv-lumme-energia-vuosisahko-12-kk-hinta-joka-ei-heilu,10.9900,11.1900
dated_lineage_sensitivity,Lumme Energia,12,canonical_calculation,de4fba662f04066b463bac7aa07cb04d554e479cc04680e78d4d3600f6d215e7,2026-08-14,2026-08-16,2,False,False,False,False,False,True,True,mpnmgv-lumme-energia-vuosisahko-12-kk-hinta-joka-ei-heilu,jht2q1-lumme-energia-vuosisahko-12-kk-hinta-joka-ei-heilu,11.1900,11.1900
dated_lineage_sensitivity,Nurmijärven Sähkö Oy,12,canonical_calculation,167daf4625f387542a812a6ae97a4cc2aa0a60594f7191ed32290fd7086b3dd2,2026-08-05,2026-08-06,1,True,False,False,False,False,True,True,9rfo6y-nurmijarven-sahko-oy-yleissahko-1-vuotta,ayepwr-nurmijarven-sahko-oy-yleissahko-1-vuotta,10.4500,11.4900
dated_lineage_sensitivity,Nurmijärven Sähkö Oy,24,canonical_calculation,dd0ee1dde00e95451b52bdb038bf6a4eef0655b2c949896d92e9790986a820ed,2026-08-05,2026-08-06,1,True,False,False,False,False,True,True,bxs18u-nurmijarven-sahko-oy-yleissahko-2-vuotta,egjbb2-nurmijarven-sahko-oy-yleissahko-2-vuotta,9.4500,10.4900
dated_lineage_sensitivity,Omavoima Oy,12,canonical_calculation,7cdb620bfa9ece839a65a3182741629876fbbf5c8930bd5176d74fba95f3dc66,2026-07-27,2026-07-29,2,True,False,False,False,False,True,True,4w4snx-omavoima-oy-oma-12kk-yleis,jswfi2-omavoima-oy-oma-12kk-yleis,10.0700,10.7700
dated_lineage_sensitivity,Omavoima Oy,12,canonical_calculation,7cdb620bfa9ece839a65a3182741629876fbbf5c8930bd5176d74fba95f3dc66,2026-08-05,2026-08-08,3,True,False,False,False,False,True,True,jswfi2-omavoima-oy-oma-12kk-yleis,kxtcxo-omavoima-oy-oma-12kk-yleis,10.7700,10.9700
dated_lineage_sensitivity,Omavoima Oy,12,canonical_calculation,7cdb620bfa9ece839a65a3182741629876fbbf5c8930bd5176d74fba95f3dc66,2026-09-03,2026-09-05,2,True,False,False,False,False,True,True,kxtcxo-omavoima-oy-oma-12kk-yleis,utyzfb-omavoima-oy-oma-12kk-yleis,10.9700,11.2700
dated_lineage_sensitivity,Omavoima Oy,12,observed_seller_data,7cdb620bfa9ece839a65a3182741629876fbbf5c8930bd5176d74fba95f3dc66,2026-05-25,2026-05-26,1,True,False,False,False,False,True,True,z59pzp-omavoima-oy-oma-12kk-yleis,4w4snx-omavoima-oy-oma-12kk-yleis,9.5700,10.0700
dated_lineage_sensitivity,Omavoima Oy,24,canonical_calculation,a25666a9bef1dc1bb76178fe7feb4a0338432d9a04952471f926a83dde211788,2026-07-27,2026-07-29,2,True,False,False,False,False,True,True,wliup0-omavoima-oy-oma-24kk-yleis,g7utdj-omavoima-oy-oma-24kk-yleis,8.9800,9.6800
dated_lineage_sensitivity,Omavoima Oy,24,canonical_calculation,a25666a9bef1dc1bb76178fe7feb4a0338432d9a04952471f926a83dde211788,2026-09-03,2026-09-05,2,True,False,False,False,False,True,True,g7utdj-omavoima-oy-oma-24kk-yleis,l2iwwe-omavoima-oy-oma-24kk-yleis,9.6800,9.8800
dated_lineage_sensitivity,Omavoima Oy,24,observed_seller_data,a25666a9bef1dc1bb76178fe7feb4a0338432d9a04952471f926a83dde211788,2026-05-25,2026-05-26,1,True,False,False,False,False,True,True,mvdaye-omavoima-oy-oma-24kk-yleis,wliup0-omavoima-oy-oma-24kk-yleis,8.5800,8.9800
dated_lineage_sensitivity,Oomi Oy,12,canonical_calculation,fd13bdd1b2e4121b11359570dc825c82aaac73f20b56d9f16d248ddf860fdda4,2026-08-05,2026-08-08,3,True,False,False,False,False,True,True,gjd40q-oomi-oy-oomi-kiintea-12-kk,gpwbzv-oomi-oy-oomi-kiintea-12-kk,10.9900,11.1900
dated_lineage_sensitivity,Oomi Oy,12,canonical_calculation,fd13bdd1b2e4121b11359570dc825c82aaac73f20b56d9f16d248ddf860fdda4,2026-08-27,2026-08-29,2,True,False,False,False,False,True,True,gpwbzv-oomi-oy-oomi-kiintea-12-kk,8riyee-oomi-oy-oomi-kiintea-12-kk,11.1900,10.7900
dated_lineage_sensitivity,Oomi Oy,12,canonical_calculation,fd13bdd1b2e4121b11359570dc825c82aaac73f20b56d9f16d248ddf860fdda4,2026-09-03,2026-09-05,2,True,False,False,False,False,True,True,8riyee-oomi-oy-oomi-kiintea-12-kk,refkwb-oomi-oy-oomi-kiintea-12-kk,10.7900,11.1900
dated_lineage_sensitivity,Oomi Oy,12,canonical_calculation,fd13bdd1b2e4121b11359570dc825c82aaac73f20b56d9f16d248ddf860fdda4,2026-09-10,2026-09-12,2,True,False,False,False,False,True,True,refkwb-oomi-oy-oomi-kiintea-12-kk,ez81sy-oomi-oy-oomi-kiintea-12-kk,11.1900,12.7900
dated_lineage_sensitivity,Oomi Oy,24,canonical_calculation,a2d59d02f565b1679ec1cd9d9318690af2779871408b09b5966dac84ef2c1c85,2026-09-03,2026-09-05,2,True,False,False,False,False,True,True,bw7bbd-oomi-oy-oomi-kiintea-24-kk,qfa9ua-oomi-oy-oomi-kiintea-24-kk,9.5900,9.7900
dated_lineage_sensitivity,Oomi Oy,24,canonical_calculation,a2d59d02f565b1679ec1cd9d9318690af2779871408b09b5966dac84ef2c1c85,2026-09-10,2026-09-12,2,True,False,False,False,False,True,True,qfa9ua-oomi-oy-oomi-kiintea-24-kk,ennxaw-oomi-oy-oomi-kiintea-24-kk,9.7900,10.4900
dated_lineage_sensitivity,Paneliankosken Voima Oy,12,canonical_calculation,bfaf00ad8fcf82eeea20b060f0cab0440cc43e39776be04bb44e99e35d7cf50e,2026-07-28,2026-07-31,3,True,False,False,False,False,True,True,xcvrus-paneliankosken-voima-oy-kosken-vuosiwoima-12-kk,26v0h3-paneliankosken-voima-oy-kosken-vuosiwoima-12-kk,9.7000,10.6000
dated_lineage_sensitivity,Paneliankosken Voima Oy,12,canonical_calculation,bfaf00ad8fcf82eeea20b060f0cab0440cc43e39776be04bb44e99e35d7cf50e,2026-08-19,2026-08-22,3,True,False,False,False,False,True,True,26v0h3-paneliankosken-voima-oy-kosken-vuosiwoima-12-kk,xxz4lc-paneliankosken-voima-oy-kosken-vuosiwoima-12-kk,10.6000,11.2000
dated_lineage_sensitivity,Paneliankosken Voima Oy,24,canonical_calculation,dbf86f1b5932dac3f45e9ecfd03a37d57ef201ec531e5646a631a497e2dfd007,2026-07-29,2026-07-31,2,True,False,False,False,False,True,True,wqatmw-paneliankosken-voima-oy-kosken-vuosiwoima-24-kk,7zxkwy-paneliankosken-voima-oy-kosken-vuosiwoima-24-kk,9.1500,9.6000
dated_lineage_sensitivity,Paneliankosken Voima Oy,24,canonical_calculation,dbf86f1b5932dac3f45e9ecfd03a37d57ef201ec531e5646a631a497e2dfd007,2026-08-19,2026-08-22,3,True,False,False,False,False,True,True,7zxkwy-paneliankosken-voima-oy-kosken-vuosiwoima-24-kk,l4vhmq-paneliankosken-voima-oy-kosken-vuosiwoima-24-kk,9.6000,10.2000
dated_lineage_sensitivity,Pohjois-Karjalan Sähkö Oy,6,canonical_calculation,458bb627a351d12646250e16ee93d2562008886176674d10a55c12ad39cec6be,2026-07-29,2026-07-30,1,True,False,False,False,False,True,True,tkqczm-pohjois-karjalan-sahko-oy-optimi-takuu-6-kuukautta,hprucu-pohjois-karjalan-sahko-oy-optimi-takuu-6-kuukautta,10.7900,11.9400
dated_lineage_sensitivity,Pohjois-Karjalan Sähkö Oy,6,canonical_calculation,458bb627a351d12646250e16ee93d2562008886176674d10a55c12ad39cec6be,2026-08-07,2026-08-09,2,True,False,False,False,False,True,True,hprucu-pohjois-karjalan-sahko-oy-optimi-takuu-6-kuukautta,06hyhz-pohjois-karjalan-sahko-oy-optimi-takuu-6-kuukautta,11.9400,14.4300
dated_lineage_sensitivity,Pohjois-Karjalan Sähkö Oy,6,canonical_calculation,458bb627a351d12646250e16ee93d2562008886176674d10a55c12ad39cec6be,2026-08-18,2026-08-20,2,False,False,False,False,False,True,True,06hyhz-pohjois-karjalan-sahko-oy-optimi-takuu-6-kuukautta,irbmyo-pohjois-karjalan-sahko-oy-optimi-takuu-6-kuukautta,14.4300,14.4300
dated_lineage_sensitivity,Pohjois-Karjalan Sähkö Oy,12,canonical_calculation,b6c83ae8d3125f1abab37db58b6d7fa8dd29ffbb149b4a0a54411d4758f6ec96,2026-07-29,2026-08-14,16,True,False,False,False,False,True,True,kjngro-pohjois-karjalan-sahko-oy-optimi-takuu-12-kuukautta,lqweuk-pohjois-karjalan-sahko-oy-optimi-takuu-12-kuukautta,10.4800,12.2600
dated_lineage_sensitivity,Pohjois-Karjalan Sähkö Oy,24,canonical_calculation,fbd780463339ffc557b6fef91dbc256de654b9c2d6fc7c837f59c49ca6c479af,2026-08-11,2026-08-13,2,False,False,False,False,False,True,True,hz5m3u-pohjois-karjalan-sahko-oy-optimi-takuu-24-kuukautta,axwj57-pohjois-karjalan-sahko-oy-optimi-takuu-24-kuukautta,10.1800,10.1800
dated_lineage_sensitivity,Porvoon Energia Oy,12,canonical_calculation,4932dab7c85cf23053b27f3ea43d6ff6ff244a14e60b5c5f3a8be9eed97a22a0,2026-08-01,2026-08-06,5,True,False,False,False,False,True,True,0bfjov-porvoon-energia-oy-ilmastoviisas-12-kk-co2-paastottomasti-tuotettu,wqtmog-porvoon-energia-oy-ilmastoviisas-12-kk-co2-paastottomasti-tuotettu,11.5000,11.7000
dated_lineage_sensitivity,Porvoon Energia Oy,12,canonical_calculation,4932dab7c85cf23053b27f3ea43d6ff6ff244a14e60b5c5f3a8be9eed97a22a0,2026-09-08,2026-09-10,2,True,False,False,False,False,True,True,wqtmog-porvoon-energia-oy-ilmastoviisas-12-kk-co2-paastottomasti-tuotettu,keapcz-porvoon-energia-oy-ilmastoviisas-12-kk-co2-paastottomasti-tuotettu,11.7000,11.9000
dated_lineage_sensitivity,Porvoon Energia Oy,12,canonical_calculation,4932dab7c85cf23053b27f3ea43d6ff6ff244a14e60b5c5f3a8be9eed97a22a0,2026-09-10,2026-09-12,2,True,False,False,False,False,True,True,keapcz-porvoon-energia-oy-ilmastoviisas-12-kk-co2-paastottomasti-tuotettu,ygfod7-porvoon-energia-oy-ilmastoviisas-12-kk-co2-paastottomasti-tuotettu,11.9000,12.8000
dated_lineage_sensitivity,Porvoon Energia Oy,12,canonical_calculation,9871e8685b7213d3bbf82c55881ce564c418ebf76f87c1f104e0455242ba398d,2026-08-01,2026-08-06,5,True,False,False,False,False,True,True,1eqb3j-porvoon-energia-oy-wind-12-kk-kotimainen-tuulisahko,ycx4s3-porvoon-energia-oy-wind-12-kk-kotimainen-tuulisahko,11.7000,11.9000
dated_lineage_sensitivity,Porvoon Energia Oy,12,canonical_calculation,9871e8685b7213d3bbf82c55881ce564c418ebf76f87c1f104e0455242ba398d,2026-09-08,2026-09-10,2,True,False,False,False,False,True,True,ycx4s3-porvoon-energia-oy-wind-12-kk-kotimainen-tuulisahko,viekc6-porvoon-energia-oy-wind-12-kk-kotimainen-tuulisahko,11.9000,12.1000
dated_lineage_sensitivity,Porvoon Energia Oy,12,canonical_calculation,9871e8685b7213d3bbf82c55881ce564c418ebf76f87c1f104e0455242ba398d,2026-09-10,2026-09-12,2,True,False,False,False,False,True,True,viekc6-porvoon-energia-oy-wind-12-kk-kotimainen-tuulisahko,azv8uu-porvoon-energia-oy-wind-12-kk-kotimainen-tuulisahko,12.1000,13.0000
dated_lineage_sensitivity,Porvoon Energia Oy,12,canonical_calculation,a86083cea0c47a07be44669e908a14fc05f1760c49723cbb33d4b63ee1c21e08,2026-08-01,2026-08-06,5,True,False,False,False,False,True,True,zdmggt-porvoon-energia-oy-eko-12-kk-luonnonsuojeluliiton-sertifioima-ekoenergia,1wpize-porvoon-energia-oy-eko-12-kk-luonnonsuojeluliiton-sertifioima-ekoenergia,11.7000,11.9000
dated_lineage_sensitivity,Porvoon Energia Oy,12,canonical_calculation,a86083cea0c47a07be44669e908a14fc05f1760c49723cbb33d4b63ee1c21e08,2026-09-08,2026-09-10,2,True,False,False,False,False,True,True,1wpize-porvoon-energia-oy-eko-12-kk-luonnonsuojeluliiton-sertifioima-ekoenergia,tkcacp-porvoon-energia-oy-eko-12-kk-luonnonsuojeluliiton-sertifioima-ekoenergia,11.9000,12.1000
dated_lineage_sensitivity,Porvoon Energia Oy,12,canonical_calculation,a86083cea0c47a07be44669e908a14fc05f1760c49723cbb33d4b63ee1c21e08,2026-09-10,2026-09-12,2,True,False,False,False,False,True,True,tkcacp-porvoon-energia-oy-eko-12-kk-luonnonsuojeluliiton-sertifioima-ekoenergia,1yddgu-porvoon-energia-oy-eko-12-kk-luonnonsuojeluliiton-sertifioima-ekoenergia,12.1000,13.0000
dated_lineage_sensitivity,Porvoon Energia Oy,24,canonical_calculation,8b7c7145b48ad362e51f9e6ca17fb8b630a5ffeeb7156af122435b3f0d43d4f3,2026-09-07,2026-09-10,3,True,False,False,False,False,True,True,cbtp1d-porvoon-energia-oy-eko-24-kk-luonnonsuojeluliiton-sertifioima-ekoenergia,r2gnhf-porvoon-energia-oy-eko-24-kk-luonnonsuojeluliiton-sertifioima-ekoenergia,10.2000,10.6000
dated_lineage_sensitivity,Porvoon Energia Oy,24,canonical_calculation,8b7c7145b48ad362e51f9e6ca17fb8b630a5ffeeb7156af122435b3f0d43d4f3,2026-09-10,2026-09-12,2,True,False,False,False,False,True,True,r2gnhf-porvoon-energia-oy-eko-24-kk-luonnonsuojeluliiton-sertifioima-ekoenergia,aqfhiw-porvoon-energia-oy-eko-24-kk-luonnonsuojeluliiton-sertifioima-ekoenergia,10.6000,11.1000
dated_lineage_sensitivity,Porvoon Energia Oy,24,canonical_calculation,98ce49edcccce8f888dff5a864d6c516e449196b33fd7e76e3a1487e122f7a94,2026-09-03,2026-09-05,2,True,False,False,False,False,True,True,e0ptpc-porvoon-energia-oy-wind-24-kk-kotimainen-tuulisahko,zduuay-porvoon-energia-oy-wind-24-kk-kotimainen-tuulisahko,10.2000,10.4000
dated_lineage_sensitivity,Porvoon Energia Oy,24,canonical_calculation,98ce49edcccce8f888dff5a864d6c516e449196b33fd7e76e3a1487e122f7a94,2026-09-08,2026-09-10,2,True,False,False,False,False,True,True,zduuay-porvoon-energia-oy-wind-24-kk-kotimainen-tuulisahko,tl23ep-porvoon-energia-oy-wind-24-kk-kotimainen-tuulisahko,10.4000,10.6000
dated_lineage_sensitivity,Porvoon Energia Oy,24,canonical_calculation,98ce49edcccce8f888dff5a864d6c516e449196b33fd7e76e3a1487e122f7a94,2026-09-10,2026-09-12,2,True,False,False,False,False,True,True,tl23ep-porvoon-energia-oy-wind-24-kk-kotimainen-tuulisahko,1o8mcl-porvoon-energia-oy-wind-24-kk-kotimainen-tuulisahko,10.6000,11.1000
dated_lineage_sensitivity,Porvoon Energia Oy,24,canonical_calculation,f56ac102b2354932e1e67e228c00b87450894cccabdcd1ce133595418feddf83,2026-09-07,2026-09-10,3,True,False,False,False,False,True,True,fkjlke-porvoon-energia-oy-ilmastoviisas-24-kk-co2-paastottomasti-tuotettu,ja7ig3-porvoon-energia-oy-ilmastoviisas-24-kk-co2-paastottomasti-tuotettu,10.0000,10.4000
dated_lineage_sensitivity,Porvoon Energia Oy,24,canonical_calculation,f56ac102b2354932e1e67e228c00b87450894cccabdcd1ce133595418feddf83,2026-09-10,2026-09-12,2,True,False,False,False,False,True,True,ja7ig3-porvoon-energia-oy-ilmastoviisas-24-kk-co2-paastottomasti-tuotettu,cahcwd-porvoon-energia-oy-ilmastoviisas-24-kk-co2-paastottomasti-tuotettu,10.4000,10.9000
dated_lineage_sensitivity,Turku Energia Oy,6,canonical_calculation,fb6145c186aa4f99c39be0f0278feaa660071cd95de355760e7701a227f2c5f1,2026-07-27,2026-07-29,2,True,False,False,False,False,True,True,8v2zuo-turku-energia-oy-louna-lahi-6kk,w0iynl-turku-energia-oy-louna-lahi-6kk,11.4000,12.8600
dated_lineage_sensitivity,Turku Energia Oy,6,canonical_calculation,fb6145c186aa4f99c39be0f0278feaa660071cd95de355760e7701a227f2c5f1,2026-08-14,2026-08-16,2,True,False,False,False,False,True,True,w0iynl-turku-energia-oy-louna-lahi-6kk,wt2cuj-turku-energia-oy-louna-lahi-6kk,12.8600,13.8000
dated_lineage_sensitivity,Turku Energia Oy,6,canonical_calculation,fb6145c186aa4f99c39be0f0278feaa660071cd95de355760e7701a227f2c5f1,2026-08-27,2026-08-29,2,True,False,False,False,False,True,True,wt2cuj-turku-energia-oy-louna-lahi-6kk,k0gfqz-turku-energia-oy-louna-lahi-6kk,13.8000,13.2500
dated_lineage_sensitivity,Turku Energia Oy,6,observed_seller_data,fb6145c186aa4f99c39be0f0278feaa660071cd95de355760e7701a227f2c5f1,2026-05-12,2026-05-13,1,True,False,False,False,False,True,True,bqxwr1-turku-energia-oy-louna-lahi-6kk,iwb3zz-turku-energia-oy-louna-lahi-6kk,7.9500,8.2500
dated_lineage_sensitivity,Turku Energia Oy,6,observed_seller_data,fb6145c186aa4f99c39be0f0278feaa660071cd95de355760e7701a227f2c5f1,2026-06-15,2026-06-16,1,True,False,False,False,False,True,True,iwb3zz-turku-energia-oy-louna-lahi-6kk,ld1ezx-turku-energia-oy-louna-lahi-6kk,8.2500,9.7900
dated_lineage_sensitivity,Turku Energia Oy,6,observed_seller_data,fb6145c186aa4f99c39be0f0278feaa660071cd95de355760e7701a227f2c5f1,2026-06-29,2026-06-30,1,True,False,False,False,False,True,True,ld1ezx-turku-energia-oy-louna-lahi-6kk,th8jy9-turku-energia-oy-louna-lahi-6kk,9.7900,9.4900
dated_lineage_sensitivity,Turku Energia Oy,6,observed_seller_data,fb6145c186aa4f99c39be0f0278feaa660071cd95de355760e7701a227f2c5f1,2026-07-09,2026-07-10,1,True,False,False,False,False,True,True,th8jy9-turku-energia-oy-louna-lahi-6kk,8v2zuo-turku-energia-oy-louna-lahi-6kk,9.4900,11.4000
dated_lineage_sensitivity,Turku Energia Oy,12,canonical_calculation,6ac2627a4095b087f565ee924b86d571939ccbf4fc03ba8c07a2b33f78d81001,2026-07-27,2026-07-29,2,True,False,False,False,False,True,True,ehpblq-turku-energia-oy-louna-lahi-12kk,kiiyfs-turku-energia-oy-louna-lahi-12kk,9.7000,10.8600
dated_lineage_sensitivity,Turku Energia Oy,12,canonical_calculation,6ac2627a4095b087f565ee924b86d571939ccbf4fc03ba8c07a2b33f78d81001,2026-08-05,2026-08-08,3,True,False,False,False,False,True,True,kiiyfs-turku-energia-oy-louna-lahi-12kk,wohgk6-turku-energia-oy-louna-lahi-12kk,10.8600,11.5900
dated_lineage_sensitivity,Turku Energia Oy,12,canonical_calculation,6ac2627a4095b087f565ee924b86d571939ccbf4fc03ba8c07a2b33f78d81001,2026-08-27,2026-08-29,2,True,False,False,False,False,True,True,wohgk6-turku-energia-oy-louna-lahi-12kk,j2ph5t-turku-energia-oy-louna-lahi-12kk,11.5900,10.8800
dated_lineage_sensitivity,Turku Energia Oy,24,canonical_calculation,05bbbfb5913157c81589716e11f015f7096bc07d9feaa44d158c72a536dd68f4,2026-07-27,2026-07-29,2,True,False,False,False,False,True,True,dwoas0-turku-energia-oy-louna-lahi-24kk,2osyzs-turku-energia-oy-louna-lahi-24kk,9.1000,9.7500
dated_lineage_sensitivity,Turku Energia Oy,24,canonical_calculation,05bbbfb5913157c81589716e11f015f7096bc07d9feaa44d158c72a536dd68f4,2026-08-05,2026-08-08,3,True,False,False,False,False,True,True,2osyzs-turku-energia-oy-louna-lahi-24kk,sprrdb-turku-energia-oy-louna-lahi-24kk,9.7500,9.8900
dated_lineage_sensitivity,Turku Energia Oy,24,canonical_calculation,05bbbfb5913157c81589716e11f015f7096bc07d9feaa44d158c72a536dd68f4,2026-08-19,2026-08-21,2,True,False,False,False,False,True,True,sprrdb-turku-energia-oy-louna-lahi-24kk,xbzvda-turku-energia-oy-louna-lahi-24kk,9.8900,9.8500
dated_lineage_sensitivity,Turku Energia Oy,24,canonical_calculation,05bbbfb5913157c81589716e11f015f7096bc07d9feaa44d158c72a536dd68f4,2026-08-27,2026-08-29,2,True,False,False,False,False,True,True,xbzvda-turku-energia-oy-louna-lahi-24kk,wt08n5-turku-energia-oy-louna-lahi-24kk,9.8500,9.7700
dated_lineage_sensitivity,Vaasan Sähkö Myynti Oy,6,observed_seller_data,2b3b063674f5f4662e3b0eb4099192afa6d962fcdc479522a7aeaf5170205a89,2026-04-22,2026-04-23,1,False,False,False,False,True,True,True,zdiko0-vaasan-sahko-myynti-oy-kiintea-6-kk-yleissahko,zfd21a-vaasan-sahko-myynti-oy-kiintea-6-kk-yleissahko,8.2100,8.2100
dated_lineage_sensitivity,Vaasan Sähkö Myynti Oy,6,observed_seller_data,2b3b063674f5f4662e3b0eb4099192afa6d962fcdc479522a7aeaf5170205a89,2026-05-05,2026-05-06,1,True,False,False,False,True,True,True,zfd21a-vaasan-sahko-myynti-oy-kiintea-6-kk-yleissahko,nc3tau-vaasan-sahko-myynti-oy-kiintea-6-kk-yleissahko,8.2100,9.5300
dated_lineage_sensitivity,Vaasan Sähkö Myynti Oy,6,observed_seller_data,2b3b063674f5f4662e3b0eb4099192afa6d962fcdc479522a7aeaf5170205a89,2026-05-12,2026-05-13,1,True,False,False,False,True,True,True,nc3tau-vaasan-sahko-myynti-oy-kiintea-6-kk-yleissahko,tb3yif-vaasan-sahko-myynti-oy-kiintea-6-kk-yleissahko,9.5300,10.2200
dated_lineage_sensitivity,Vaasan Sähkö Myynti Oy,6,observed_seller_data,2b3b063674f5f4662e3b0eb4099192afa6d962fcdc479522a7aeaf5170205a89,2026-06-03,2026-06-04,1,True,False,False,False,True,True,True,tb3yif-vaasan-sahko-myynti-oy-kiintea-6-kk-yleissahko,rw7lwj-vaasan-sahko-myynti-oy-kiintea-6-kk-yleissahko,10.2200,11.6200
dated_lineage_sensitivity,Vaasan Sähkö Myynti Oy,6,observed_seller_data,2b3b063674f5f4662e3b0eb4099192afa6d962fcdc479522a7aeaf5170205a89,2026-06-17,2026-06-18,1,True,False,False,False,True,True,True,rw7lwj-vaasan-sahko-myynti-oy-kiintea-6-kk-yleissahko,ttdyeh-vaasan-sahko-myynti-oy-kiintea-6-kk-yleissahko,11.6200,9.8800
dated_lineage_sensitivity,Vaasan Sähkö Myynti Oy,6,observed_seller_data,2b3b063674f5f4662e3b0eb4099192afa6d962fcdc479522a7aeaf5170205a89,2026-07-01,2026-07-02,1,True,False,False,False,True,True,True,ttdyeh-vaasan-sahko-myynti-oy-kiintea-6-kk-yleissahko,5sd5lp-vaasan-sahko-myynti-oy-kiintea-6-kk-yleissahko,9.8800,10.7000
dated_lineage_sensitivity,Vaasan Sähkö Myynti Oy,6,observed_seller_data,2b3b063674f5f4662e3b0eb4099192afa6d962fcdc479522a7aeaf5170205a89,2026-07-08,2026-07-09,1,True,False,False,False,True,True,True,5sd5lp-vaasan-sahko-myynti-oy-kiintea-6-kk-yleissahko,mbrwhy-vaasan-sahko-myynti-oy-kiintea-6-kk-yleissahko,10.7000,11.2000
dated_lineage_sensitivity,Vaasan Sähkö Myynti Oy,6,observed_seller_data,2b3b063674f5f4662e3b0eb4099192afa6d962fcdc479522a7aeaf5170205a89,2026-07-15,2026-07-16,1,True,False,False,False,True,True,True,mbrwhy-vaasan-sahko-myynti-oy-kiintea-6-kk-yleissahko,qseg85-vaasan-sahko-myynti-oy-kiintea-6-kk-yleissahko,11.2000,12.0100
dated_lineage_sensitivity,Vaasan Sähkö Myynti Oy,12,observed_seller_data,50a294cfec55db37d1dce672c7a5857c93cab674cfbceb7b50f821e5796db13d,2026-04-22,2026-04-23,1,True,False,False,False,True,True,True,ccpjfa-vaasan-sahko-myynti-oy-kiintea-12-kk-yleissahko,lpynel-vaasan-sahko-myynti-oy-kiintea-12-kk-yleissahko,9.4100,8.9900
dated_lineage_sensitivity,Vaasan Sähkö Myynti Oy,12,observed_seller_data,50a294cfec55db37d1dce672c7a5857c93cab674cfbceb7b50f821e5796db13d,2026-04-29,2026-04-30,1,True,False,False,False,True,True,True,lpynel-vaasan-sahko-myynti-oy-kiintea-12-kk-yleissahko,dw6ftf-vaasan-sahko-myynti-oy-kiintea-12-kk-yleissahko,8.9900,9.3000
dated_lineage_sensitivity,Vaasan Sähkö Myynti Oy,12,observed_seller_data,50a294cfec55db37d1dce672c7a5857c93cab674cfbceb7b50f821e5796db13d,2026-05-03,2026-05-04,1,False,False,False,False,True,True,True,dw6ftf-vaasan-sahko-myynti-oy-kiintea-12-kk-yleissahko,svyflw-vaasan-sahko-myynti-oy-kiintea-12-kk-yleissahko,9.3000,9.3000
dated_lineage_sensitivity,Vaasan Sähkö Myynti Oy,12,observed_seller_data,50a294cfec55db37d1dce672c7a5857c93cab674cfbceb7b50f821e5796db13d,2026-05-05,2026-05-06,1,True,False,False,False,True,True,True,svyflw-vaasan-sahko-myynti-oy-kiintea-12-kk-yleissahko,ldpml7-vaasan-sahko-myynti-oy-kiintea-12-kk-yleissahko,9.3000,9.6200
dated_lineage_sensitivity,Vaasan Sähkö Myynti Oy,12,observed_seller_data,50a294cfec55db37d1dce672c7a5857c93cab674cfbceb7b50f821e5796db13d,2026-05-12,2026-05-13,1,True,False,False,False,True,True,True,ldpml7-vaasan-sahko-myynti-oy-kiintea-12-kk-yleissahko,meh6jt-vaasan-sahko-myynti-oy-kiintea-12-kk-yleissahko,9.6200,9.9600
dated_lineage_sensitivity,Vaasan Sähkö Myynti Oy,12,observed_seller_data,50a294cfec55db37d1dce672c7a5857c93cab674cfbceb7b50f821e5796db13d,2026-05-18,2026-05-19,1,False,False,False,False,True,True,True,meh6jt-vaasan-sahko-myynti-oy-kiintea-12-kk-yleissahko,q3nuoz-vaasan-sahko-myynti-oy-kiintea-12-kk-yleissahko,9.9600,9.9600
dated_lineage_sensitivity,Vaasan Sähkö Myynti Oy,12,observed_seller_data,50a294cfec55db37d1dce672c7a5857c93cab674cfbceb7b50f821e5796db13d,2026-06-03,2026-06-04,1,True,False,False,False,True,True,True,q3nuoz-vaasan-sahko-myynti-oy-kiintea-12-kk-yleissahko,u0vdgv-vaasan-sahko-myynti-oy-kiintea-12-kk-yleissahko,9.9600,10.1700
dated_lineage_sensitivity,Vaasan Sähkö Myynti Oy,12,observed_seller_data,50a294cfec55db37d1dce672c7a5857c93cab674cfbceb7b50f821e5796db13d,2026-06-17,2026-06-18,1,True,False,False,False,True,True,True,u0vdgv-vaasan-sahko-myynti-oy-kiintea-12-kk-yleissahko,ouogbf-vaasan-sahko-myynti-oy-kiintea-12-kk-yleissahko,10.1700,9.7000
dated_lineage_sensitivity,Vaasan Sähkö Myynti Oy,12,observed_seller_data,50a294cfec55db37d1dce672c7a5857c93cab674cfbceb7b50f821e5796db13d,2026-06-24,2026-06-25,1,True,False,False,False,True,True,True,ouogbf-vaasan-sahko-myynti-oy-kiintea-12-kk-yleissahko,p1uafq-vaasan-sahko-myynti-oy-kiintea-12-kk-yleissahko,9.7000,9.0400
dated_lineage_sensitivity,Vaasan Sähkö Myynti Oy,12,observed_seller_data,50a294cfec55db37d1dce672c7a5857c93cab674cfbceb7b50f821e5796db13d,2026-07-01,2026-07-02,1,True,False,False,False,True,True,True,p1uafq-vaasan-sahko-myynti-oy-kiintea-12-kk-yleissahko,umjp6x-vaasan-sahko-myynti-oy-kiintea-12-kk-yleissahko,9.0400,9.4100
dated_lineage_sensitivity,Vaasan Sähkö Myynti Oy,12,observed_seller_data,50a294cfec55db37d1dce672c7a5857c93cab674cfbceb7b50f821e5796db13d,2026-07-08,2026-07-09,1,True,False,False,False,True,True,True,umjp6x-vaasan-sahko-myynti-oy-kiintea-12-kk-yleissahko,vuchri-vaasan-sahko-myynti-oy-kiintea-12-kk-yleissahko,9.4100,9.7900
dated_lineage_sensitivity,Vaasan Sähkö Myynti Oy,12,observed_seller_data,50a294cfec55db37d1dce672c7a5857c93cab674cfbceb7b50f821e5796db13d,2026-07-15,2026-07-16,1,True,False,False,False,True,True,True,vuchri-vaasan-sahko-myynti-oy-kiintea-12-kk-yleissahko,6jrged-vaasan-sahko-myynti-oy-kiintea-12-kk-yleissahko,9.7900,10.4800
dated_lineage_sensitivity,Vaasan Sähkö Myynti Oy,24,observed_seller_data,c9dc745d8d5dd73c036e0d125eb2d21fd9654c007f11ad0c1bcabeac8a4f4e27,2026-04-22,2026-04-23,1,True,False,False,False,True,True,True,ikyzjy-vaasan-sahko-myynti-oy-kiintea-24-kk-yleissahko,rnxdko-vaasan-sahko-myynti-oy-kiintea-24-kk-yleissahko,8.6000,8.1800
dated_lineage_sensitivity,Vaasan Sähkö Myynti Oy,24,observed_seller_data,c9dc745d8d5dd73c036e0d125eb2d21fd9654c007f11ad0c1bcabeac8a4f4e27,2026-04-29,2026-04-30,1,True,False,False,False,True,True,True,rnxdko-vaasan-sahko-myynti-oy-kiintea-24-kk-yleissahko,cphzzq-vaasan-sahko-myynti-oy-kiintea-24-kk-yleissahko,8.1800,8.5300
dated_lineage_sensitivity,Vaasan Sähkö Myynti Oy,24,observed_seller_data,c9dc745d8d5dd73c036e0d125eb2d21fd9654c007f11ad0c1bcabeac8a4f4e27,2026-05-05,2026-05-06,1,True,False,False,False,True,True,True,cphzzq-vaasan-sahko-myynti-oy-kiintea-24-kk-yleissahko,fvz38v-vaasan-sahko-myynti-oy-kiintea-24-kk-yleissahko,8.5300,8.7900
dated_lineage_sensitivity,Vaasan Sähkö Myynti Oy,24,observed_seller_data,c9dc745d8d5dd73c036e0d125eb2d21fd9654c007f11ad0c1bcabeac8a4f4e27,2026-05-12,2026-05-13,1,True,False,False,False,True,True,True,fvz38v-vaasan-sahko-myynti-oy-kiintea-24-kk-yleissahko,oembkw-vaasan-sahko-myynti-oy-kiintea-24-kk-yleissahko,8.7900,8.9700
dated_lineage_sensitivity,Vaasan Sähkö Myynti Oy,24,observed_seller_data,c9dc745d8d5dd73c036e0d125eb2d21fd9654c007f11ad0c1bcabeac8a4f4e27,2026-06-03,2026-06-04,1,True,False,False,False,True,True,True,oembkw-vaasan-sahko-myynti-oy-kiintea-24-kk-yleissahko,itx3ga-vaasan-sahko-myynti-oy-kiintea-24-kk-yleissahko,8.9700,9.0800
dated_lineage_sensitivity,Vaasan Sähkö Myynti Oy,24,observed_seller_data,c9dc745d8d5dd73c036e0d125eb2d21fd9654c007f11ad0c1bcabeac8a4f4e27,2026-06-17,2026-06-18,1,True,False,False,False,True,True,True,itx3ga-vaasan-sahko-myynti-oy-kiintea-24-kk-yleissahko,9swyuo-vaasan-sahko-myynti-oy-kiintea-24-kk-yleissahko,9.0800,8.8900
dated_lineage_sensitivity,Vaasan Sähkö Myynti Oy,24,observed_seller_data,c9dc745d8d5dd73c036e0d125eb2d21fd9654c007f11ad0c1bcabeac8a4f4e27,2026-06-24,2026-06-25,1,True,False,False,False,True,True,True,9swyuo-vaasan-sahko-myynti-oy-kiintea-24-kk-yleissahko,m8awke-vaasan-sahko-myynti-oy-kiintea-24-kk-yleissahko,8.8900,8.4400
dated_lineage_sensitivity,Vaasan Sähkö Myynti Oy,24,observed_seller_data,c9dc745d8d5dd73c036e0d125eb2d21fd9654c007f11ad0c1bcabeac8a4f4e27,2026-07-01,2026-07-02,1,True,False,False,False,True,True,True,m8awke-vaasan-sahko-myynti-oy-kiintea-24-kk-yleissahko,ur2ea4-vaasan-sahko-myynti-oy-kiintea-24-kk-yleissahko,8.4400,8.8000
dated_lineage_sensitivity,Vaasan Sähkö Myynti Oy,24,observed_seller_data,c9dc745d8d5dd73c036e0d125eb2d21fd9654c007f11ad0c1bcabeac8a4f4e27,2026-07-08,2026-07-09,1,True,False,False,False,True,True,True,ur2ea4-vaasan-sahko-myynti-oy-kiintea-24-kk-yleissahko,shfh1e-vaasan-sahko-myynti-oy-kiintea-24-kk-yleissahko,8.8000,9.1400
dated_lineage_sensitivity,Vaasan Sähkö Myynti Oy,24,observed_seller_data,c9dc745d8d5dd73c036e0d125eb2d21fd9654c007f11ad0c1bcabeac8a4f4e27,2026-07-15,2026-07-16,1,True,False,False,False,True,True,True,shfh1e-vaasan-sahko-myynti-oy-kiintea-24-kk-yleissahko,pvhkra-vaasan-sahko-myynti-oy-kiintea-24-kk-yleissahko,9.1400,9.4600
dated_lineage_sensitivity,Vattenfall Oy,12,canonical_calculation,6e98bcbbd85a13c903f902b1e2c2e09f04c80a2642824ee26e13c0eef3d8cd6a,2026-07-30,2026-08-01,2,True,False,False,False,False,True,True,qezbfw-vattenfall-oy-taysvesi-12-kk,8sgkwf-vattenfall-oy-taysvesi-12-kk,10.0900,11.3500
dated_lineage_sensitivity,Vattenfall Oy,12,canonical_calculation,6e98bcbbd85a13c903f902b1e2c2e09f04c80a2642824ee26e13c0eef3d8cd6a,2026-08-20,2026-08-22,2,True,False,False,False,False,True,True,8sgkwf-vattenfall-oy-taysvesi-12-kk,7v0yce-vattenfall-oy-taysvesi-12-kk,11.3500,11.1500
dated_lineage_sensitivity,Vattenfall Oy,12,canonical_calculation,6e98bcbbd85a13c903f902b1e2c2e09f04c80a2642824ee26e13c0eef3d8cd6a,2026-08-31,2026-09-02,2,True,False,False,False,False,True,True,7v0yce-vattenfall-oy-taysvesi-12-kk,owp0nn-vattenfall-oy-taysvesi-12-kk,11.1500,10.7900
dated_lineage_sensitivity,Vattenfall Oy,12,canonical_calculation,ea87708ad28df3129ea68f813d9048329aab20f1ec7625cf30e4281f763c30d8,2026-07-30,2026-08-01,2,True,False,False,False,False,True,True,dyxylq-vattenfall-oy-taystuuli-12-kk,74me4n-vattenfall-oy-taystuuli-12-kk,10.7900,11.3500
dated_lineage_sensitivity,Vattenfall Oy,12,canonical_calculation,ea87708ad28df3129ea68f813d9048329aab20f1ec7625cf30e4281f763c30d8,2026-08-20,2026-08-22,2,True,False,False,False,False,True,True,74me4n-vattenfall-oy-taystuuli-12-kk,n7jjey-vattenfall-oy-taystuuli-12-kk,11.3500,11.1500
dated_lineage_sensitivity,Vattenfall Oy,12,canonical_calculation,ea87708ad28df3129ea68f813d9048329aab20f1ec7625cf30e4281f763c30d8,2026-08-31,2026-09-02,2,True,False,False,False,False,True,True,n7jjey-vattenfall-oy-taystuuli-12-kk,ybecwk-vattenfall-oy-taystuuli-12-kk,11.1500,10.7900
dated_lineage_sensitivity,Vattenfall Oy,12,canonical_calculation,ea87708ad28df3129ea68f813d9048329aab20f1ec7625cf30e4281f763c30d8,2026-09-03,2026-09-11,8,True,False,False,False,False,True,True,ybecwk-vattenfall-oy-taystuuli-12-kk,gb5yd7-vattenfall-oy-taystuuli-12-kk,10.7900,11.8900
dated_lineage_sensitivity,Vattenfall Oy,12,observed_seller_data,6e98bcbbd85a13c903f902b1e2c2e09f04c80a2642824ee26e13c0eef3d8cd6a,2026-04-29,2026-04-30,1,True,False,False,False,False,True,True,5fjych-vattenfall-oy-taysvesi-12-kk,gpz7wy-vattenfall-oy-taysvesi-12-kk,9.7900,9.2200
dated_lineage_sensitivity,Vattenfall Oy,12,observed_seller_data,6e98bcbbd85a13c903f902b1e2c2e09f04c80a2642824ee26e13c0eef3d8cd6a,2026-05-24,2026-05-25,1,True,False,False,False,False,True,True,gpz7wy-vattenfall-oy-taysvesi-12-kk,gdtt85-vattenfall-oy-taysvesi-12-kk,9.2200,10.0900
dated_lineage_sensitivity,Vattenfall Oy,12,observed_seller_data,6e98bcbbd85a13c903f902b1e2c2e09f04c80a2642824ee26e13c0eef3d8cd6a,2026-06-30,2026-07-01,1,True,False,False,False,False,True,True,gdtt85-vattenfall-oy-taysvesi-12-kk,goqtso-vattenfall-oy-taysvesi-12-kk,10.0900,9.6100
dated_lineage_sensitivity,Vattenfall Oy,12,observed_seller_data,6e98bcbbd85a13c903f902b1e2c2e09f04c80a2642824ee26e13c0eef3d8cd6a,2026-07-08,2026-07-09,1,True,False,False,False,False,True,True,goqtso-vattenfall-oy-taysvesi-12-kk,jsvj4c-vattenfall-oy-taysvesi-12-kk,9.6100,10.0900
dated_lineage_sensitivity,Vattenfall Oy,12,observed_seller_data,6e98bcbbd85a13c903f902b1e2c2e09f04c80a2642824ee26e13c0eef3d8cd6a,2026-07-21,2026-07-22,1,False,False,False,False,False,True,True,jsvj4c-vattenfall-oy-taysvesi-12-kk,qezbfw-vattenfall-oy-taysvesi-12-kk,10.0900,10.0900
dated_lineage_sensitivity,Vattenfall Oy,12,observed_seller_data,ea87708ad28df3129ea68f813d9048329aab20f1ec7625cf30e4281f763c30d8,2026-04-29,2026-04-30,1,True,False,False,False,False,True,True,jrqe7w-vattenfall-oy-taystuuli-12-kk,ajr4ke-vattenfall-oy-taystuuli-12-kk,9.7900,9.2200
dated_lineage_sensitivity,Vattenfall Oy,12,observed_seller_data,ea87708ad28df3129ea68f813d9048329aab20f1ec7625cf30e4281f763c30d8,2026-05-24,2026-05-25,1,True,False,False,False,False,True,True,ajr4ke-vattenfall-oy-taystuuli-12-kk,tgdufx-vattenfall-oy-taystuuli-12-kk,9.2200,10.0900
dated_lineage_sensitivity,Vattenfall Oy,12,observed_seller_data,ea87708ad28df3129ea68f813d9048329aab20f1ec7625cf30e4281f763c30d8,2026-06-09,2026-06-10,1,True,False,False,False,False,True,True,tgdufx-vattenfall-oy-taystuuli-12-kk,acgoik-vattenfall-oy-taystuuli-12-kk,10.0900,10.2300
dated_lineage_sensitivity,Vattenfall Oy,12,observed_seller_data,ea87708ad28df3129ea68f813d9048329aab20f1ec7625cf30e4281f763c30d8,2026-06-30,2026-07-01,1,True,False,False,False,False,True,True,acgoik-vattenfall-oy-taystuuli-12-kk,i9senu-vattenfall-oy-taystuuli-12-kk,10.2300,9.6100
dated_lineage_sensitivity,Vattenfall Oy,12,observed_seller_data,ea87708ad28df3129ea68f813d9048329aab20f1ec7625cf30e4281f763c30d8,2026-07-08,2026-07-09,1,True,False,False,False,False,True,True,i9senu-vattenfall-oy-taystuuli-12-kk,lgoeuv-vattenfall-oy-taystuuli-12-kk,9.6100,10.0900
dated_lineage_sensitivity,Vattenfall Oy,12,observed_seller_data,ea87708ad28df3129ea68f813d9048329aab20f1ec7625cf30e4281f763c30d8,2026-07-21,2026-07-22,1,True,False,False,False,False,True,True,lgoeuv-vattenfall-oy-taystuuli-12-kk,dyxylq-vattenfall-oy-taystuuli-12-kk,10.0900,10.7900
dated_lineage_sensitivity,Vattenfall Oy,24,canonical_calculation,009c41cd3db0a35a1985e5b3a19b2d7fbadb38e593c8db20b3b6a8e8095b8daf,2026-08-01,2026-08-05,4,True,False,False,False,False,True,True,mjkxsk-vattenfall-oy-taystuuli-24-kk,nxdabg-vattenfall-oy-taystuuli-24-kk,9.8800,10.2000
dated_lineage_sensitivity,Vattenfall Oy,24,canonical_calculation,009c41cd3db0a35a1985e5b3a19b2d7fbadb38e593c8db20b3b6a8e8095b8daf,2026-08-20,2026-08-22,2,True,False,False,False,False,True,True,nxdabg-vattenfall-oy-taystuuli-24-kk,yoxnoa-vattenfall-oy-taystuuli-24-kk,10.2000,9.9800
dated_lineage_sensitivity,Vattenfall Oy,24,canonical_calculation,009c41cd3db0a35a1985e5b3a19b2d7fbadb38e593c8db20b3b6a8e8095b8daf,2026-08-31,2026-09-02,2,True,False,False,False,False,True,True,yoxnoa-vattenfall-oy-taystuuli-24-kk,wc1aeo-vattenfall-oy-taystuuli-24-kk,9.9800,9.7800
dated_lineage_sensitivity,Vattenfall Oy,24,canonical_calculation,009c41cd3db0a35a1985e5b3a19b2d7fbadb38e593c8db20b3b6a8e8095b8daf,2026-09-09,2026-09-11,2,True,False,False,False,False,True,True,wc1aeo-vattenfall-oy-taystuuli-24-kk,hdgstl-vattenfall-oy-taystuuli-24-kk,9.7800,10.5600
dated_lineage_sensitivity,Vattenfall Oy,24,canonical_calculation,e24dadb476ebc7422b0eff95852dd5e5766b3e3af82d8742ba58f955cc6b18f3,2026-08-01,2026-08-05,4,True,False,False,False,False,True,True,fdqipv-vattenfall-oy-taysvesi-24-kk,lv2s0h-vattenfall-oy-taysvesi-24-kk,9.8800,10.2000
dated_lineage_sensitivity,Vattenfall Oy,24,canonical_calculation,e24dadb476ebc7422b0eff95852dd5e5766b3e3af82d8742ba58f955cc6b18f3,2026-08-20,2026-08-22,2,True,False,False,False,False,True,True,lv2s0h-vattenfall-oy-taysvesi-24-kk,vcv0lp-vattenfall-oy-taysvesi-24-kk,10.2000,9.9800
dated_lineage_sensitivity,Vattenfall Oy,24,canonical_calculation,e24dadb476ebc7422b0eff95852dd5e5766b3e3af82d8742ba58f955cc6b18f3,2026-08-31,2026-09-02,2,True,False,False,False,False,True,True,vcv0lp-vattenfall-oy-taysvesi-24-kk,ewhqdv-vattenfall-oy-taysvesi-24-kk,9.9800,9.7800
dated_lineage_sensitivity,Vattenfall Oy,24,canonical_calculation,e24dadb476ebc7422b0eff95852dd5e5766b3e3af82d8742ba58f955cc6b18f3,2026-09-09,2026-09-11,2,True,False,False,False,False,True,True,ewhqdv-vattenfall-oy-taysvesi-24-kk,wv7xwo-vattenfall-oy-taysvesi-24-kk,9.7800,10.5600
dated_lineage_sensitivity,Vattenfall Oy,24,observed_seller_data,009c41cd3db0a35a1985e5b3a19b2d7fbadb38e593c8db20b3b6a8e8095b8daf,2026-04-23,2026-04-24,1,True,False,False,False,False,True,True,ilxv6l-vattenfall-oy-taystuuli-24-kk,dyd4me-vattenfall-oy-taystuuli-24-kk,8.7500,8.5800
dated_lineage_sensitivity,Vattenfall Oy,24,observed_seller_data,009c41cd3db0a35a1985e5b3a19b2d7fbadb38e593c8db20b3b6a8e8095b8daf,2026-05-10,2026-05-11,1,True,False,False,False,False,True,True,dyd4me-vattenfall-oy-taystuuli-24-kk,8aem08-vattenfall-oy-taystuuli-24-kk,8.5800,8.8300
dated_lineage_sensitivity,Vattenfall Oy,24,observed_seller_data,009c41cd3db0a35a1985e5b3a19b2d7fbadb38e593c8db20b3b6a8e8095b8daf,2026-05-24,2026-05-25,1,True,False,False,False,False,True,True,8aem08-vattenfall-oy-taystuuli-24-kk,fpl0yc-vattenfall-oy-taystuuli-24-kk,8.8300,9.0900
dated_lineage_sensitivity,Vattenfall Oy,24,observed_seller_data,009c41cd3db0a35a1985e5b3a19b2d7fbadb38e593c8db20b3b6a8e8095b8daf,2026-06-09,2026-06-10,1,True,False,False,False,False,True,True,fpl0yc-vattenfall-oy-taystuuli-24-kk,6pfjmm-vattenfall-oy-taystuuli-24-kk,9.0900,9.1600
dated_lineage_sensitivity,Vattenfall Oy,24,observed_seller_data,009c41cd3db0a35a1985e5b3a19b2d7fbadb38e593c8db20b3b6a8e8095b8daf,2026-06-30,2026-07-01,1,True,False,False,False,False,True,True,6pfjmm-vattenfall-oy-taystuuli-24-kk,bsnumd-vattenfall-oy-taystuuli-24-kk,9.1600,7.1400
dated_lineage_sensitivity,Vattenfall Oy,24,observed_seller_data,009c41cd3db0a35a1985e5b3a19b2d7fbadb38e593c8db20b3b6a8e8095b8daf,2026-07-01,2026-07-02,1,True,False,False,False,False,True,True,bsnumd-vattenfall-oy-taystuuli-24-kk,vr659c-vattenfall-oy-taystuuli-24-kk,7.1400,8.9600
dated_lineage_sensitivity,Vattenfall Oy,24,observed_seller_data,009c41cd3db0a35a1985e5b3a19b2d7fbadb38e593c8db20b3b6a8e8095b8daf,2026-07-08,2026-07-09,1,True,False,False,False,False,True,True,vr659c-vattenfall-oy-taystuuli-24-kk,hmrc8y-vattenfall-oy-taystuuli-24-kk,8.9600,9.3900
dated_lineage_sensitivity,Vattenfall Oy,24,observed_seller_data,009c41cd3db0a35a1985e5b3a19b2d7fbadb38e593c8db20b3b6a8e8095b8daf,2026-07-23,2026-07-24,1,True,False,False,False,False,True,True,hmrc8y-vattenfall-oy-taystuuli-24-kk,mjkxsk-vattenfall-oy-taystuuli-24-kk,9.3900,9.8800
dated_lineage_sensitivity,Vattenfall Oy,24,observed_seller_data,e24dadb476ebc7422b0eff95852dd5e5766b3e3af82d8742ba58f955cc6b18f3,2026-04-23,2026-04-24,1,True,False,False,False,False,True,True,c18jam-vattenfall-oy-taysvesi-24-kk,moxvgj-vattenfall-oy-taysvesi-24-kk,8.7500,8.5800
dated_lineage_sensitivity,Vattenfall Oy,24,observed_seller_data,e24dadb476ebc7422b0eff95852dd5e5766b3e3af82d8742ba58f955cc6b18f3,2026-05-10,2026-05-11,1,True,False,False,False,False,True,True,moxvgj-vattenfall-oy-taysvesi-24-kk,4lpz3r-vattenfall-oy-taysvesi-24-kk,8.5800,8.8300
dated_lineage_sensitivity,Vattenfall Oy,24,observed_seller_data,e24dadb476ebc7422b0eff95852dd5e5766b3e3af82d8742ba58f955cc6b18f3,2026-05-24,2026-05-25,1,True,False,False,False,False,True,True,4lpz3r-vattenfall-oy-taysvesi-24-kk,iysoxj-vattenfall-oy-taysvesi-24-kk,8.8300,9.0900
dated_lineage_sensitivity,Vattenfall Oy,24,observed_seller_data,e24dadb476ebc7422b0eff95852dd5e5766b3e3af82d8742ba58f955cc6b18f3,2026-06-09,2026-06-10,1,True,False,False,False,False,True,True,iysoxj-vattenfall-oy-taysvesi-24-kk,onvjwa-vattenfall-oy-taysvesi-24-kk,9.0900,9.1600
dated_lineage_sensitivity,Vattenfall Oy,24,observed_seller_data,e24dadb476ebc7422b0eff95852dd5e5766b3e3af82d8742ba58f955cc6b18f3,2026-06-30,2026-07-01,1,True,False,False,False,False,True,True,onvjwa-vattenfall-oy-taysvesi-24-kk,rf5o8q-vattenfall-oy-taysvesi-24-kk,9.1600,8.9600
dated_lineage_sensitivity,Vattenfall Oy,24,observed_seller_data,e24dadb476ebc7422b0eff95852dd5e5766b3e3af82d8742ba58f955cc6b18f3,2026-07-08,2026-07-09,1,True,False,False,False,False,True,True,rf5o8q-vattenfall-oy-taysvesi-24-kk,35idqf-vattenfall-oy-taysvesi-24-kk,8.9600,9.3900
dated_lineage_sensitivity,Vattenfall Oy,24,observed_seller_data,e24dadb476ebc7422b0eff95852dd5e5766b3e3af82d8742ba58f955cc6b18f3,2026-07-23,2026-07-24,1,True,False,False,False,False,True,True,35idqf-vattenfall-oy-taysvesi-24-kk,fdqipv-vattenfall-oy-taysvesi-24-kk,9.3900,9.8800
dated_lineage_sensitivity,Vihreä Älyenergia Oy,12,canonical_calculation,4fc922da2dbb2f885d67b06d11a2721f2dd0241102759ea7a2e80fdcb36d2d5a,2026-08-05,2026-08-08,3,True,False,False,False,False,True,True,lis8le-vihrea-alyenergia-oy-vankka-kiintea-12-kk,75a4j5-vihrea-alyenergia-oy-vankka-kiintea-12-kk,10.4900,11.4900
dated_lineage_sensitivity,Vihreä Älyenergia Oy,24,canonical_calculation,31d7906c8810ac1e2ed788ce94a83157bab0d770befac878a6a592f422b5162d,2026-08-05,2026-08-08,3,True,False,False,False,False,True,True,pgkbdj-vihrea-alyenergia-oy-vankka-kiintea-24-kk,j4egtj-vihrea-alyenergia-oy-vankka-kiintea-24-kk,10.1400,11.1400
dated_lineage_sensitivity,Äänekosken Energia Oy,6,canonical_calculation,7645d5bec2e18bd531668a2aa6a97d7b70010513357b1bbb7f3bd7886678e463,2026-07-30,2026-08-01,2,True,False,False,False,False,True,True,nwp0pg-aanekosken-energia-oy-maalaisjarkisahko-yleissahko-6-kk-paastoton,56ocis-aanekosken-energia-oy-maalaisjarkisahko-yleissahko-6-kk-paastoton,11.2000,11.9000
dated_lineage_sensitivity,Äänekosken Energia Oy,6,canonical_calculation,7645d5bec2e18bd531668a2aa6a97d7b70010513357b1bbb7f3bd7886678e463,2026-08-10,2026-08-12,2,True,False,False,False,False,True,True,56ocis-aanekosken-energia-oy-maalaisjarkisahko-yleissahko-6-kk-paastoton,4cuxbr-aanekosken-energia-oy-maalaisjarkisahko-yleissahko-6-kk-paastoton,11.9000,12.9000
dated_lineage_sensitivity,Äänekosken Energia Oy,12,canonical_calculation,6500591837484c594343eee9c53913615480f3def9787211e738c376c1cc1383,2026-07-30,2026-08-01,2,True,False,False,False,False,True,True,rc3xem-aanekosken-energia-oy-maalaisjarkisahko-yleissahko-12-kk-paastoton,g7lm6n-aanekosken-energia-oy-maalaisjarkisahko-yleissahko-12-kk-paastoton,10.2000,10.6000
dated_lineage_sensitivity,Äänekosken Energia Oy,12,canonical_calculation,6500591837484c594343eee9c53913615480f3def9787211e738c376c1cc1383,2026-09-09,2026-09-11,2,True,False,False,False,False,True,True,g7lm6n-aanekosken-energia-oy-maalaisjarkisahko-yleissahko-12-kk-paastoton,ie1qlm-aanekosken-energia-oy-maalaisjarkisahko-yleissahko-12-kk-paastoton,10.6000,11.5000
dated_lineage_sensitivity,Äänekosken Energia Oy,24,canonical_calculation,ab0c8f52c1b4d595e874ceda70a9870ee2fdabee402ec934dc55bfce93a243a0,2026-07-30,2026-08-01,2,True,False,False,False,False,True,True,zujknd-aanekosken-energia-oy-maalaisjarkisahko-yleissahko-24-kk-paastoton,srqqap-aanekosken-energia-oy-maalaisjarkisahko-yleissahko-24-kk-paastoton,9.3000,9.5000
dated_lineage_sensitivity,Äänekosken Energia Oy,24,canonical_calculation,ab0c8f52c1b4d595e874ceda70a9870ee2fdabee402ec934dc55bfce93a243a0,2026-08-10,2026-08-12,2,True,False,False,False,False,True,True,srqqap-aanekosken-energia-oy-maalaisjarkisahko-yleissahko-24-kk-paastoton,bdvpxy-aanekosken-energia-oy-maalaisjarkisahko-yleissahko-24-kk-paastoton,9.5000,9.8000
