protocol,window,horizon,model,term,n,issue_days,first_issue,last_issue,mae,rmse,bias,direction_accuracy,skill,overlapping_issue_pairs,total_issue_pairs
frozen_transfer,7,14,basket,12,28,28,2026-08-03,2026-08-30,0.2885530417488383,0.32136992511040463,0.15028006804699154,0.32142857142857145,-0.43449126803747373,273,378
frozen_transfer,7,14,basket,24,28,28,2026-08-03,2026-08-30,0.24818533984873742,0.25987681394327383,0.1953314881496316,0.21428571428571427,-1.7628775110387394,273,378
frozen_transfer,7,14,basket,6,28,28,2026-08-03,2026-08-30,0.4491484314498494,0.5593473447260147,-0.3482227052424633,0.6071428571428571,0.2207357511171555,273,378
frozen_transfer,7,14,basket,all,84,28,2026-08-03,2026-08-30,0.32862893768247503,0.40153208225612436,-0.000870383015280053,0.38095238095238093,-0.13665612967668173,273,378
frozen_transfer,7,14,basket_abstain,12,28,28,2026-08-03,2026-08-30,0.2885530417488383,0.32136992511040463,0.15028006804699154,0.32142857142857145,-0.43449126803747373,273,378
frozen_transfer,7,14,basket_abstain,24,28,28,2026-08-03,2026-08-30,0.24818533984873742,0.25987681394327383,0.1953314881496316,0.21428571428571427,-1.7628775110387394,273,378
frozen_transfer,7,14,basket_abstain,6,28,28,2026-08-03,2026-08-30,0.47023513459502425,0.581101865570735,-0.36930940838763815,0.6071428571428571,0.1841507098763403,273,378
frozen_transfer,7,14,basket_abstain,all,84,28,2026-08-03,2026-08-30,0.33565783873086663,0.4117013340438926,-0.007899284063671675,0.38095238095238093,-0.16096757199179712,273,378
frozen_transfer,7,14,gap,12,28,28,2026-08-03,2026-08-30,0.20388571428571467,0.3128599915069268,-0.15132142857142852,0.6428571428571429,-0.01358237309802468,273,378
frozen_transfer,7,14,gap,24,28,28,2026-08-03,2026-08-30,0.10468214285714243,0.1863973396116094,-0.09848214285714242,0.7857142857142857,-0.1653546437658968,273,378
frozen_transfer,7,14,gap,6,28,28,2026-08-03,2026-08-30,0.6478535714285716,0.7670754318932956,-0.646432142857143,0.14285714285714285,-0.12401400377978189,273,378
frozen_transfer,7,14,gap,all,84,28,2026-08-03,2026-08-30,0.3188071428571429,0.4902482570814798,-0.298745238095238,0.5238095238095238,-0.10268467429794925,273,378
frozen_transfer,7,14,retail,12,28,28,2026-08-03,2026-08-30,0.29501601619627804,0.32128630862226,0.18530967762443837,0.32142857142857145,-0.4666208215996619,273,378
frozen_transfer,7,14,retail,24,28,28,2026-08-03,2026-08-30,0.2568672481050714,0.2665594241580388,0.22068198563720082,0.21428571428571427,-1.8595272530780806,273,378
frozen_transfer,7,14,retail,6,28,28,2026-08-03,2026-08-30,0.40508195884640597,0.533392730713621,-0.2916461970743631,0.8214285714285714,0.29719026875487997,273,378
frozen_transfer,7,14,retail,all,84,28,2026-08-03,2026-08-30,0.31898840771591846,0.39106121596399573,0.038115155395758694,0.4523809523809524,-0.10331163008058719,273,378
frozen_transfer,7,14,rolling,12,28,28,2026-08-03,2026-08-30,0.28031635951581174,0.31277768617628116,0.13593440959042116,0.32142857142857145,-0.39354403466482957,273,378
frozen_transfer,7,14,rolling,24,28,28,2026-08-03,2026-08-30,0.24049398416448492,0.25189421413881674,0.18689475089917088,0.21428571428571427,-1.67725491277257,273,378
frozen_transfer,7,14,rolling,6,28,28,2026-08-03,2026-08-30,0.3988811037017821,0.4758362262440949,-0.3083578271793554,0.6071428571428571,0.3079486381231279,273,378
frozen_transfer,7,14,rolling,all,84,28,2026-08-03,2026-08-30,0.30656381579402625,0.35949070006173167,0.004823777770078882,0.38095238095238093,-0.06033766477386959,273,378
frozen_transfer,7,14,unchanged,12,28,28,2026-08-03,2026-08-30,0.20115357142857165,0.288452151887573,-0.11617499999999982,0.6428571428571429,0.0,273,378
frozen_transfer,7,14,unchanged,24,28,28,2026-08-03,2026-08-30,0.08982857142857156,0.1731565682925636,-0.08625714285714281,0.7857142857142857,0.0,273,378
frozen_transfer,7,14,unchanged,6,28,28,2026-08-03,2026-08-30,0.5763749999999999,0.7268903849864259,-0.5742321428571427,0.17857142857142858,0.0,273,378
frozen_transfer,7,14,unchanged,all,84,28,2026-08-03,2026-08-30,0.2891190476190477,0.4624418784586675,-0.25888809523809514,0.5357142857142857,0.0,273,378
frozen_transfer,7,30,basket,12,12,12,2026-08-03,2026-08-14,0.31918417899481405,0.3762391830735775,0.31070671916638054,0.75,-0.09456466948754683,66,66
frozen_transfer,7,30,basket,24,12,12,2026-08-03,2026-08-14,0.4014482111769568,0.4443404480515196,0.4014482111769568,0.5,-1.0049854472566206,66,66
frozen_transfer,7,30,basket,6,12,12,2026-08-03,2026-08-14,0.7366505004898678,0.7590746395148721,-0.7366505004898678,1,0.4478054779724263,66,66
frozen_transfer,7,30,basket,all,36,12,2026-08-03,2026-08-14,0.48576096355387954,0.5523249843492299,-0.008165190048843477,0.75,0.2018714913881624,66,66
frozen_transfer,7,30,basket_abstain,12,12,12,2026-08-03,2026-08-14,0.31918417899481405,0.3762391830735775,0.31070671916638054,0.75,-0.09456466948754683,66,66
frozen_transfer,7,30,basket_abstain,24,12,12,2026-08-03,2026-08-14,0.4014482111769568,0.4443404480515196,0.4014482111769568,0.5,-1.0049854472566206,66,66
frozen_transfer,7,30,basket_abstain,6,12,12,2026-08-03,2026-08-14,0.7366505004898678,0.7590746395148721,-0.7366505004898678,1,0.4478054779724263,66,66
frozen_transfer,7,30,basket_abstain,all,36,12,2026-08-03,2026-08-14,0.48576096355387954,0.5523249843492299,-0.008165190048843477,0.75,0.2018714913881624,66,66
frozen_transfer,7,30,gap,12,12,12,2026-08-03,2026-08-14,0.3573333333333335,0.40156612780462436,-0.3573333333333335,0.25,-0.2253879347298049,66,66
frozen_transfer,7,30,gap,24,12,12,2026-08-03,2026-08-14,0.2156416666666665,0.27822910972793624,-0.2156416666666665,0.5,-0.07699671203229652,66,66
frozen_transfer,7,30,gap,6,12,12,2026-08-03,2026-08-14,1.3978000000000004,1.405900181971205,-1.3978000000000004,0.08333333333333333,-0.04779335977761856,66,66
frozen_transfer,7,30,gap,all,36,12,2026-08-03,2026-08-14,0.6569250000000001,0.859306331519144,-0.6569250000000001,0.2777777777777778,-0.0793592113370305,66,66
frozen_transfer,7,30,retail,12,12,12,2026-08-03,2026-08-14,0.3298974542301258,0.39346762275419345,0.3239758646059609,0.75,-0.1313032465811772,66,66
frozen_transfer,7,30,retail,24,12,12,2026-08-03,2026-08-14,0.4040756623827705,0.4448954376679999,0.4040756623827705,0.5,-1.018107940480812,66,66
frozen_transfer,7,30,retail,6,12,12,2026-08-03,2026-08-14,0.70429074906258,0.7443582067845531,-0.70429074906258,1,0.4720624050503819,66,66
frozen_transfer,7,30,retail,all,36,12,2026-08-03,2026-08-14,0.4794212885584921,0.5497932522385582,0.007920259308717105,0.75,0.21228788078292515,66,66
frozen_transfer,7,30,rolling,12,12,12,2026-08-03,2026-08-14,0.2973591582807657,0.3506033412197959,0.285710654198035,0.75,-0.01972105831714699,66,66
frozen_transfer,7,30,rolling,24,12,12,2026-08-03,2026-08-14,0.3971469889597306,0.4420475932457482,0.3971469889597306,0.5,-0.9835035033573765,66,66
frozen_transfer,7,30,rolling,6,12,12,2026-08-03,2026-08-14,0.6144937906570183,0.6365807920293465,-0.6144937906570183,1,0.5393743643761615,66,66
frozen_transfer,7,30,rolling,all,36,12,2026-08-03,2026-08-14,0.43633331263250485,0.49110890928915596,0.02278795083358244,0.75,0.28308348715135767,66,66
frozen_transfer,7,30,unchanged,12,12,12,2026-08-03,2026-08-14,0.291608333333333,0.36381292239281404,-0.29107499999999975,0.25,0.0,66,66
frozen_transfer,7,30,unchanged,24,12,12,2026-08-03,2026-08-14,0.20022499999999996,0.27184665867605096,-0.20022499999999996,0.5,0.0,66,66
frozen_transfer,7,30,unchanged,6,12,12,2026-08-03,2026-08-14,1.3340416666666666,1.3543801069739125,-1.3340416666666666,0,0.0,66,66
frozen_transfer,7,30,unchanged,all,36,12,2026-08-03,2026-08-14,0.6086249999999999,0.8247435808581153,-0.6084472222222221,0.25,0.0,66,66
frozen_transfer,14,14,basket,12,21,21,2026-08-10,2026-08-30,0.31562523757776384,0.32504515955281477,0.17959503704324442,0.23809523809523808,-0.5692710157286331,182,210
frozen_transfer,14,14,basket,24,21,21,2026-08-10,2026-08-30,0.2579234466216955,0.269919298286455,0.21104097526564955,0.23809523809523808,-1.4715456897356134,182,210
frozen_transfer,14,14,basket,6,21,21,2026-08-10,2026-08-30,0.23745631130670883,0.29250093146081,-0.17768099139826946,0.9047619047619048,0.3855559000639648,182,210
frozen_transfer,14,14,basket,all,63,21,2026-08-10,2026-08-30,0.27033499850205606,0.29668590475540996,0.07098500697020817,0.4603174603174603,-0.17206932210404946,182,210
frozen_transfer,14,14,basket_abstain,12,21,21,2026-08-10,2026-08-30,0.31562523757776384,0.32504515955281477,0.17959503704324442,0.23809523809523808,-0.5692710157286331,182,210
frozen_transfer,14,14,basket_abstain,24,21,21,2026-08-10,2026-08-30,0.2579234466216955,0.269919298286455,0.21104097526564955,0.23809523809523808,-1.4715456897356134,182,210
frozen_transfer,14,14,basket_abstain,6,21,21,2026-08-10,2026-08-30,0.23898690877990725,0.2927340864019471,-0.190436108210785,0.9047619047619048,0.38159531219157494,182,210
frozen_transfer,14,14,basket_abstain,all,63,21,2026-08-10,2026-08-30,0.27084519765978887,0.2967625474335498,0.06673330136603632,0.4603174603174603,-0.17428135082491591,182,210
frozen_transfer,14,14,gap,12,21,21,2026-08-10,2026-08-30,0.19907619047619082,0.32432790285670543,-0.12899047619047593,0.7142857142857143,0.010204323223714007,182,210
frozen_transfer,14,14,gap,24,21,21,2026-08-10,2026-08-30,0.11784285714285682,0.21007531189234635,-0.10957619047619013,0.7619047619047619,-0.12922655715263054,182,210
frozen_transfer,14,14,gap,6,21,21,2026-08-10,2026-08-30,0.4655095238095238,0.5344053049886388,-0.46361428571428576,0.14285714285714285,-0.20455665631623088,182,210
frozen_transfer,14,14,gap,all,63,21,2026-08-10,2026-08-30,0.2608095238095238,0.3807489353183167,-0.23406031746031727,0.5396825396825397,-0.1307705012800391,182,210
frozen_transfer,14,14,retail,12,21,21,2026-08-10,2026-08-30,0.3240826496762634,0.33475333047086936,0.20324952154740303,0.23809523809523808,-0.6113207953219968,182,210
frozen_transfer,14,14,retail,24,21,21,2026-08-10,2026-08-30,0.26866845023970004,0.2806086302634314,0.22771170385942188,0.23809523809523808,-1.5745094478821322,182,210
frozen_transfer,14,14,retail,6,21,21,2026-08-10,2026-08-30,0.23533887150720217,0.2712292337693904,-0.13361956333445926,0.7619047619047619,0.391035006450386,182,210
frozen_transfer,14,14,retail,all,63,21,2026-08-10,2026-08-30,0.27602999047438853,0.29685366366319776,0.09911388735745522,0.4126984126984127,-0.1967606325795186,182,210
frozen_transfer,14,14,rolling,12,21,21,2026-08-10,2026-08-30,0.30170718162578664,0.31209225252723316,0.16058095937048,0.23809523809523808,-0.500071220527383,182,210
frozen_transfer,14,14,rolling,24,21,21,2026-08-10,2026-08-30,0.24937875112383914,0.26091161687101005,0.19868695682856186,0.23809523809523808,-1.3896663352044785,182,210
frozen_transfer,14,14,rolling,6,21,21,2026-08-10,2026-08-30,0.20372740302527784,0.27001433730551067,-0.16945882765533857,0.9523809523809523,0.4728331283539312,182,210
frozen_transfer,14,14,rolling,all,63,21,2026-08-10,2026-08-30,0.2516044452583012,0.28188897829719006,0.06326969618123444,0.47619047619047616,-0.09086079577676154,182,210
frozen_transfer,14,14,unchanged,12,21,21,2026-08-10,2026-08-30,0.20112857142857182,0.30498545710839914,-0.11245238095238076,0.7142857142857143,0.0,182,210
frozen_transfer,14,14,unchanged,24,21,21,2026-08-10,2026-08-30,0.10435714285714301,0.19527371875932356,-0.10102380952380965,0.7619047619047619,0.0,182,210
frozen_transfer,14,14,unchanged,6,21,21,2026-08-10,2026-08-30,0.3864571428571427,0.4625079294043561,-0.38359999999999994,0.23809523809523808,0.0,182,210
frozen_transfer,14,14,unchanged,all,63,21,2026-08-10,2026-08-30,0.23064761904761918,0.33914674259953187,-0.19902539682539677,0.5714285714285714,0.0,182,210
frozen_transfer,14,30,basket,12,5,5,2026-08-10,2026-08-14,0.16790877550613417,0.23592148359940412,0.15667902834303507,1,0.6519015351477437,10,10
frozen_transfer,14,30,basket,24,5,5,2026-08-10,2026-08-14,0.23742598681113686,0.29502034272436917,0.23742598681113686,1,0.358308143753684,10,10
frozen_transfer,14,30,basket,6,5,5,2026-08-10,2026-08-14,0.570356433028673,0.5765513843618655,-0.570356433028673,1,0.541794054252488,10,10
frozen_transfer,14,30,basket,all,15,5,2026-08-10,2026-08-14,0.32523039844864804,0.3979562152861089,-0.0587504726248337,1,0.5347470839313229,10,10
frozen_transfer,14,30,basket_abstain,12,5,5,2026-08-10,2026-08-14,0.16790877550613417,0.23592148359940412,0.15667902834303507,1,0.6519015351477437,10,10
frozen_transfer,14,30,basket_abstain,24,5,5,2026-08-10,2026-08-14,0.23742598681113686,0.29502034272436917,0.23742598681113686,1,0.358308143753684,10,10
frozen_transfer,14,30,basket_abstain,6,5,5,2026-08-10,2026-08-14,0.570356433028673,0.5765513843618655,-0.570356433028673,1,0.541794054252488,10,10
frozen_transfer,14,30,basket_abstain,all,15,5,2026-08-10,2026-08-14,0.32523039844864804,0.3979562152861089,-0.0587504726248337,1,0.5347470839313229,10,10
frozen_transfer,14,30,gap,12,5,5,2026-08-10,2026-08-14,0.5140199999999997,0.5373658772196086,-0.5140199999999997,0,-0.0656356248445149,10,10
frozen_transfer,14,30,gap,24,5,5,2026-08-10,2026-08-14,0.37445999999999985,0.4109492499080634,-0.37445999999999985,0,-0.012054054054053909,10,10
frozen_transfer,14,30,gap,6,5,5,2026-08-10,2026-08-14,1.32952,1.3306851333053964,-1.32952,0,-0.06809344773289627,10,10
frozen_transfer,14,30,gap,all,15,5,2026-08-10,2026-08-14,0.7393333333333332,0.8618515525696212,-0.7393333333333332,0,-0.05764095521477075,10,10
frozen_transfer,14,30,retail,12,5,5,2026-08-10,2026-08-14,0.16009988173165196,0.23818932027211945,0.16009988173165196,1,0.6680904682567955,10,10
frozen_transfer,14,30,retail,24,5,5,2026-08-10,2026-08-14,0.2359417949044798,0.29159602782274247,0.2359417949044798,1,0.36231947323113556,10,10
frozen_transfer,14,30,retail,6,5,5,2026-08-10,2026-08-14,0.5559542177058189,0.5577259190078794,-0.5559542177058189,1,0.5533643291029444,10,10
frozen_transfer,14,30,retail,all,15,5,2026-08-10,2026-08-14,0.31733196478065023,0.3885102300098328,-0.053304180356562376,1,0.5460460563334713,10,10
frozen_transfer,14,30,rolling,12,5,5,2026-08-10,2026-08-14,0.15730642069528386,0.20385083287630712,0.10931956839529186,1,0.6738817051677501,10,10
frozen_transfer,14,30,rolling,24,5,5,2026-08-10,2026-08-14,0.23356316690517423,0.29091359063732747,0.23356316690517423,1,0.368748197553583,10,10
frozen_transfer,14,30,rolling,6,5,5,2026-08-10,2026-08-14,0.35586002099227465,0.36626909363566296,-0.35586002099227465,1,0.714113547196026,10,10
frozen_transfer,14,30,rolling,all,15,5,2026-08-10,2026-08-14,0.2489098695309109,0.294583846714059,-0.00432576189726952,1,0.6439261422366231,10,10
frozen_transfer,14,30,unchanged,12,5,5,2026-08-10,2026-08-14,0.48235999999999957,0.5114554956200974,-0.48235999999999957,0,0.0,10,10
frozen_transfer,14,30,unchanged,24,5,5,2026-08-10,2026-08-14,0.36999999999999994,0.4054873610853982,-0.36999999999999994,0,0.0,10,10
frozen_transfer,14,30,unchanged,6,5,5,2026-08-10,2026-08-14,1.24476,1.2454118772518594,-1.24476,0,0.0,10,10
frozen_transfer,14,30,unchanged,all,15,5,2026-08-10,2026-08-14,0.6990399999999999,0.8117999482631173,-0.6990399999999999,0,0.0,10,10
rolling_observed_seller_data,7,14,basket,12,51,51,2026-05-23,2026-07-12,0.30622837826194804,0.398144657440736,0.19877627010458182,0.5490196078431373,0.017634463998027483,572,1275
rolling_observed_seller_data,7,14,basket,24,51,51,2026-05-23,2026-07-12,0.25069840154378664,0.30055936388636056,0.17365460685937262,0.47058823529411764,-0.35283234353329007,572,1275
rolling_observed_seller_data,7,14,basket,6,51,51,2026-05-23,2026-07-12,0.7208372530457814,0.8911581685541269,-0.3760892392212305,0.6078431372549019,0.09117720729736889,572,1275
rolling_observed_seller_data,7,14,basket,all,153,51,2026-05-23,2026-07-12,0.4259213442838387,0.5896377364815113,-0.0012194540857586838,0.5424836601307189,0.009634274893619232,572,1275
rolling_observed_seller_data,7,14,basket_abstain,12,51,51,2026-05-23,2026-07-12,0.30622837826194804,0.398144657440736,0.19877627010458182,0.5490196078431373,0.017634463998027483,572,1275
rolling_observed_seller_data,7,14,basket_abstain,24,51,51,2026-05-23,2026-07-12,0.25069840154378664,0.30055936388636056,0.17365460685937262,0.47058823529411764,-0.35283234353329007,572,1275
rolling_observed_seller_data,7,14,basket_abstain,6,51,51,2026-05-23,2026-07-12,0.7263469484315233,0.9014778731365471,-0.38159893460697236,0.6078431372549019,0.08423065073934832,572,1275
rolling_observed_seller_data,7,14,basket_abstain,all,153,51,2026-05-23,2026-07-12,0.4277579094124193,0.594843804490772,-0.003056019214339308,0.5424836601307189,0.005363835809778172,572,1275
rolling_observed_seller_data,7,14,gap,12,51,51,2026-05-23,2026-07-12,0.28709019607843134,0.31684568644626965,-0.1331176470588237,0.1568627450980392,0.07902880865517636,572,1275
rolling_observed_seller_data,7,14,gap,24,51,51,2026-05-23,2026-07-12,0.1706156862745098,0.23726060876299776,-0.135058823529412,0.5294117647058824,0.07931435826896593,572,1275
rolling_observed_seller_data,7,14,gap,6,51,51,2026-05-23,2026-07-12,0.7589999999999998,0.9939131435204713,-0.7222588235294117,0.3137254901960784,0.04306208267306788,572,1275
rolling_observed_seller_data,7,14,gap,all,153,51,2026-05-23,2026-07-12,0.4055686274509803,0.6176695778901373,-0.3301450980392158,0.3333333333333333,0.05695905312925986,572,1275
rolling_observed_seller_data,7,14,retail,12,51,51,2026-05-23,2026-07-12,0.31840984512481946,0.4049485340287212,0.1975632768002713,0.5490196078431373,-0.021443080976588424,572,1275
rolling_observed_seller_data,7,14,retail,24,51,51,2026-05-23,2026-07-12,0.27729284861876236,0.31213878462672695,0.18135910813611306,0.47058823529411764,-0.49634274463621697,572,1275
rolling_observed_seller_data,7,14,retail,6,51,51,2026-05-23,2026-07-12,0.7477308381557993,0.8914185305967147,-0.38358236076701274,0.6470588235294118,0.057270104102856156,572,1275
rolling_observed_seller_data,7,14,retail,all,153,51,2026-05-23,2026-07-12,0.4478111772997937,0.5933073775515989,-0.0015533252768761341,0.5555555555555556,-0.04126465430598625,572,1275
rolling_observed_seller_data,7,14,rolling,12,51,51,2026-05-23,2026-07-12,0.28507160892178307,0.3665853460266122,0.17191087960573778,0.5490196078431373,0.08550433670833157,572,1275
rolling_observed_seller_data,7,14,rolling,24,51,51,2026-05-23,2026-07-12,0.23190493361272027,0.2784687889229416,0.15771151839837214,0.47058823529411764,-0.25141801018397403,572,1275
rolling_observed_seller_data,7,14,rolling,6,51,51,2026-05-23,2026-07-12,0.6562426494584188,0.8459195699841131,-0.34995203247195406,0.6274509803921569,0.17261729349954213,572,1275
rolling_observed_seller_data,7,14,rolling,all,153,51,2026-05-23,2026-07-12,0.39107306399764075,0.5560304551634343,-0.006776544822614719,0.5490196078431373,0.09066459384225423,572,1275
rolling_observed_seller_data,7,14,unchanged,12,51,51,2026-05-23,2026-07-12,0.31172549019607826,0.34135632007464256,-0.1259960784313725,0.1568627450980392,0.0,572,1275
rolling_observed_seller_data,7,14,unchanged,24,51,51,2026-05-23,2026-07-12,0.185313725490196,0.2533936169244189,-0.1342078431372549,0.5294117647058824,0.0,572,1275
rolling_observed_seller_data,7,14,unchanged,6,51,51,2026-05-23,2026-07-12,0.7931549019607841,1.0385906935956675,-0.7099078431372549,0.19607843137254902,0.0,572,1275
rolling_observed_seller_data,7,14,unchanged,all,153,51,2026-05-23,2026-07-12,0.4300647058823528,0.6479205432706674,-0.3233705882352941,0.29411764705882354,0.0,572,1275
rolling_observed_seller_data,7,30,basket,12,19,19,2026-06-08,2026-06-26,0.46724807054775,0.5246793742557678,0.14053928538352534,0.3157894736842105,-0.6010014860700905,171,171
rolling_observed_seller_data,7,30,basket,24,19,19,2026-06-08,2026-06-26,0.31574189342684517,0.4348292625619853,0.23627968568412883,0.5789473684210527,-0.03502285590484244,171,171
rolling_observed_seller_data,7,30,basket,6,19,19,2026-06-08,2026-06-26,0.9345871747558757,1.1893752120910412,-0.02759765061659833,0.8421052631578947,-0.14174840993542226,171,171
rolling_observed_seller_data,7,30,basket,all,57,19,2026-06-08,2026-06-26,0.572525712910157,0.7914076759138815,0.11640710681701862,0.5789473684210527,-0.21343825104220926,171,171
rolling_observed_seller_data,7,30,basket_abstain,12,19,19,2026-06-08,2026-06-26,0.47824898780752756,0.5349553079397369,0.12953836812374783,0.3157894736842105,-0.6386955633519742,171,171
rolling_observed_seller_data,7,30,basket_abstain,24,19,19,2026-06-08,2026-06-26,0.31574189342684517,0.4348292625619853,0.23627968568412883,0.5789473684210527,-0.03502285590484244,171,171
rolling_observed_seller_data,7,30,basket_abstain,6,19,19,2026-06-08,2026-06-26,0.9419095512077967,1.1946775712583195,-0.034920027068519335,0.8421052631578947,-0.15069386938184937,171,171
rolling_observed_seller_data,7,30,basket_abstain,all,57,19,2026-06-08,2026-06-26,0.5786334774807231,0.7963475305712484,0.11029934224645244,0.5789473684210527,-0.22638333803334731,171,171
rolling_observed_seller_data,7,30,gap,12,19,19,2026-06-08,2026-06-26,0.30558947368421074,0.40281017470032365,-0.2669578947368422,0.42105263157894735,-0.0470866170132207,171,171
rolling_observed_seller_data,7,30,gap,24,19,19,2026-06-08,2026-06-26,0.31450526315789484,0.3862091947445882,-0.2920631578947371,0.42105263157894735,-0.030969099912010023,171,171
rolling_observed_seller_data,7,30,gap,6,19,19,2026-06-08,2026-06-26,0.9186210526315786,0.971350482033837,-0.9186210526315786,0,-0.12224322621298067,171,171
rolling_observed_seller_data,7,30,gap,all,57,19,2026-06-08,2026-06-26,0.5129052631578948,0.6467702677908481,-0.4925473684210526,0.2807017543859649,-0.08707583160431098,171,171
rolling_observed_seller_data,7,30,retail,12,19,19,2026-06-08,2026-06-26,0.5038631897473761,0.6318674679550498,0.3661421971097352,0.47368421052631576,-0.7264613091197913,171,171
rolling_observed_seller_data,7,30,retail,24,19,19,2026-06-08,2026-06-26,0.41530486374862435,0.5501740600609418,0.4023666721038346,0.5789473684210527,-0.36139687224579653,171,171
rolling_observed_seller_data,7,30,retail,6,19,19,2026-06-08,2026-06-26,1.0012168798167582,1.411683146044363,0.34707067866397245,1,-0.223147301191982,171,171
rolling_observed_seller_data,7,30,retail,all,57,19,2026-06-08,2026-06-26,0.640128311104253,0.9477688357839124,0.3718598492925141,0.6842105263157895,-0.3567184158780996,171,171
rolling_observed_seller_data,7,30,rolling,12,19,19,2026-06-08,2026-06-26,0.4787519402151441,0.5376444386745315,0.17717456531137799,0.3684210526315789,-0.6404189039129586,171,171
rolling_observed_seller_data,7,30,rolling,24,19,19,2026-06-08,2026-06-26,0.32536268787292894,0.44935030869487635,0.25839545076832215,0.5789473684210527,-0.06656045782261333,171,171
rolling_observed_seller_data,7,30,rolling,6,19,19,2026-06-08,2026-06-26,0.9245316970462114,1.1946796700398141,0.02416674595270321,0.8947368421052632,-0.1294640281289321,171,171
rolling_observed_seller_data,7,30,rolling,all,57,19,2026-06-08,2026-06-26,0.5762154417114281,0.7996325732001901,0.15324558734413446,0.6140350877192983,-0.22125843791325206,171,171
rolling_observed_seller_data,7,30,unchanged,12,19,19,2026-06-08,2026-06-26,0.29184736842105236,0.38510882877441266,-0.22711052631578954,0.42105263157894735,0.0,171,171
rolling_observed_seller_data,7,30,unchanged,24,19,19,2026-06-08,2026-06-26,0.30505789473684214,0.37051270665049235,-0.2655842105263158,0.42105263157894735,0.0,171,171
rolling_observed_seller_data,7,30,unchanged,6,19,19,2026-06-08,2026-06-26,0.8185578947368416,0.8944520098332475,-0.8185578947368416,0,0.0,171,171
rolling_observed_seller_data,7,30,unchanged,all,57,19,2026-06-08,2026-06-26,0.4718210526315787,0.6015626522328353,-0.4370842105263157,0.2807017543859649,0.0,171,171
rolling_observed_seller_data,14,14,basket,12,47,47,2026-05-27,2026-07-12,0.35093397075679394,0.45814720899141753,0.2718442976573693,0.5106382978723404,-0.14748931226523943,520,1081
rolling_observed_seller_data,14,14,basket,24,47,47,2026-05-27,2026-07-12,0.30806362759160266,0.35338587423288403,0.22816525858064687,0.425531914893617,-0.6568625551340381,520,1081
rolling_observed_seller_data,14,14,basket,6,47,47,2026-05-27,2026-07-12,0.734776446033878,0.881779017383301,-0.18202157093737772,0.6382978723404256,-0.03228244223026144,520,1081
rolling_observed_seller_data,14,14,basket,all,141,47,2026-05-27,2026-07-12,0.46459134812742486,0.6089101402537228,0.10599599510021282,0.524822695035461,-0.15804529985516225,520,1081
rolling_observed_seller_data,14,14,basket_abstain,12,47,47,2026-05-27,2026-07-12,0.35093397075679394,0.45814720899141753,0.2718442976573693,0.5106382978723404,-0.14748931226523943,520,1081
rolling_observed_seller_data,14,14,basket_abstain,24,47,47,2026-05-27,2026-07-12,0.30806362759160266,0.35338587423288403,0.22816525858064687,0.425531914893617,-0.6568625551340381,520,1081
rolling_observed_seller_data,14,14,basket_abstain,6,47,47,2026-05-27,2026-07-12,0.7329268012791262,0.8816668570801457,-0.1838712156921295,0.6382978723404256,-0.029683888867535035,520,1081
rolling_observed_seller_data,14,14,basket_abstain,all,141,47,2026-05-27,2026-07-12,0.46397479987584095,0.6088560005145025,0.10537944684862888,0.524822695035461,-0.15650848517327365,520,1081
rolling_observed_seller_data,14,14,gap,12,47,47,2026-05-27,2026-07-12,0.27636170212765954,0.30722163667709534,-0.10928510638297892,0.1702127659574468,0.09634824230027994,520,1081
rolling_observed_seller_data,14,14,gap,24,47,47,2026-05-27,2026-07-12,0.16834893617021277,0.24011060926342076,-0.12976595744680877,0.574468085106383,0.09456675973817874,520,1081
rolling_observed_seller_data,14,14,gap,6,47,47,2026-05-27,2026-07-12,0.6704468085106381,0.8923280860711991,-0.6305787234042552,0.3404255319148936,0.05809382893183268,520,1081
rolling_observed_seller_data,14,14,gap,all,141,47,2026-05-27,2026-07-12,0.37171914893617014,0.5622240513991119,-0.289876595744681,0.3617021276595745,0.07344892446506068,520,1081
rolling_observed_seller_data,14,14,retail,12,47,47,2026-05-27,2026-07-12,0.34621270022859973,0.4322941608859954,0.2503920870131068,0.5106382978723404,-0.132051629045993,520,1081
rolling_observed_seller_data,14,14,retail,24,47,47,2026-05-27,2026-07-12,0.3076364022629662,0.33904505796732626,0.2185403551360693,0.425531914893617,-0.6545648036754952,520,1081
rolling_observed_seller_data,14,14,retail,6,47,47,2026-05-27,2026-07-12,0.7102618365133603,0.8416507162476328,-0.22378573872545454,0.6170212765957447,0.002157966308629744,520,1081
rolling_observed_seller_data,14,14,retail,all,141,47,2026-05-27,2026-07-12,0.4547036463349754,0.5802889283303471,0.08171556780790719,0.5177304964539007,-0.13339910996534332,520,1081
rolling_observed_seller_data,14,14,rolling,12,47,47,2026-05-27,2026-07-12,0.3152498805241392,0.41483493572221136,0.22994087322310683,0.5106382978723404,-0.030808923440023506,520,1081
rolling_observed_seller_data,14,14,rolling,24,47,47,2026-05-27,2026-07-12,0.27655405244047265,0.3185708050369986,0.19975845237587664,0.425531914893617,-0.4873942034034673,520,1081
rolling_observed_seller_data,14,14,rolling,6,47,47,2026-05-27,2026-07-12,0.6664838230713757,0.8312341886256722,-0.19972947075267042,0.6382978723404256,0.06366140027934453,520,1081
rolling_observed_seller_data,14,14,rolling,all,141,47,2026-05-27,2026-07-12,0.4194292520119959,0.567017241965284,0.07665661828210434,0.524822695035461,-0.04547378222170173,520,1081
rolling_observed_seller_data,14,14,unchanged,12,47,47,2026-05-27,2026-07-12,0.3058276595744679,0.3376132033946285,-0.10429148936170204,0.1702127659574468,0.0,520,1081
rolling_observed_seller_data,14,14,unchanged,24,47,47,2026-05-27,2026-07-12,0.18593191489361693,0.2587398751231115,-0.13047659574468082,0.574468085106383,0.0,520,1081
rolling_observed_seller_data,14,14,unchanged,6,47,47,2026-05-27,2026-07-12,0.7117978723404252,0.9539927163065541,-0.6214659574468084,0.2127659574468085,0.0,520,1081
rolling_observed_seller_data,14,14,unchanged,all,141,47,2026-05-27,2026-07-12,0.40118581560283667,0.6030564099792167,-0.28541134751773045,0.3191489361702128,0.0,520,1081
rolling_observed_seller_data,14,30,basket,12,15,15,2026-06-12,2026-06-26,0.5119394718079574,0.5642271439525678,0.04853453424204281,0.3333333333333333,-0.5296691454591278,105,105
rolling_observed_seller_data,14,30,basket,24,15,15,2026-06-12,2026-06-26,0.30212108363372747,0.41144043924272733,0.14396748341853483,0.7333333333333333,0.17769297336177692,105,105
rolling_observed_seller_data,14,30,basket,6,15,15,2026-06-12,2026-06-26,1.0561406026003057,1.1157358780534465,-0.008955280010642393,0.7333333333333333,-0.1382297307844833,105,105
rolling_observed_seller_data,14,30,basket,all,45,15,2026-06-12,2026-06-26,0.6234003860139968,0.759934658286008,0.06118224588331174,0.6,-0.14739083047558932,105,105
rolling_observed_seller_data,14,30,basket_abstain,12,15,15,2026-06-12,2026-06-26,0.5321812880152335,0.5850376644126966,0.02829271803476675,0.3333333333333333,-0.5901514551958145,105,105
rolling_observed_seller_data,14,30,basket_abstain,24,15,15,2026-06-12,2026-06-26,0.30212108363372747,0.41144043924272733,0.14396748341853483,0.7333333333333333,0.17769297336177692,105,105
rolling_observed_seller_data,14,30,basket_abstain,6,15,15,2026-06-12,2026-06-26,1.0810071827166297,1.1441551750905083,-0.03382186012696651,0.7333333333333333,-0.16502907996360539,105,105
rolling_observed_seller_data,14,30,basket_abstain,all,45,15,2026-06-12,2026-06-26,0.6384365181218635,0.7790257523582693,0.04614611377544502,0.6,-0.17506537238066677,105,105
rolling_observed_seller_data,14,30,gap,12,15,15,2026-06-12,2026-06-26,0.3605066666666668,0.4478262490445745,-0.3605066666666668,0.4,-0.07718969741638748,105,105
rolling_observed_seller_data,14,30,gap,24,15,15,2026-06-12,2026-06-26,0.38932666666666693,0.4340856251939243,-0.3789933333333335,0.26666666666666666,-0.05966141060768315,105,105
rolling_observed_seller_data,14,30,gap,6,15,15,2026-06-12,2026-06-26,1.0058599999999995,1.0459800950942288,-1.0058599999999995,0,-0.08404103978962807,105,105
rolling_observed_seller_data,14,30,gap,all,45,15,2026-06-12,2026-06-26,0.585231111111111,0.7031009976446404,-0.5817866666666666,0.2222222222222222,-0.07713890729424899,105,105
rolling_observed_seller_data,14,30,retail,12,15,15,2026-06-12,2026-06-26,0.48260663950881205,0.637063599373312,0.37455647083064364,0.6,-0.442022986122226,105,105
rolling_observed_seller_data,14,30,retail,24,15,15,2026-06-12,2026-06-26,0.40567519450124534,0.516840786568112,0.38093218682474544,0.7333333333333333,-0.10415850148222305,105,105
rolling_observed_seller_data,14,30,retail,6,15,15,2026-06-12,2026-06-26,1.2001876483582032,1.419221389459727,0.601454808262056,1,-0.2934729149870714,105,105
rolling_observed_seller_data,14,30,retail,all,45,15,2026-06-12,2026-06-26,0.6961564941227535,0.9464255175143337,0.45231448863914836,0.7777777777777778,-0.2813010640557201,105,105
rolling_observed_seller_data,14,30,rolling,12,15,15,2026-06-12,2026-06-26,0.4881538712961971,0.5286141751820498,0.01493126414230023,0.26666666666666666,-0.45859804972868323,105,105
rolling_observed_seller_data,14,30,rolling,24,15,15,2026-06-12,2026-06-26,0.2869864024359442,0.3903407125037312,0.11738197121896607,0.7333333333333333,0.21888624112442845,105,105
rolling_observed_seller_data,14,30,rolling,6,15,15,2026-06-12,2026-06-26,1.013159517670282,1.0789426892108138,-0.06265635179511533,0.7333333333333333,-0.09190791661667719,105,105
rolling_observed_seller_data,14,30,rolling,all,45,15,2026-06-12,2026-06-26,0.5960999304674744,0.7293641396547137,0.02321896118871699,0.5777777777777777,-0.09714336020664582,105,105
rolling_observed_seller_data,14,30,unchanged,12,15,15,2026-06-12,2026-06-26,0.33467333333333305,0.4252209143492355,-0.3226733333333333,0.4,0.0,105,105
rolling_observed_seller_data,14,30,unchanged,24,15,15,2026-06-12,2026-06-26,0.3674066666666667,0.41519382220837553,-0.35540666666666676,0.26666666666666666,0.0,105,105
rolling_observed_seller_data,14,30,unchanged,6,15,15,2026-06-12,2026-06-26,0.9278799999999995,0.9797513357990377,-0.9278799999999995,0,0.0,105,105
rolling_observed_seller_data,14,30,unchanged,all,45,15,2026-06-12,2026-06-26,0.5433199999999997,0.6615918721790142,-0.5353199999999998,0.2222222222222222,0.0,105,105
