basis,support,cohort,model,term,n,issue_days,first_issue,last_issue,mae,rmse,bias,correct,wrong_way,missed_move,false_move,actual_up,actual_flat,actual_down,predicted_up,predicted_flat,predicted_down
observed_seller_data,native,native_eligible,lag_0,6,69,69,2026-04-19,2026-06-26,1.344610144927536,1.4617488107237078,-1.344610144927536,7,5,54,3,66,3,0,7,54,8
observed_seller_data,native,native_eligible,lag_0,12,69,69,2026-04-19,2026-06-26,0.3443623188405797,0.39797482259596506,-0.2729362318840581,14,0,55,0,45,14,10,0,69,0
observed_seller_data,native,native_eligible,lag_0,24,69,69,2026-04-19,2026-06-26,0.23682318840579716,0.2846234349278798,-0.22416811594202926,23,0,46,0,46,23,0,0,69,0
observed_seller_data,native,native_eligible,lag_0,all,207,69,2026-04-19,2026-06-26,0.641931884057971,0.8899633035098711,-0.6139048309178745,44,5,155,3,157,40,10,7,192,8
observed_seller_data,native,native_eligible,unchanged,6,69,69,2026-04-19,2026-06-26,1.3260797101449275,1.4684138748905278,-1.3260797101449275,3,0,66,0,66,3,0,0,69,0
observed_seller_data,native,native_eligible,unchanged,12,69,69,2026-04-19,2026-06-26,0.3482739130434781,0.40697196837556043,-0.2666217391304347,14,0,55,0,45,14,10,0,69,0
observed_seller_data,native,native_eligible,unchanged,24,69,69,2026-04-19,2026-06-26,0.2387173913043479,0.284701519011642,-0.22198115942029004,23,0,46,0,46,23,0,0,69,0
observed_seller_data,native,native_eligible,unchanged,all,207,69,2026-04-19,2026-06-26,0.6376903381642511,0.8949712185208395,-0.6048942028985507,40,0,167,0,157,40,10,0,207,0
observed_seller_data,native,native_eligible,always_up,6,69,69,2026-04-19,2026-06-26,,,,66,0,0,3,66,3,0,69,0,0
observed_seller_data,native,native_eligible,always_up,12,69,69,2026-04-19,2026-06-26,,,,45,10,0,14,45,14,10,69,0,0
observed_seller_data,native,native_eligible,always_up,24,69,69,2026-04-19,2026-06-26,,,,46,0,0,23,46,23,0,69,0,0
observed_seller_data,native,native_eligible,always_up,all,207,69,2026-04-19,2026-06-26,,,,157,10,0,40,157,40,10,207,0,0
observed_seller_data,native,native_eligible,always_down,6,69,69,2026-04-19,2026-06-26,,,,0,66,0,3,66,3,0,0,0,69
observed_seller_data,native,native_eligible,always_down,12,69,69,2026-04-19,2026-06-26,,,,10,45,0,14,45,14,10,0,0,69
observed_seller_data,native,native_eligible,always_down,24,69,69,2026-04-19,2026-06-26,,,,0,46,0,23,46,23,0,0,0,69
observed_seller_data,native,native_eligible,always_down,all,207,69,2026-04-19,2026-06-26,,,,10,157,0,40,157,40,10,0,0,207
observed_seller_data,native,native_eligible,lag_7,6,62,62,2026-04-26,2026-06-26,1.3733467741935483,1.5030978878582295,-1.3733467741935483,2,0,57,3,59,3,0,2,57,3
observed_seller_data,native,native_eligible,lag_7,12,62,62,2026-04-26,2026-06-26,0.34544677419354847,0.41247654420115704,-0.2648306451612904,14,0,48,0,38,14,10,0,62,0
observed_seller_data,native,native_eligible,lag_7,24,62,62,2026-04-26,2026-06-26,0.23855806451612924,0.29193532149345003,-0.21961935483871,23,0,39,0,39,23,0,0,62,0
observed_seller_data,native,native_eligible,lag_7,all,186,62,2026-04-26,2026-06-26,0.6524505376344087,0.9155447179931527,-0.6192655913978495,39,0,144,3,136,40,10,2,181,3
observed_seller_data,native,native_eligible,lag_14,6,55,55,2026-05-03,2026-06-26,1.407921818181818,1.548000728975633,-1.407921818181818,1,4,47,3,52,3,0,1,47,7
observed_seller_data,native,native_eligible,lag_14,12,55,55,2026-05-03,2026-06-26,0.3270327272727272,0.401213455770004,-0.2292981818181818,14,0,41,0,31,14,10,0,55,0
observed_seller_data,native,native_eligible,lag_14,24,55,55,2026-05-03,2026-06-26,0.21559090909090922,0.280964974523678,-0.20385636363636397,23,0,32,0,32,23,0,0,55,0
observed_seller_data,native,native_eligible,lag_14,all,165,55,2026-05-03,2026-06-26,0.6501818181818182,0.9374112955206466,-0.6136921212121214,38,4,120,3,115,40,10,1,157,7
observed_seller_data,native,native_eligible,lag_21,6,48,48,2026-05-10,2026-06-26,1.3410833333333334,1.4751080240104453,-1.3410833333333334,5,3,37,3,45,3,0,5,37,6
observed_seller_data,native,native_eligible,lag_21,12,48,48,2026-05-10,2026-06-26,0.28976874999999996,0.3545275562280032,-0.16611875,14,0,34,0,24,14,10,0,48,0
observed_seller_data,native,native_eligible,lag_21,24,48,48,2026-05-10,2026-06-26,0.20365833333333325,0.26582633506984726,-0.17898333333333352,23,0,25,0,25,23,0,0,48,0
observed_seller_data,native,native_eligible,lag_21,all,144,48,2026-05-10,2026-06-26,0.6115034722222222,0.8892500793818101,-0.5620618055555556,42,3,96,3,94,40,10,5,133,6
observed_seller_data,native,native_eligible,lag_30,6,39,39,2026-05-19,2026-06-26,1.1454076923076923,1.2644174048113004,-1.1454076923076923,4,0,32,3,36,3,0,4,32,3
observed_seller_data,native,native_eligible,lag_30,12,39,39,2026-05-19,2026-06-26,0.2482153846153846,0.3079800393132396,-0.08180512820512831,14,0,25,0,15,14,10,0,39,0
observed_seller_data,native,native_eligible,lag_30,24,39,39,2026-05-19,2026-06-26,0.19233333333333347,0.2682767562587524,-0.1538974358974364,23,0,16,0,16,23,0,0,39,0
observed_seller_data,native,native_eligible,lag_30,all,117,39,2026-05-19,2026-06-26,0.5286521367521368,0.7671539385186102,-0.4603700854700857,41,0,73,3,67,40,10,4,110,3
observed_seller_data,native,intersection,lag_0,6,39,39,2026-05-19,2026-06-26,1.2087589743589742,1.3057605046043534,-1.2087589743589742,3,5,28,3,36,3,0,3,28,8
observed_seller_data,native,intersection,lag_0,12,39,39,2026-05-19,2026-06-26,0.2512384615384616,0.3215000661961091,-0.12486923076923098,14,0,25,0,15,14,10,0,39,0
observed_seller_data,native,intersection,lag_0,24,39,39,2026-05-19,2026-06-26,0.1994717948717948,0.2809752484764633,-0.17708205128205157,23,0,16,0,16,23,0,0,39,0
observed_seller_data,native,intersection,lag_0,all,117,39,2026-05-19,2026-06-26,0.5531564102564103,0.7931624209885237,-0.5035700854700856,40,5,69,3,67,40,10,3,106,8
observed_seller_data,native,intersection,unchanged,6,39,39,2026-05-19,2026-06-26,1.1407102564102563,1.2835555472282894,-1.1407102564102563,3,0,36,0,36,3,0,0,39,0
observed_seller_data,native,intersection,unchanged,12,39,39,2026-05-19,2026-06-26,0.2390974358974359,0.30843993555659077,-0.09463589743589751,14,0,25,0,15,14,10,0,39,0
observed_seller_data,native,intersection,unchanged,24,39,39,2026-05-19,2026-06-26,0.1907384615384615,0.2677435014414031,-0.16112820512820525,23,0,16,0,16,23,0,0,39,0
observed_seller_data,native,intersection,unchanged,all,117,39,2026-05-19,2026-06-26,0.5235153846153846,0.7776753005444644,-0.46549145299145306,40,0,77,0,67,40,10,0,117,0
observed_seller_data,native,intersection,always_up,6,39,39,2026-05-19,2026-06-26,,,,36,0,0,3,36,3,0,39,0,0
observed_seller_data,native,intersection,always_up,12,39,39,2026-05-19,2026-06-26,,,,15,10,0,14,15,14,10,39,0,0
observed_seller_data,native,intersection,always_up,24,39,39,2026-05-19,2026-06-26,,,,16,0,0,23,16,23,0,39,0,0
observed_seller_data,native,intersection,always_up,all,117,39,2026-05-19,2026-06-26,,,,67,10,0,40,67,40,10,117,0,0
observed_seller_data,native,intersection,always_down,6,39,39,2026-05-19,2026-06-26,,,,0,36,0,3,36,3,0,0,0,39
observed_seller_data,native,intersection,always_down,12,39,39,2026-05-19,2026-06-26,,,,10,15,0,14,15,14,10,0,0,39
observed_seller_data,native,intersection,always_down,24,39,39,2026-05-19,2026-06-26,,,,0,16,0,23,16,23,0,0,0,39
observed_seller_data,native,intersection,always_down,all,117,39,2026-05-19,2026-06-26,,,,10,67,0,40,67,40,10,0,0,117
observed_seller_data,native,intersection,lag_7,6,39,39,2026-05-19,2026-06-26,1.1827025641025641,1.2908109673121522,-1.1827025641025641,1,0,35,3,36,3,0,1,35,3
observed_seller_data,native,intersection,lag_7,12,39,39,2026-05-19,2026-06-26,0.23255128205128203,0.310732349582278,-0.10439230769230776,14,0,25,0,15,14,10,0,39,0
observed_seller_data,native,intersection,lag_7,24,39,39,2026-05-19,2026-06-26,0.19542564102564114,0.27693445674623707,-0.16531794871794903,23,0,16,0,16,23,0,0,39,0
observed_seller_data,native,intersection,lag_7,all,117,39,2026-05-19,2026-06-26,0.5368931623931624,0.7830368743432181,-0.484137606837607,38,0,76,3,67,40,10,1,113,3
observed_seller_data,native,intersection,lag_14,6,39,39,2026-05-19,2026-06-26,1.1512333333333333,1.2523750594319498,-1.1512333333333333,1,4,31,3,36,3,0,1,31,7
observed_seller_data,native,intersection,lag_14,12,39,39,2026-05-19,2026-06-26,0.21930769230769237,0.2869918430003159,-0.08147692307692317,14,0,25,0,15,14,10,0,39,0
observed_seller_data,native,intersection,lag_14,24,39,39,2026-05-19,2026-06-26,0.17072820512820513,0.2578386048555302,-0.15417948717948748,23,0,16,0,16,23,0,0,39,0
observed_seller_data,native,intersection,lag_14,all,117,39,2026-05-19,2026-06-26,0.5137564102564103,0.7565906761232135,-0.46229658119658135,38,4,72,3,67,40,10,1,109,7
observed_seller_data,native,intersection,lag_21,6,39,39,2026-05-19,2026-06-26,1.1368794871794872,1.2357441182936846,-1.1368794871794872,5,3,28,3,36,3,0,5,28,6
observed_seller_data,native,intersection,lag_21,12,39,39,2026-05-19,2026-06-26,0.22604102564102563,0.2826086494039924,-0.0738564102564103,14,0,25,0,15,14,10,0,39,0
observed_seller_data,native,intersection,lag_21,24,39,39,2026-05-19,2026-06-26,0.17969230769230754,0.2537218232429832,-0.1493230769230771,23,0,16,0,16,23,0,0,39,0
observed_seller_data,native,intersection,lag_21,all,117,39,2026-05-19,2026-06-26,0.5142042735042734,0.7463926442575043,-0.4533529914529915,42,3,69,3,67,40,10,5,106,6
observed_seller_data,native,intersection,lag_30,6,39,39,2026-05-19,2026-06-26,1.1454076923076923,1.2644174048113004,-1.1454076923076923,4,0,32,3,36,3,0,4,32,3
observed_seller_data,native,intersection,lag_30,12,39,39,2026-05-19,2026-06-26,0.2482153846153846,0.3079800393132396,-0.08180512820512831,14,0,25,0,15,14,10,0,39,0
observed_seller_data,native,intersection,lag_30,24,39,39,2026-05-19,2026-06-26,0.19233333333333347,0.2682767562587524,-0.1538974358974364,23,0,16,0,16,23,0,0,39,0
observed_seller_data,native,intersection,lag_30,all,117,39,2026-05-19,2026-06-26,0.5286521367521368,0.7671539385186102,-0.4603700854700857,41,0,73,3,67,40,10,4,110,3
observed_seller_data,common,native_eligible,lag_0,6,39,39,2026-05-19,2026-06-26,1.2093999999999998,1.30664865777752,-1.2093999999999998,3,5,28,3,36,3,0,3,28,8
observed_seller_data,common,native_eligible,lag_0,12,39,39,2026-05-19,2026-06-26,0.25162051282051295,0.3218137891262506,-0.12529230769230792,14,0,25,0,15,14,10,0,39,0
observed_seller_data,common,native_eligible,lag_0,24,39,39,2026-05-19,2026-06-26,0.1996153846153846,0.2810627450706812,-0.17723076923076958,23,0,16,0,16,23,0,0,39,0
observed_seller_data,common,native_eligible,lag_0,all,117,39,2026-05-19,2026-06-26,0.5535452991452993,0.7937025253855621,-0.5039743589743592,40,5,69,3,67,40,10,3,106,8
observed_seller_data,common,native_eligible,unchanged,6,39,39,2026-05-19,2026-06-26,1.1407102564102563,1.2835555472282894,-1.1407102564102563,3,0,36,0,36,3,0,0,39,0
observed_seller_data,common,native_eligible,unchanged,12,39,39,2026-05-19,2026-06-26,0.2390974358974359,0.30843993555659077,-0.09463589743589751,14,0,25,0,15,14,10,0,39,0
observed_seller_data,common,native_eligible,unchanged,24,39,39,2026-05-19,2026-06-26,0.1907384615384615,0.2677435014414031,-0.16112820512820525,23,0,16,0,16,23,0,0,39,0
observed_seller_data,common,native_eligible,unchanged,all,117,39,2026-05-19,2026-06-26,0.5235153846153846,0.7776753005444644,-0.46549145299145306,40,0,77,0,67,40,10,0,117,0
observed_seller_data,common,native_eligible,always_up,6,39,39,2026-05-19,2026-06-26,,,,36,0,0,3,36,3,0,39,0,0
observed_seller_data,common,native_eligible,always_up,12,39,39,2026-05-19,2026-06-26,,,,15,10,0,14,15,14,10,39,0,0
observed_seller_data,common,native_eligible,always_up,24,39,39,2026-05-19,2026-06-26,,,,16,0,0,23,16,23,0,39,0,0
observed_seller_data,common,native_eligible,always_up,all,117,39,2026-05-19,2026-06-26,,,,67,10,0,40,67,40,10,117,0,0
observed_seller_data,common,native_eligible,always_down,6,39,39,2026-05-19,2026-06-26,,,,0,36,0,3,36,3,0,0,0,39
observed_seller_data,common,native_eligible,always_down,12,39,39,2026-05-19,2026-06-26,,,,10,15,0,14,15,14,10,0,0,39
observed_seller_data,common,native_eligible,always_down,24,39,39,2026-05-19,2026-06-26,,,,0,16,0,23,16,23,0,0,0,39
observed_seller_data,common,native_eligible,always_down,all,117,39,2026-05-19,2026-06-26,,,,10,67,0,40,67,40,10,0,0,117
observed_seller_data,common,native_eligible,lag_7,6,39,39,2026-05-19,2026-06-26,1.1829307692307693,1.2911111031856366,-1.1829307692307693,1,0,35,3,36,3,0,1,35,3
observed_seller_data,common,native_eligible,lag_7,12,39,39,2026-05-19,2026-06-26,0.23265641025641015,0.3107950639808678,-0.10451794871794871,14,0,25,0,15,14,10,0,39,0
observed_seller_data,common,native_eligible,lag_7,24,39,39,2026-05-19,2026-06-26,0.19549487179487196,0.2769626786854423,-0.16539230769230806,23,0,16,0,16,23,0,0,39,0
observed_seller_data,common,native_eligible,lag_7,all,117,39,2026-05-19,2026-06-26,0.5370273504273505,0.7832134187539431,-0.484280341880342,38,0,76,3,67,40,10,1,113,3
observed_seller_data,common,native_eligible,lag_14,6,39,39,2026-05-19,2026-06-26,1.1510307692307693,1.252103738022226,-1.1510307692307693,1,4,31,3,36,3,0,1,31,7
observed_seller_data,common,native_eligible,lag_14,12,39,39,2026-05-19,2026-06-26,0.21923846153846158,0.28694007638511815,-0.08137692307692322,14,0,25,0,15,14,10,0,39,0
observed_seller_data,common,native_eligible,lag_14,24,39,39,2026-05-19,2026-06-26,0.17066923076923082,0.25781012740944037,-0.15412051282051317,23,0,16,0,16,23,0,0,39,0
observed_seller_data,common,native_eligible,lag_14,all,117,39,2026-05-19,2026-06-26,0.513646153846154,0.7564311909662814,-0.4621760683760685,38,4,72,3,67,40,10,1,109,7
observed_seller_data,common,native_eligible,lag_21,6,39,39,2026-05-19,2026-06-26,1.1364692307692308,1.2351635705028852,-1.1364692307692308,5,3,28,3,36,3,0,5,28,6
observed_seller_data,common,native_eligible,lag_21,12,39,39,2026-05-19,2026-06-26,0.2257461538461538,0.282323595478845,-0.07345384615384622,14,0,25,0,15,14,10,0,39,0
observed_seller_data,common,native_eligible,lag_21,24,39,39,2026-05-19,2026-06-26,0.17944615384615376,0.25358141766425907,-0.1490564102564104,23,0,16,0,16,23,0,0,39,0
observed_seller_data,common,native_eligible,lag_21,all,117,39,2026-05-19,2026-06-26,0.5138871794871794,0.7460203736820583,-0.45299316239316245,42,3,69,3,67,40,10,5,106,6
observed_seller_data,common,native_eligible,lag_30,6,39,39,2026-05-19,2026-06-26,1.1454076923076923,1.2644174048113004,-1.1454076923076923,4,0,32,3,36,3,0,4,32,3
observed_seller_data,common,native_eligible,lag_30,12,39,39,2026-05-19,2026-06-26,0.2482153846153846,0.3079800393132396,-0.08180512820512831,14,0,25,0,15,14,10,0,39,0
observed_seller_data,common,native_eligible,lag_30,24,39,39,2026-05-19,2026-06-26,0.19233333333333347,0.2682767562587524,-0.1538974358974364,23,0,16,0,16,23,0,0,39,0
observed_seller_data,common,native_eligible,lag_30,all,117,39,2026-05-19,2026-06-26,0.5286521367521368,0.7671539385186102,-0.4603700854700857,41,0,73,3,67,40,10,4,110,3
observed_seller_data,common,intersection,lag_0,6,39,39,2026-05-19,2026-06-26,1.2093999999999998,1.30664865777752,-1.2093999999999998,3,5,28,3,36,3,0,3,28,8
observed_seller_data,common,intersection,lag_0,12,39,39,2026-05-19,2026-06-26,0.25162051282051295,0.3218137891262506,-0.12529230769230792,14,0,25,0,15,14,10,0,39,0
observed_seller_data,common,intersection,lag_0,24,39,39,2026-05-19,2026-06-26,0.1996153846153846,0.2810627450706812,-0.17723076923076958,23,0,16,0,16,23,0,0,39,0
observed_seller_data,common,intersection,lag_0,all,117,39,2026-05-19,2026-06-26,0.5535452991452993,0.7937025253855621,-0.5039743589743592,40,5,69,3,67,40,10,3,106,8
observed_seller_data,common,intersection,unchanged,6,39,39,2026-05-19,2026-06-26,1.1407102564102563,1.2835555472282894,-1.1407102564102563,3,0,36,0,36,3,0,0,39,0
observed_seller_data,common,intersection,unchanged,12,39,39,2026-05-19,2026-06-26,0.2390974358974359,0.30843993555659077,-0.09463589743589751,14,0,25,0,15,14,10,0,39,0
observed_seller_data,common,intersection,unchanged,24,39,39,2026-05-19,2026-06-26,0.1907384615384615,0.2677435014414031,-0.16112820512820525,23,0,16,0,16,23,0,0,39,0
observed_seller_data,common,intersection,unchanged,all,117,39,2026-05-19,2026-06-26,0.5235153846153846,0.7776753005444644,-0.46549145299145306,40,0,77,0,67,40,10,0,117,0
observed_seller_data,common,intersection,always_up,6,39,39,2026-05-19,2026-06-26,,,,36,0,0,3,36,3,0,39,0,0
observed_seller_data,common,intersection,always_up,12,39,39,2026-05-19,2026-06-26,,,,15,10,0,14,15,14,10,39,0,0
observed_seller_data,common,intersection,always_up,24,39,39,2026-05-19,2026-06-26,,,,16,0,0,23,16,23,0,39,0,0
observed_seller_data,common,intersection,always_up,all,117,39,2026-05-19,2026-06-26,,,,67,10,0,40,67,40,10,117,0,0
observed_seller_data,common,intersection,always_down,6,39,39,2026-05-19,2026-06-26,,,,0,36,0,3,36,3,0,0,0,39
observed_seller_data,common,intersection,always_down,12,39,39,2026-05-19,2026-06-26,,,,10,15,0,14,15,14,10,0,0,39
observed_seller_data,common,intersection,always_down,24,39,39,2026-05-19,2026-06-26,,,,0,16,0,23,16,23,0,0,0,39
observed_seller_data,common,intersection,always_down,all,117,39,2026-05-19,2026-06-26,,,,10,67,0,40,67,40,10,0,0,117
observed_seller_data,common,intersection,lag_7,6,39,39,2026-05-19,2026-06-26,1.1829307692307693,1.2911111031856366,-1.1829307692307693,1,0,35,3,36,3,0,1,35,3
observed_seller_data,common,intersection,lag_7,12,39,39,2026-05-19,2026-06-26,0.23265641025641015,0.3107950639808678,-0.10451794871794871,14,0,25,0,15,14,10,0,39,0
observed_seller_data,common,intersection,lag_7,24,39,39,2026-05-19,2026-06-26,0.19549487179487196,0.2769626786854423,-0.16539230769230806,23,0,16,0,16,23,0,0,39,0
observed_seller_data,common,intersection,lag_7,all,117,39,2026-05-19,2026-06-26,0.5370273504273505,0.7832134187539431,-0.484280341880342,38,0,76,3,67,40,10,1,113,3
observed_seller_data,common,intersection,lag_14,6,39,39,2026-05-19,2026-06-26,1.1510307692307693,1.252103738022226,-1.1510307692307693,1,4,31,3,36,3,0,1,31,7
observed_seller_data,common,intersection,lag_14,12,39,39,2026-05-19,2026-06-26,0.21923846153846158,0.28694007638511815,-0.08137692307692322,14,0,25,0,15,14,10,0,39,0
observed_seller_data,common,intersection,lag_14,24,39,39,2026-05-19,2026-06-26,0.17066923076923082,0.25781012740944037,-0.15412051282051317,23,0,16,0,16,23,0,0,39,0
observed_seller_data,common,intersection,lag_14,all,117,39,2026-05-19,2026-06-26,0.513646153846154,0.7564311909662814,-0.4621760683760685,38,4,72,3,67,40,10,1,109,7
observed_seller_data,common,intersection,lag_21,6,39,39,2026-05-19,2026-06-26,1.1364692307692308,1.2351635705028852,-1.1364692307692308,5,3,28,3,36,3,0,5,28,6
observed_seller_data,common,intersection,lag_21,12,39,39,2026-05-19,2026-06-26,0.2257461538461538,0.282323595478845,-0.07345384615384622,14,0,25,0,15,14,10,0,39,0
observed_seller_data,common,intersection,lag_21,24,39,39,2026-05-19,2026-06-26,0.17944615384615376,0.25358141766425907,-0.1490564102564104,23,0,16,0,16,23,0,0,39,0
observed_seller_data,common,intersection,lag_21,all,117,39,2026-05-19,2026-06-26,0.5138871794871794,0.7460203736820583,-0.45299316239316245,42,3,69,3,67,40,10,5,106,6
observed_seller_data,common,intersection,lag_30,6,39,39,2026-05-19,2026-06-26,1.1454076923076923,1.2644174048113004,-1.1454076923076923,4,0,32,3,36,3,0,4,32,3
observed_seller_data,common,intersection,lag_30,12,39,39,2026-05-19,2026-06-26,0.2482153846153846,0.3079800393132396,-0.08180512820512831,14,0,25,0,15,14,10,0,39,0
observed_seller_data,common,intersection,lag_30,24,39,39,2026-05-19,2026-06-26,0.19233333333333347,0.2682767562587524,-0.1538974358974364,23,0,16,0,16,23,0,0,39,0
observed_seller_data,common,intersection,lag_30,all,117,39,2026-05-19,2026-06-26,0.5286521367521368,0.7671539385186102,-0.4603700854700857,41,0,73,3,67,40,10,4,110,3
canonical_calculation,native,native_eligible,lag_0,6,19,19,2026-07-27,2026-08-14,1.5432894736842109,1.5712758431488592,-1.5432894736842109,3,2,14,0,19,0,0,3,14,2
canonical_calculation,native,native_eligible,lag_0,12,19,19,2026-07-27,2026-08-14,0.4349421052631577,0.48313347670782353,-0.4349421052631577,3,0,16,0,16,3,0,0,19,0
canonical_calculation,native,native_eligible,lag_0,24,19,19,2026-07-27,2026-08-14,0.21768947368421018,0.26554176101341415,-0.21768947368421018,10,0,9,0,9,10,0,0,19,0
canonical_calculation,native,native_eligible,lag_0,all,57,19,2026-07-27,2026-08-14,0.7319736842105262,0.96139450078537,-0.7319736842105262,16,2,39,0,44,13,0,3,52,2
canonical_calculation,native,native_eligible,unchanged,6,19,19,2026-07-27,2026-08-14,1.5286,1.5637646353389765,-1.5286,0,0,19,0,19,0,0,0,19,0
canonical_calculation,native,native_eligible,unchanged,12,19,19,2026-07-27,2026-08-14,0.38307368421052584,0.4508696870902296,-0.3827368421052627,3,0,16,0,16,3,0,0,19,0
canonical_calculation,native,native_eligible,unchanged,24,19,19,2026-07-27,2026-08-14,0.19615263157894694,0.24989747055437267,-0.19615263157894694,10,0,9,0,9,10,0,0,19,0
canonical_calculation,native,native_eligible,unchanged,all,57,19,2026-07-27,2026-08-14,0.7026087719298243,0.9506299762548969,-0.7024964912280699,13,0,44,0,44,13,0,0,57,0
canonical_calculation,native,native_eligible,always_up,6,19,19,2026-07-27,2026-08-14,,,,19,0,0,0,19,0,0,19,0,0
canonical_calculation,native,native_eligible,always_up,12,19,19,2026-07-27,2026-08-14,,,,16,0,0,3,16,3,0,19,0,0
canonical_calculation,native,native_eligible,always_up,24,19,19,2026-07-27,2026-08-14,,,,9,0,0,10,9,10,0,19,0,0
canonical_calculation,native,native_eligible,always_up,all,57,19,2026-07-27,2026-08-14,,,,44,0,0,13,44,13,0,57,0,0
canonical_calculation,native,native_eligible,always_down,6,19,19,2026-07-27,2026-08-14,,,,0,19,0,0,19,0,0,0,0,19
canonical_calculation,native,native_eligible,always_down,12,19,19,2026-07-27,2026-08-14,,,,0,16,0,3,16,3,0,0,0,19
canonical_calculation,native,native_eligible,always_down,24,19,19,2026-07-27,2026-08-14,,,,0,9,0,10,9,10,0,0,0,19
canonical_calculation,native,native_eligible,always_down,all,57,19,2026-07-27,2026-08-14,,,,0,44,0,13,44,13,0,0,0,57
canonical_calculation,native,native_eligible,lag_7,6,19,19,2026-07-27,2026-08-14,1.5031526315789474,1.5292851892305765,-1.5031526315789474,3,0,16,0,19,0,0,3,16,0
canonical_calculation,native,native_eligible,lag_7,12,19,19,2026-07-27,2026-08-14,0.40384736842105234,0.46131615429174605,-0.40340526315789454,3,0,16,0,16,3,0,0,19,0
canonical_calculation,native,native_eligible,lag_7,24,19,19,2026-07-27,2026-08-14,0.20130526315789454,0.2567231090822213,-0.20130526315789454,10,0,9,0,9,10,0,0,19,0
canonical_calculation,native,native_eligible,lag_7,all,57,19,2026-07-27,2026-08-14,0.7027684210526315,0.9340650475113905,-0.7026210526315788,16,0,41,0,44,13,0,3,54,0
canonical_calculation,native,native_eligible,lag_14,6,19,19,2026-07-27,2026-08-14,1.4712526315789474,1.4977844613400082,-1.4712526315789474,4,0,15,0,19,0,0,4,15,0
canonical_calculation,native,native_eligible,lag_14,12,19,19,2026-07-27,2026-08-14,0.3789105263157893,0.44170296937862497,-0.3789105263157893,3,0,16,0,16,3,0,0,19,0
canonical_calculation,native,native_eligible,lag_14,24,19,19,2026-07-27,2026-08-14,0.18949999999999972,0.2488659700574417,-0.18795263157894715,10,0,9,0,9,10,0,0,19,0
canonical_calculation,native,native_eligible,lag_14,all,57,19,2026-07-27,2026-08-14,0.6798877192982454,0.9129428745987898,-0.6793719298245613,17,0,40,0,44,13,0,4,53,0
canonical_calculation,native,native_eligible,lag_21,6,19,19,2026-07-27,2026-08-14,1.4575526315789473,1.4907922674661425,-1.4575526315789473,3,0,16,0,19,0,0,3,16,0
canonical_calculation,native,native_eligible,lag_21,12,19,19,2026-07-27,2026-08-14,0.3778052631578945,0.43716535291520237,-0.374415789473684,3,0,16,0,16,3,0,0,19,0
canonical_calculation,native,native_eligible,lag_21,24,19,19,2026-07-27,2026-08-14,0.1888052631578946,0.2377158066617406,-0.18623684210526284,10,0,9,0,9,10,0,0,19,0
canonical_calculation,native,native_eligible,lag_21,all,57,19,2026-07-27,2026-08-14,0.6747210526315788,0.9073925896514616,-0.6727350877192981,16,0,41,0,44,13,0,3,54,0
canonical_calculation,native,native_eligible,lag_30,6,19,19,2026-07-27,2026-08-14,1.4957631578947368,1.5298856044265463,-1.4957631578947368,4,0,15,0,19,0,0,4,15,0
canonical_calculation,native,native_eligible,lag_30,12,19,19,2026-07-27,2026-08-14,0.39772631578947343,0.45707083177901164,-0.39772631578947343,3,0,16,0,16,3,0,0,19,0
canonical_calculation,native,native_eligible,lag_30,24,19,19,2026-07-27,2026-08-14,0.1988999999999998,0.24780503902951806,-0.1988999999999998,10,0,9,0,9,10,0,0,19,0
canonical_calculation,native,native_eligible,lag_30,all,57,19,2026-07-27,2026-08-14,0.6974631578947368,0.9328935354160476,-0.6974631578947368,17,0,40,0,44,13,0,4,53,0
canonical_calculation,native,intersection,lag_0,6,19,19,2026-07-27,2026-08-14,1.5432894736842109,1.5712758431488592,-1.5432894736842109,3,2,14,0,19,0,0,3,14,2
canonical_calculation,native,intersection,lag_0,12,19,19,2026-07-27,2026-08-14,0.4349421052631577,0.48313347670782353,-0.4349421052631577,3,0,16,0,16,3,0,0,19,0
canonical_calculation,native,intersection,lag_0,24,19,19,2026-07-27,2026-08-14,0.21768947368421018,0.26554176101341415,-0.21768947368421018,10,0,9,0,9,10,0,0,19,0
canonical_calculation,native,intersection,lag_0,all,57,19,2026-07-27,2026-08-14,0.7319736842105262,0.96139450078537,-0.7319736842105262,16,2,39,0,44,13,0,3,52,2
canonical_calculation,native,intersection,unchanged,6,19,19,2026-07-27,2026-08-14,1.5286,1.5637646353389765,-1.5286,0,0,19,0,19,0,0,0,19,0
canonical_calculation,native,intersection,unchanged,12,19,19,2026-07-27,2026-08-14,0.38307368421052584,0.4508696870902296,-0.3827368421052627,3,0,16,0,16,3,0,0,19,0
canonical_calculation,native,intersection,unchanged,24,19,19,2026-07-27,2026-08-14,0.19615263157894694,0.24989747055437267,-0.19615263157894694,10,0,9,0,9,10,0,0,19,0
canonical_calculation,native,intersection,unchanged,all,57,19,2026-07-27,2026-08-14,0.7026087719298243,0.9506299762548969,-0.7024964912280699,13,0,44,0,44,13,0,0,57,0
canonical_calculation,native,intersection,always_up,6,19,19,2026-07-27,2026-08-14,,,,19,0,0,0,19,0,0,19,0,0
canonical_calculation,native,intersection,always_up,12,19,19,2026-07-27,2026-08-14,,,,16,0,0,3,16,3,0,19,0,0
canonical_calculation,native,intersection,always_up,24,19,19,2026-07-27,2026-08-14,,,,9,0,0,10,9,10,0,19,0,0
canonical_calculation,native,intersection,always_up,all,57,19,2026-07-27,2026-08-14,,,,44,0,0,13,44,13,0,57,0,0
canonical_calculation,native,intersection,always_down,6,19,19,2026-07-27,2026-08-14,,,,0,19,0,0,19,0,0,0,0,19
canonical_calculation,native,intersection,always_down,12,19,19,2026-07-27,2026-08-14,,,,0,16,0,3,16,3,0,0,0,19
canonical_calculation,native,intersection,always_down,24,19,19,2026-07-27,2026-08-14,,,,0,9,0,10,9,10,0,0,0,19
canonical_calculation,native,intersection,always_down,all,57,19,2026-07-27,2026-08-14,,,,0,44,0,13,44,13,0,0,0,57
canonical_calculation,native,intersection,lag_7,6,19,19,2026-07-27,2026-08-14,1.5031526315789474,1.5292851892305765,-1.5031526315789474,3,0,16,0,19,0,0,3,16,0
canonical_calculation,native,intersection,lag_7,12,19,19,2026-07-27,2026-08-14,0.40384736842105234,0.46131615429174605,-0.40340526315789454,3,0,16,0,16,3,0,0,19,0
canonical_calculation,native,intersection,lag_7,24,19,19,2026-07-27,2026-08-14,0.20130526315789454,0.2567231090822213,-0.20130526315789454,10,0,9,0,9,10,0,0,19,0
canonical_calculation,native,intersection,lag_7,all,57,19,2026-07-27,2026-08-14,0.7027684210526315,0.9340650475113905,-0.7026210526315788,16,0,41,0,44,13,0,3,54,0
canonical_calculation,native,intersection,lag_14,6,19,19,2026-07-27,2026-08-14,1.4712526315789474,1.4977844613400082,-1.4712526315789474,4,0,15,0,19,0,0,4,15,0
canonical_calculation,native,intersection,lag_14,12,19,19,2026-07-27,2026-08-14,0.3789105263157893,0.44170296937862497,-0.3789105263157893,3,0,16,0,16,3,0,0,19,0
canonical_calculation,native,intersection,lag_14,24,19,19,2026-07-27,2026-08-14,0.18949999999999972,0.2488659700574417,-0.18795263157894715,10,0,9,0,9,10,0,0,19,0
canonical_calculation,native,intersection,lag_14,all,57,19,2026-07-27,2026-08-14,0.6798877192982454,0.9129428745987898,-0.6793719298245613,17,0,40,0,44,13,0,4,53,0
canonical_calculation,native,intersection,lag_21,6,19,19,2026-07-27,2026-08-14,1.4575526315789473,1.4907922674661425,-1.4575526315789473,3,0,16,0,19,0,0,3,16,0
canonical_calculation,native,intersection,lag_21,12,19,19,2026-07-27,2026-08-14,0.3778052631578945,0.43716535291520237,-0.374415789473684,3,0,16,0,16,3,0,0,19,0
canonical_calculation,native,intersection,lag_21,24,19,19,2026-07-27,2026-08-14,0.1888052631578946,0.2377158066617406,-0.18623684210526284,10,0,9,0,9,10,0,0,19,0
canonical_calculation,native,intersection,lag_21,all,57,19,2026-07-27,2026-08-14,0.6747210526315788,0.9073925896514616,-0.6727350877192981,16,0,41,0,44,13,0,3,54,0
canonical_calculation,native,intersection,lag_30,6,19,19,2026-07-27,2026-08-14,1.4957631578947368,1.5298856044265463,-1.4957631578947368,4,0,15,0,19,0,0,4,15,0
canonical_calculation,native,intersection,lag_30,12,19,19,2026-07-27,2026-08-14,0.39772631578947343,0.45707083177901164,-0.39772631578947343,3,0,16,0,16,3,0,0,19,0
canonical_calculation,native,intersection,lag_30,24,19,19,2026-07-27,2026-08-14,0.1988999999999998,0.24780503902951806,-0.1988999999999998,10,0,9,0,9,10,0,0,19,0
canonical_calculation,native,intersection,lag_30,all,57,19,2026-07-27,2026-08-14,0.6974631578947368,0.9328935354160476,-0.6974631578947368,17,0,40,0,44,13,0,4,53,0
canonical_calculation,native,matched_v2,lag_0,6,16,16,2026-07-27,2026-08-14,1.5488625000000003,1.5802807076592438,-1.5488625000000003,1,2,13,0,16,0,0,1,13,2
canonical_calculation,native,matched_v2,lag_0,12,16,16,2026-07-27,2026-08-14,0.4553062499999998,0.5066604034015285,-0.4553062499999998,3,0,13,0,13,3,0,0,16,0
canonical_calculation,native,matched_v2,lag_0,24,16,16,2026-07-27,2026-08-14,0.2332624999999996,0.2830854839973252,-0.2332624999999996,9,0,7,0,7,9,0,0,16,0
canonical_calculation,native,matched_v2,lag_0,all,48,16,2026-07-27,2026-08-14,0.7458104166666665,0.971961808341768,-0.7458104166666665,13,2,33,0,36,12,0,1,45,2
canonical_calculation,native,matched_v2,unchanged,6,16,16,2026-07-27,2026-08-14,1.49344375,1.533238673731197,-1.49344375,0,0,16,0,16,0,0,0,16,0
canonical_calculation,native,matched_v2,unchanged,12,16,16,2026-07-27,2026-08-14,0.40234999999999954,0.4755714247092643,-0.4019499999999996,3,0,13,0,13,3,0,0,16,0
canonical_calculation,native,matched_v2,unchanged,24,16,16,2026-07-27,2026-08-14,0.20508749999999953,0.264446502151191,-0.20508749999999953,9,0,7,0,7,9,0,0,16,0
canonical_calculation,native,matched_v2,unchanged,all,48,16,2026-07-27,2026-08-14,0.7002937499999997,0.939311975707929,-0.7001604166666664,12,0,36,0,36,12,0,0,48,0
canonical_calculation,native,matched_v2,always_up,6,16,16,2026-07-27,2026-08-14,,,,16,0,0,0,16,0,0,16,0,0
canonical_calculation,native,matched_v2,always_up,12,16,16,2026-07-27,2026-08-14,,,,13,0,0,3,13,3,0,16,0,0
canonical_calculation,native,matched_v2,always_up,24,16,16,2026-07-27,2026-08-14,,,,7,0,0,9,7,9,0,16,0,0
canonical_calculation,native,matched_v2,always_up,all,48,16,2026-07-27,2026-08-14,,,,36,0,0,12,36,12,0,48,0,0
canonical_calculation,native,matched_v2,always_down,6,16,16,2026-07-27,2026-08-14,,,,0,16,0,0,16,0,0,0,0,16
canonical_calculation,native,matched_v2,always_down,12,16,16,2026-07-27,2026-08-14,,,,0,13,0,3,13,3,0,0,0,16
canonical_calculation,native,matched_v2,always_down,24,16,16,2026-07-27,2026-08-14,,,,0,7,0,9,7,9,0,0,0,16
canonical_calculation,native,matched_v2,always_down,all,48,16,2026-07-27,2026-08-14,,,,0,36,0,12,36,12,0,0,0,48
canonical_calculation,native,matched_v2,saved_v2,6,16,16,2026-07-27,2026-08-14,1.5132375000000002,1.5527466506967582,-1.5132375000000002,2,0,14,0,16,0,0,2,14,0
canonical_calculation,native,matched_v2,saved_v2,12,16,16,2026-07-27,2026-08-14,0.5720374999999998,0.6104933885800891,-0.5720374999999998,0,6,7,3,13,3,0,0,7,9
canonical_calculation,native,matched_v2,saved_v2,24,16,16,2026-07-27,2026-08-14,0.3004124999999995,0.34207880488273434,-0.3004124999999995,9,0,7,0,7,9,0,0,16,0
canonical_calculation,native,matched_v2,saved_v2,all,48,16,2026-07-27,2026-08-14,0.7952291666666665,0.9833178949353053,-0.7952291666666665,11,6,28,3,36,12,0,2,37,9
canonical_calculation,native,matched_v2,lag_7,6,16,16,2026-07-27,2026-08-14,1.49295,1.5227440469428866,-1.49295,1,0,15,0,16,0,0,1,15,0
canonical_calculation,native,matched_v2,lag_7,12,16,16,2026-07-27,2026-08-14,0.41521874999999975,0.47971340597798573,-0.41469374999999986,3,0,13,0,13,3,0,0,16,0
canonical_calculation,native,matched_v2,lag_7,24,16,16,2026-07-27,2026-08-14,0.21195624999999974,0.27225209709936116,-0.21195624999999974,9,0,7,0,7,9,0,0,16,0
canonical_calculation,native,matched_v2,lag_7,all,48,16,2026-07-27,2026-08-14,0.7067083333333333,0.9350571441985066,-0.7065333333333332,13,0,35,0,36,12,0,1,47,0
canonical_calculation,native,matched_v2,lag_14,6,16,16,2026-07-27,2026-08-14,1.4624312499999998,1.4932776288671172,-1.4624312499999998,1,0,15,0,16,0,0,1,15,0
canonical_calculation,native,matched_v2,lag_14,12,16,16,2026-07-27,2026-08-14,0.39246249999999994,0.4623707157141332,-0.39246249999999994,3,0,13,0,13,3,0,0,16,0
canonical_calculation,native,matched_v2,lag_14,24,16,16,2026-07-27,2026-08-14,0.20145624999999967,0.26551593525624756,-0.19961874999999973,9,0,7,0,7,9,0,0,16,0
canonical_calculation,native,matched_v2,lag_14,all,48,16,2026-07-27,2026-08-14,0.6854499999999999,0.9154531605531036,-0.6848374999999999,13,0,35,0,36,12,0,1,47,0
canonical_calculation,native,matched_v2,lag_21,6,16,16,2026-07-27,2026-08-14,1.43893125,1.4778128329984823,-1.43893125,1,0,15,0,16,0,0,1,15,0
canonical_calculation,native,matched_v2,lag_21,12,16,16,2026-07-27,2026-08-14,0.38559999999999983,0.45316880684795574,-0.3815749999999999,3,0,13,0,13,3,0,0,16,0
canonical_calculation,native,matched_v2,lag_21,24,16,16,2026-07-27,2026-08-14,0.19674999999999976,0.2511279156127409,-0.19369999999999954,9,0,7,0,7,9,0,0,16,0
canonical_calculation,native,matched_v2,lag_21,all,48,16,2026-07-27,2026-08-14,0.6737604166666665,0.9041308841229792,-0.6714020833333332,13,0,35,0,36,12,0,1,47,0
canonical_calculation,native,matched_v2,lag_30,6,16,16,2026-07-27,2026-08-14,1.4934875,1.533435764060562,-1.4934875,1,0,15,0,16,0,0,1,15,0
canonical_calculation,native,matched_v2,lag_30,12,16,16,2026-07-27,2026-08-14,0.4175812499999998,0.48121040551405336,-0.4175812499999998,3,0,13,0,13,3,0,0,16,0
canonical_calculation,native,matched_v2,lag_30,24,16,16,2026-07-27,2026-08-14,0.2159687499999997,0.26577340795309057,-0.2159687499999997,9,0,7,0,7,9,0,0,16,0
canonical_calculation,native,matched_v2,lag_30,all,48,16,2026-07-27,2026-08-14,0.7090124999999997,0.9405006115982416,-0.7090124999999997,13,0,35,0,36,12,0,1,47,0
canonical_calculation,common,native_eligible,lag_0,6,19,19,2026-07-27,2026-08-14,1.5432894736842109,1.5712758431488592,-1.5432894736842109,3,2,14,0,19,0,0,3,14,2
canonical_calculation,common,native_eligible,lag_0,12,19,19,2026-07-27,2026-08-14,0.4349421052631577,0.48313347670782353,-0.4349421052631577,3,0,16,0,16,3,0,0,19,0
canonical_calculation,common,native_eligible,lag_0,24,19,19,2026-07-27,2026-08-14,0.21768947368421018,0.26554176101341415,-0.21768947368421018,10,0,9,0,9,10,0,0,19,0
canonical_calculation,common,native_eligible,lag_0,all,57,19,2026-07-27,2026-08-14,0.7319736842105262,0.96139450078537,-0.7319736842105262,16,2,39,0,44,13,0,3,52,2
canonical_calculation,common,native_eligible,unchanged,6,19,19,2026-07-27,2026-08-14,1.5286,1.5637646353389765,-1.5286,0,0,19,0,19,0,0,0,19,0
canonical_calculation,common,native_eligible,unchanged,12,19,19,2026-07-27,2026-08-14,0.38307368421052584,0.4508696870902296,-0.3827368421052627,3,0,16,0,16,3,0,0,19,0
canonical_calculation,common,native_eligible,unchanged,24,19,19,2026-07-27,2026-08-14,0.19615263157894694,0.24989747055437267,-0.19615263157894694,10,0,9,0,9,10,0,0,19,0
canonical_calculation,common,native_eligible,unchanged,all,57,19,2026-07-27,2026-08-14,0.7026087719298243,0.9506299762548969,-0.7024964912280699,13,0,44,0,44,13,0,0,57,0
canonical_calculation,common,native_eligible,always_up,6,19,19,2026-07-27,2026-08-14,,,,19,0,0,0,19,0,0,19,0,0
canonical_calculation,common,native_eligible,always_up,12,19,19,2026-07-27,2026-08-14,,,,16,0,0,3,16,3,0,19,0,0
canonical_calculation,common,native_eligible,always_up,24,19,19,2026-07-27,2026-08-14,,,,9,0,0,10,9,10,0,19,0,0
canonical_calculation,common,native_eligible,always_up,all,57,19,2026-07-27,2026-08-14,,,,44,0,0,13,44,13,0,57,0,0
canonical_calculation,common,native_eligible,always_down,6,19,19,2026-07-27,2026-08-14,,,,0,19,0,0,19,0,0,0,0,19
canonical_calculation,common,native_eligible,always_down,12,19,19,2026-07-27,2026-08-14,,,,0,16,0,3,16,3,0,0,0,19
canonical_calculation,common,native_eligible,always_down,24,19,19,2026-07-27,2026-08-14,,,,0,9,0,10,9,10,0,0,0,19
canonical_calculation,common,native_eligible,always_down,all,57,19,2026-07-27,2026-08-14,,,,0,44,0,13,44,13,0,0,0,57
canonical_calculation,common,native_eligible,lag_7,6,19,19,2026-07-27,2026-08-14,1.5031526315789474,1.5292851892305765,-1.5031526315789474,3,0,16,0,19,0,0,3,16,0
canonical_calculation,common,native_eligible,lag_7,12,19,19,2026-07-27,2026-08-14,0.40384736842105234,0.46131615429174605,-0.40340526315789454,3,0,16,0,16,3,0,0,19,0
canonical_calculation,common,native_eligible,lag_7,24,19,19,2026-07-27,2026-08-14,0.20130526315789454,0.2567231090822213,-0.20130526315789454,10,0,9,0,9,10,0,0,19,0
canonical_calculation,common,native_eligible,lag_7,all,57,19,2026-07-27,2026-08-14,0.7027684210526315,0.9340650475113905,-0.7026210526315788,16,0,41,0,44,13,0,3,54,0
canonical_calculation,common,native_eligible,lag_14,6,19,19,2026-07-27,2026-08-14,1.4712526315789474,1.4977844613400082,-1.4712526315789474,4,0,15,0,19,0,0,4,15,0
canonical_calculation,common,native_eligible,lag_14,12,19,19,2026-07-27,2026-08-14,0.3789105263157893,0.44170296937862497,-0.3789105263157893,3,0,16,0,16,3,0,0,19,0
canonical_calculation,common,native_eligible,lag_14,24,19,19,2026-07-27,2026-08-14,0.18949999999999972,0.2488659700574417,-0.18795263157894715,10,0,9,0,9,10,0,0,19,0
canonical_calculation,common,native_eligible,lag_14,all,57,19,2026-07-27,2026-08-14,0.6798877192982454,0.9129428745987898,-0.6793719298245613,17,0,40,0,44,13,0,4,53,0
canonical_calculation,common,native_eligible,lag_21,6,19,19,2026-07-27,2026-08-14,1.4575526315789473,1.4907922674661425,-1.4575526315789473,3,0,16,0,19,0,0,3,16,0
canonical_calculation,common,native_eligible,lag_21,12,19,19,2026-07-27,2026-08-14,0.3778052631578945,0.43716535291520237,-0.374415789473684,3,0,16,0,16,3,0,0,19,0
canonical_calculation,common,native_eligible,lag_21,24,19,19,2026-07-27,2026-08-14,0.1888052631578946,0.2377158066617406,-0.18623684210526284,10,0,9,0,9,10,0,0,19,0
canonical_calculation,common,native_eligible,lag_21,all,57,19,2026-07-27,2026-08-14,0.6747210526315788,0.9073925896514616,-0.6727350877192981,16,0,41,0,44,13,0,3,54,0
canonical_calculation,common,native_eligible,lag_30,6,19,19,2026-07-27,2026-08-14,1.4957631578947368,1.5298856044265463,-1.4957631578947368,4,0,15,0,19,0,0,4,15,0
canonical_calculation,common,native_eligible,lag_30,12,19,19,2026-07-27,2026-08-14,0.39772631578947343,0.45707083177901164,-0.39772631578947343,3,0,16,0,16,3,0,0,19,0
canonical_calculation,common,native_eligible,lag_30,24,19,19,2026-07-27,2026-08-14,0.1988999999999998,0.24780503902951806,-0.1988999999999998,10,0,9,0,9,10,0,0,19,0
canonical_calculation,common,native_eligible,lag_30,all,57,19,2026-07-27,2026-08-14,0.6974631578947368,0.9328935354160476,-0.6974631578947368,17,0,40,0,44,13,0,4,53,0
canonical_calculation,common,intersection,lag_0,6,19,19,2026-07-27,2026-08-14,1.5432894736842109,1.5712758431488592,-1.5432894736842109,3,2,14,0,19,0,0,3,14,2
canonical_calculation,common,intersection,lag_0,12,19,19,2026-07-27,2026-08-14,0.4349421052631577,0.48313347670782353,-0.4349421052631577,3,0,16,0,16,3,0,0,19,0
canonical_calculation,common,intersection,lag_0,24,19,19,2026-07-27,2026-08-14,0.21768947368421018,0.26554176101341415,-0.21768947368421018,10,0,9,0,9,10,0,0,19,0
canonical_calculation,common,intersection,lag_0,all,57,19,2026-07-27,2026-08-14,0.7319736842105262,0.96139450078537,-0.7319736842105262,16,2,39,0,44,13,0,3,52,2
canonical_calculation,common,intersection,unchanged,6,19,19,2026-07-27,2026-08-14,1.5286,1.5637646353389765,-1.5286,0,0,19,0,19,0,0,0,19,0
canonical_calculation,common,intersection,unchanged,12,19,19,2026-07-27,2026-08-14,0.38307368421052584,0.4508696870902296,-0.3827368421052627,3,0,16,0,16,3,0,0,19,0
canonical_calculation,common,intersection,unchanged,24,19,19,2026-07-27,2026-08-14,0.19615263157894694,0.24989747055437267,-0.19615263157894694,10,0,9,0,9,10,0,0,19,0
canonical_calculation,common,intersection,unchanged,all,57,19,2026-07-27,2026-08-14,0.7026087719298243,0.9506299762548969,-0.7024964912280699,13,0,44,0,44,13,0,0,57,0
canonical_calculation,common,intersection,always_up,6,19,19,2026-07-27,2026-08-14,,,,19,0,0,0,19,0,0,19,0,0
canonical_calculation,common,intersection,always_up,12,19,19,2026-07-27,2026-08-14,,,,16,0,0,3,16,3,0,19,0,0
canonical_calculation,common,intersection,always_up,24,19,19,2026-07-27,2026-08-14,,,,9,0,0,10,9,10,0,19,0,0
canonical_calculation,common,intersection,always_up,all,57,19,2026-07-27,2026-08-14,,,,44,0,0,13,44,13,0,57,0,0
canonical_calculation,common,intersection,always_down,6,19,19,2026-07-27,2026-08-14,,,,0,19,0,0,19,0,0,0,0,19
canonical_calculation,common,intersection,always_down,12,19,19,2026-07-27,2026-08-14,,,,0,16,0,3,16,3,0,0,0,19
canonical_calculation,common,intersection,always_down,24,19,19,2026-07-27,2026-08-14,,,,0,9,0,10,9,10,0,0,0,19
canonical_calculation,common,intersection,always_down,all,57,19,2026-07-27,2026-08-14,,,,0,44,0,13,44,13,0,0,0,57
canonical_calculation,common,intersection,lag_7,6,19,19,2026-07-27,2026-08-14,1.5031526315789474,1.5292851892305765,-1.5031526315789474,3,0,16,0,19,0,0,3,16,0
canonical_calculation,common,intersection,lag_7,12,19,19,2026-07-27,2026-08-14,0.40384736842105234,0.46131615429174605,-0.40340526315789454,3,0,16,0,16,3,0,0,19,0
canonical_calculation,common,intersection,lag_7,24,19,19,2026-07-27,2026-08-14,0.20130526315789454,0.2567231090822213,-0.20130526315789454,10,0,9,0,9,10,0,0,19,0
canonical_calculation,common,intersection,lag_7,all,57,19,2026-07-27,2026-08-14,0.7027684210526315,0.9340650475113905,-0.7026210526315788,16,0,41,0,44,13,0,3,54,0
canonical_calculation,common,intersection,lag_14,6,19,19,2026-07-27,2026-08-14,1.4712526315789474,1.4977844613400082,-1.4712526315789474,4,0,15,0,19,0,0,4,15,0
canonical_calculation,common,intersection,lag_14,12,19,19,2026-07-27,2026-08-14,0.3789105263157893,0.44170296937862497,-0.3789105263157893,3,0,16,0,16,3,0,0,19,0
canonical_calculation,common,intersection,lag_14,24,19,19,2026-07-27,2026-08-14,0.18949999999999972,0.2488659700574417,-0.18795263157894715,10,0,9,0,9,10,0,0,19,0
canonical_calculation,common,intersection,lag_14,all,57,19,2026-07-27,2026-08-14,0.6798877192982454,0.9129428745987898,-0.6793719298245613,17,0,40,0,44,13,0,4,53,0
canonical_calculation,common,intersection,lag_21,6,19,19,2026-07-27,2026-08-14,1.4575526315789473,1.4907922674661425,-1.4575526315789473,3,0,16,0,19,0,0,3,16,0
canonical_calculation,common,intersection,lag_21,12,19,19,2026-07-27,2026-08-14,0.3778052631578945,0.43716535291520237,-0.374415789473684,3,0,16,0,16,3,0,0,19,0
canonical_calculation,common,intersection,lag_21,24,19,19,2026-07-27,2026-08-14,0.1888052631578946,0.2377158066617406,-0.18623684210526284,10,0,9,0,9,10,0,0,19,0
canonical_calculation,common,intersection,lag_21,all,57,19,2026-07-27,2026-08-14,0.6747210526315788,0.9073925896514616,-0.6727350877192981,16,0,41,0,44,13,0,3,54,0
canonical_calculation,common,intersection,lag_30,6,19,19,2026-07-27,2026-08-14,1.4957631578947368,1.5298856044265463,-1.4957631578947368,4,0,15,0,19,0,0,4,15,0
canonical_calculation,common,intersection,lag_30,12,19,19,2026-07-27,2026-08-14,0.39772631578947343,0.45707083177901164,-0.39772631578947343,3,0,16,0,16,3,0,0,19,0
canonical_calculation,common,intersection,lag_30,24,19,19,2026-07-27,2026-08-14,0.1988999999999998,0.24780503902951806,-0.1988999999999998,10,0,9,0,9,10,0,0,19,0
canonical_calculation,common,intersection,lag_30,all,57,19,2026-07-27,2026-08-14,0.6974631578947368,0.9328935354160476,-0.6974631578947368,17,0,40,0,44,13,0,4,53,0
canonical_calculation,common,matched_v2,lag_0,6,16,16,2026-07-27,2026-08-14,1.5488625000000003,1.5802807076592438,-1.5488625000000003,1,2,13,0,16,0,0,1,13,2
canonical_calculation,common,matched_v2,lag_0,12,16,16,2026-07-27,2026-08-14,0.4553062499999998,0.5066604034015285,-0.4553062499999998,3,0,13,0,13,3,0,0,16,0
canonical_calculation,common,matched_v2,lag_0,24,16,16,2026-07-27,2026-08-14,0.2332624999999996,0.2830854839973252,-0.2332624999999996,9,0,7,0,7,9,0,0,16,0
canonical_calculation,common,matched_v2,lag_0,all,48,16,2026-07-27,2026-08-14,0.7458104166666665,0.971961808341768,-0.7458104166666665,13,2,33,0,36,12,0,1,45,2
canonical_calculation,common,matched_v2,unchanged,6,16,16,2026-07-27,2026-08-14,1.49344375,1.533238673731197,-1.49344375,0,0,16,0,16,0,0,0,16,0
canonical_calculation,common,matched_v2,unchanged,12,16,16,2026-07-27,2026-08-14,0.40234999999999954,0.4755714247092643,-0.4019499999999996,3,0,13,0,13,3,0,0,16,0
canonical_calculation,common,matched_v2,unchanged,24,16,16,2026-07-27,2026-08-14,0.20508749999999953,0.264446502151191,-0.20508749999999953,9,0,7,0,7,9,0,0,16,0
canonical_calculation,common,matched_v2,unchanged,all,48,16,2026-07-27,2026-08-14,0.7002937499999997,0.939311975707929,-0.7001604166666664,12,0,36,0,36,12,0,0,48,0
canonical_calculation,common,matched_v2,always_up,6,16,16,2026-07-27,2026-08-14,,,,16,0,0,0,16,0,0,16,0,0
canonical_calculation,common,matched_v2,always_up,12,16,16,2026-07-27,2026-08-14,,,,13,0,0,3,13,3,0,16,0,0
canonical_calculation,common,matched_v2,always_up,24,16,16,2026-07-27,2026-08-14,,,,7,0,0,9,7,9,0,16,0,0
canonical_calculation,common,matched_v2,always_up,all,48,16,2026-07-27,2026-08-14,,,,36,0,0,12,36,12,0,48,0,0
canonical_calculation,common,matched_v2,always_down,6,16,16,2026-07-27,2026-08-14,,,,0,16,0,0,16,0,0,0,0,16
canonical_calculation,common,matched_v2,always_down,12,16,16,2026-07-27,2026-08-14,,,,0,13,0,3,13,3,0,0,0,16
canonical_calculation,common,matched_v2,always_down,24,16,16,2026-07-27,2026-08-14,,,,0,7,0,9,7,9,0,0,0,16
canonical_calculation,common,matched_v2,always_down,all,48,16,2026-07-27,2026-08-14,,,,0,36,0,12,36,12,0,0,0,48
canonical_calculation,common,matched_v2,saved_v2,6,16,16,2026-07-27,2026-08-14,1.5132375000000002,1.5527466506967582,-1.5132375000000002,2,0,14,0,16,0,0,2,14,0
canonical_calculation,common,matched_v2,saved_v2,12,16,16,2026-07-27,2026-08-14,0.5720374999999998,0.6104933885800891,-0.5720374999999998,0,6,7,3,13,3,0,0,7,9
canonical_calculation,common,matched_v2,saved_v2,24,16,16,2026-07-27,2026-08-14,0.3004124999999995,0.34207880488273434,-0.3004124999999995,9,0,7,0,7,9,0,0,16,0
canonical_calculation,common,matched_v2,saved_v2,all,48,16,2026-07-27,2026-08-14,0.7952291666666665,0.9833178949353053,-0.7952291666666665,11,6,28,3,36,12,0,2,37,9
canonical_calculation,common,matched_v2,lag_7,6,16,16,2026-07-27,2026-08-14,1.49295,1.5227440469428866,-1.49295,1,0,15,0,16,0,0,1,15,0
canonical_calculation,common,matched_v2,lag_7,12,16,16,2026-07-27,2026-08-14,0.41521874999999975,0.47971340597798573,-0.41469374999999986,3,0,13,0,13,3,0,0,16,0
canonical_calculation,common,matched_v2,lag_7,24,16,16,2026-07-27,2026-08-14,0.21195624999999974,0.27225209709936116,-0.21195624999999974,9,0,7,0,7,9,0,0,16,0
canonical_calculation,common,matched_v2,lag_7,all,48,16,2026-07-27,2026-08-14,0.7067083333333333,0.9350571441985066,-0.7065333333333332,13,0,35,0,36,12,0,1,47,0
canonical_calculation,common,matched_v2,lag_14,6,16,16,2026-07-27,2026-08-14,1.4624312499999998,1.4932776288671172,-1.4624312499999998,1,0,15,0,16,0,0,1,15,0
canonical_calculation,common,matched_v2,lag_14,12,16,16,2026-07-27,2026-08-14,0.39246249999999994,0.4623707157141332,-0.39246249999999994,3,0,13,0,13,3,0,0,16,0
canonical_calculation,common,matched_v2,lag_14,24,16,16,2026-07-27,2026-08-14,0.20145624999999967,0.26551593525624756,-0.19961874999999973,9,0,7,0,7,9,0,0,16,0
canonical_calculation,common,matched_v2,lag_14,all,48,16,2026-07-27,2026-08-14,0.6854499999999999,0.9154531605531036,-0.6848374999999999,13,0,35,0,36,12,0,1,47,0
canonical_calculation,common,matched_v2,lag_21,6,16,16,2026-07-27,2026-08-14,1.43893125,1.4778128329984823,-1.43893125,1,0,15,0,16,0,0,1,15,0
canonical_calculation,common,matched_v2,lag_21,12,16,16,2026-07-27,2026-08-14,0.38559999999999983,0.45316880684795574,-0.3815749999999999,3,0,13,0,13,3,0,0,16,0
canonical_calculation,common,matched_v2,lag_21,24,16,16,2026-07-27,2026-08-14,0.19674999999999976,0.2511279156127409,-0.19369999999999954,9,0,7,0,7,9,0,0,16,0
canonical_calculation,common,matched_v2,lag_21,all,48,16,2026-07-27,2026-08-14,0.6737604166666665,0.9041308841229792,-0.6714020833333332,13,0,35,0,36,12,0,1,47,0
canonical_calculation,common,matched_v2,lag_30,6,16,16,2026-07-27,2026-08-14,1.4934875,1.533435764060562,-1.4934875,1,0,15,0,16,0,0,1,15,0
canonical_calculation,common,matched_v2,lag_30,12,16,16,2026-07-27,2026-08-14,0.4175812499999998,0.48121040551405336,-0.4175812499999998,3,0,13,0,13,3,0,0,16,0
canonical_calculation,common,matched_v2,lag_30,24,16,16,2026-07-27,2026-08-14,0.2159687499999997,0.26577340795309057,-0.2159687499999997,9,0,7,0,7,9,0,0,16,0
canonical_calculation,common,matched_v2,lag_30,all,48,16,2026-07-27,2026-08-14,0.7090124999999997,0.9405006115982416,-0.7090124999999997,13,0,35,0,36,12,0,1,47,0
